; ###SIMULATION START###
; --- Start Gcode Ends ---
G92 E0 ; Reset extruder position
; Centering print volume (60.00x65.32 mm) on build plate (255.00x210.00 mm) with offset (97.50, 72.34) mm
G0 X98.500 Y72.340 Z5.924 F3000.0 ; Parameter change travel move: V* 0.15->0.40, H* 6.93-> 14.81
G1 X99.500 Y72.340 Z5.924 E0.13061 F382.8 ; V* 0.40, H* 14.81
G1 X100.500 Y72.340 Z5.924 E0.13061 F382.8 ; V* 0.40, H* 14.81
G1 X101.500 Y72.340 Z5.924 E0.13061 F382.8 ; V* 0.40, H* 14.81
G1 X102.500 Y72.340 Z5.924 E0.13061 F382.8 ; V* 0.40, H* 14.81
G1 X103.500 Y72.340 Z5.924 E0.13061 F382.8 ; V* 0.40, H* 14.81
G1 X104.500 Y72.340 Z5.924 E0.13061 F382.8 ; V* 0.40, H* 14.81
G1 X105.500 Y72.340 Z5.924 E0.13061 F382.8 ; V* 0.40, H* 14.81
G1 X106.500 Y72.340 Z5.924 E0.13061 F382.8 ; V* 0.40, H* 14.81
G1 X107.500 Y72.340 Z5.924 E0.13061 F382.8 ; V* 0.40, H* 14.81
G1 X108.500 Y72.340 Z5.924 E0.13061 F382.8 ; V* 0.40, H* 14.81
G1 X109.500 Y72.340 Z5.924 E0.13061 F382.8 ; V* 0.40, H* 14.81
G1 X110.500 Y72.340 Z5.924 E0.13061 F382.8 ; V* 0.40, H* 14.81
G1 X111.500 Y72.340 Z5.924 E0.13061 F382.8 ; V* 0.40, H* 14.81
G0 X112.500 Y72.340 Z2.772 F3000.0 ; Parameter change travel move: V* 0.40->0.15, H* 14.81-> 6.93
G1 X113.500 Y72.340 Z2.772 E0.34830 F143.6 ; V* 0.15, H* 6.93
G1 X114.500 Y72.340 Z2.772 E0.34830 F143.6 ; V* 0.15, H* 6.93
G1 X115.500 Y72.340 Z2.772 E0.34830 F143.6 ; V* 0.15, H* 6.93
G1 X116.500 Y72.340 Z2.772 E0.34830 F143.6 ; V* 0.15, H* 6.93
G1 X117.500 Y72.340 Z2.772 E0.34830 F143.6 ; V* 0.15, H* 6.93
G1 X118.500 Y72.340 Z2.772 E0.34830 F143.6 ; V* 0.15, H* 6.93
G1 X119.500 Y72.340 Z2.772 E0.34830 F143.6 ; V* 0.15, H* 6.93
G1 X120.500 Y72.340 Z2.772 E0.34830 F143.6 ; V* 0.15, H* 6.93
G1 X121.500 Y72.340 Z2.772 E0.34830 F143.6 ; V* 0.15, H* 6.93
G1 X122.500 Y72.340 Z2.772 E0.34830 F143.6 ; V* 0.15, H* 6.93
G1 X123.500 Y72.340 Z2.772 E0.34830 F143.6 ; V* 0.15, H* 6.93
G1 X124.500 Y72.340 Z2.772 E0.34830 F143.6 ; V* 0.15, H* 6.93
G1 X125.500 Y72.340 Z2.772 E0.34830 F143.6 ; V* 0.15, H* 6.93
G1 X126.500 Y72.340 Z2.772 E0.34830 F143.6 ; V* 0.15, H* 6.93
G1 X127.500 Y72.340 Z2.772 E0.34830 F143.6 ; V* 0.15, H* 6.93
G1 X128.500 Y72.340 Z2.772 E0.34830 F143.6 ; V* 0.15, H* 6.93
G1 X129.500 Y72.340 Z2.772 E0.34830 F143.6 ; V* 0.15, H* 6.93
G1 X130.500 Y72.340 Z2.772 E0.34830 F143.6 ; V* 0.15, H* 6.93
G0 X131.500 Y72.340 Z5.924 F3000.0 ; Parameter change travel move: V* 0.15->0.40, H* 6.93-> 14.81
G1 X132.500 Y72.340 Z5.924 E0.13061 F382.8 ; V* 0.40, H* 14.81
G1 X133.500 Y72.340 Z5.924 E0.13061 F382.8 ; V* 0.40, H* 14.81
G1 X134.500 Y72.340 Z5.924 E0.13061 F382.8 ; V* 0.40, H* 14.81
G1 X135.500 Y72.340 Z5.924 E0.13061 F382.8 ; V* 0.40, H* 14.81
G1 X136.500 Y72.340 Z5.924 E0.13061 F382.8 ; V* 0.40, H* 14.81
G1 X137.500 Y72.340 Z5.924 E0.13061 F382.8 ; V* 0.40, H* 14.81
G1 X138.500 Y72.340 Z5.924 E0.13061 F382.8 ; V* 0.40, H* 14.81
G1 X139.500 Y72.340 Z5.924 E0.13061 F382.8 ; V* 0.40, H* 14.81
G1 X140.500 Y72.340 Z5.924 E0.13061 F382.8 ; V* 0.40, H* 14.81
G1 X141.500 Y72.340 Z5.924 E0.13061 F382.8 ; V* 0.40, H* 14.81
G1 X142.500 Y72.340 Z5.924 E0.13061 F382.8 ; V* 0.40, H* 14.81
G1 X143.500 Y72.340 Z5.924 E0.13061 F382.8 ; V* 0.40, H* 14.81
G1 X144.500 Y72.340 Z5.924 E0.13061 F382.8 ; V* 0.40, H* 14.81
G1 X145.500 Y72.340 Z5.924 E0.13061 F382.8 ; V* 0.40, H* 14.81
G1 X146.500 Y72.340 Z5.924 E0.13061 F382.8 ; V* 0.40, H* 14.81
G1 X147.500 Y72.340 Z5.924 E0.13061 F382.8 ; V* 0.40, H* 14.81
G1 X148.500 Y72.340 Z5.924 E0.13061 F382.8 ; V* 0.40, H* 14.81
G1 X149.500 Y72.340 Z5.924 E0.13061 F382.8 ; V* 0.40, H* 14.81
G1 X150.500 Y72.340 Z5.924 E0.13061 F382.8 ; V* 0.40, H* 14.81
G1 X151.500 Y72.340 Z5.924 E0.13061 F382.8 ; V* 0.40, H* 14.81
G1 X152.500 Y72.340 Z5.924 E0.13061 F382.8 ; V* 0.40, H* 14.81
G1 X153.500 Y72.340 Z5.924 E0.13061 F382.8 ; V* 0.40, H* 14.81
G1 X154.500 Y72.340 Z5.924 E0.13061 F382.8 ; V* 0.40, H* 14.81
G1 X155.500 Y72.340 Z5.924 E0.13061 F382.8 ; V* 0.40, H* 14.81
G1 X156.500 Y72.340 Z5.924 E0.13061 F382.8 ; V* 0.40, H* 14.81
G1 X157.500 Y72.340 Z5.924 E0.13061 F382.8 ; V* 0.40, H* 14.81
G1 X157.500 Y73.340 Z5.924 E0.13061 F382.8 ; V* 0.40, H* 14.81
G1 X157.500 Y73.540 Z5.924 E0.02612 F382.8 ; V* 0.40, H* 14.81
G1 X156.500 Y73.540 Z5.924 E0.13061 F382.8 ; V* 0.40, H* 14.81
G1 X155.500 Y73.540 Z5.924 E0.13061 F382.8 ; V* 0.40, H* 14.81
G1 X154.500 Y73.540 Z5.924 E0.13061 F382.8 ; V* 0.40, H* 14.81
G1 X153.500 Y73.540 Z5.924 E0.13061 F382.8 ; V* 0.40, H* 14.81
G1 X152.500 Y73.540 Z5.924 E0.13061 F382.8 ; V* 0.40, H* 14.81
G1 X151.500 Y73.540 Z5.924 E0.13061 F382.8 ; V* 0.40, H* 14.81
G1 X150.500 Y73.540 Z5.924 E0.13061 F382.8 ; V* 0.40, H* 14.81
G1 X149.500 Y73.540 Z5.924 E0.13061 F382.8 ; V* 0.40, H* 14.81
G1 X148.500 Y73.540 Z5.924 E0.13061 F382.8 ; V* 0.40, H* 14.81
G1 X147.500 Y73.540 Z5.924 E0.13061 F382.8 ; V* 0.40, H* 14.81
G1 X146.500 Y73.540 Z5.924 E0.13061 F382.8 ; V* 0.40, H* 14.81
G1 X145.500 Y73.540 Z5.924 E0.13061 F382.8 ; V* 0.40, H* 14.81
G1 X144.500 Y73.540 Z5.924 E0.13061 F382.8 ; V* 0.40, H* 14.81
G1 X143.500 Y73.540 Z5.924 E0.13061 F382.8 ; V* 0.40, H* 14.81
G1 X142.500 Y73.540 Z5.924 E0.13061 F382.8 ; V* 0.40, H* 14.81
G1 X141.500 Y73.540 Z5.924 E0.13061 F382.8 ; V* 0.40, H* 14.81
G1 X140.500 Y73.540 Z5.924 E0.13061 F382.8 ; V* 0.40, H* 14.81
G1 X139.500 Y73.540 Z5.924 E0.13061 F382.8 ; V* 0.40, H* 14.81
G1 X138.500 Y73.540 Z5.924 E0.13061 F382.8 ; V* 0.40, H* 14.81
G1 X137.500 Y73.540 Z5.924 E0.13061 F382.8 ; V* 0.40, H* 14.81
G1 X136.500 Y73.540 Z5.924 E0.13061 F382.8 ; V* 0.40, H* 14.81
G1 X135.500 Y73.540 Z5.924 E0.13061 F382.8 ; V* 0.40, H* 14.81
G1 X134.500 Y73.540 Z5.924 E0.13061 F382.8 ; V* 0.40, H* 14.81
G0 X133.500 Y73.540 Z2.772 F3000.0 ; Parameter change travel move: V* 0.40->0.15, H* 14.81-> 6.93
G1 X132.500 Y73.540 Z2.772 E0.34830 F143.6 ; V* 0.15, H* 6.93
G1 X131.500 Y73.540 Z2.772 E0.34830 F143.6 ; V* 0.15, H* 6.93
G1 X130.500 Y73.540 Z2.772 E0.34830 F143.6 ; V* 0.15, H* 6.93
G1 X129.500 Y73.540 Z2.772 E0.34830 F143.6 ; V* 0.15, H* 6.93
G1 X128.500 Y73.540 Z2.772 E0.34830 F143.6 ; V* 0.15, H* 6.93
G1 X127.500 Y73.540 Z2.772 E0.34830 F143.6 ; V* 0.15, H* 6.93
G1 X126.500 Y73.540 Z2.772 E0.34830 F143.6 ; V* 0.15, H* 6.93
G1 X125.500 Y73.540 Z2.772 E0.34830 F143.6 ; V* 0.15, H* 6.93
G1 X124.500 Y73.540 Z2.772 E0.34830 F143.6 ; V* 0.15, H* 6.93
G1 X123.500 Y73.540 Z2.772 E0.34830 F143.6 ; V* 0.15, H* 6.93
G1 X122.500 Y73.540 Z2.772 E0.34830 F143.6 ; V* 0.15, H* 6.93
G1 X121.500 Y73.540 Z2.772 E0.34830 F143.6 ; V* 0.15, H* 6.93
G1 X120.500 Y73.540 Z2.772 E0.34830 F143.6 ; V* 0.15, H* 6.93
G1 X119.500 Y73.540 Z2.772 E0.34830 F143.6 ; V* 0.15, H* 6.93
G1 X118.500 Y73.540 Z2.772 E0.34830 F143.6 ; V* 0.15, H* 6.93
G1 X117.500 Y73.540 Z2.772 E0.34830 F143.6 ; V* 0.15, H* 6.93
G1 X116.500 Y73.540 Z2.772 E0.34830 F143.6 ; V* 0.15, H* 6.93
G1 X115.500 Y73.540 Z2.772 E0.34830 F143.6 ; V* 0.15, H* 6.93
G1 X114.500 Y73.540 Z2.772 E0.34830 F143.6 ; V* 0.15, H* 6.93
G1 X113.500 Y73.540 Z2.772 E0.34830 F143.6 ; V* 0.15, H* 6.93
G1 X112.500 Y73.540 Z2.772 E0.34830 F143.6 ; V* 0.15, H* 6.93
G1 X111.500 Y73.540 Z2.772 E0.34830 F143.6 ; V* 0.15, H* 6.93
G1 X110.500 Y73.540 Z2.772 E0.34830 F143.6 ; V* 0.15, H* 6.93
G1 X109.500 Y73.540 Z2.772 E0.34830 F143.6 ; V* 0.15, H* 6.93
G1 X108.500 Y73.540 Z2.772 E0.34830 F143.6 ; V* 0.15, H* 6.93
G1 X107.500 Y73.540 Z2.772 E0.34830 F143.6 ; V* 0.15, H* 6.93
G1 X106.500 Y73.540 Z2.772 E0.34830 F143.6 ; V* 0.15, H* 6.93
G1 X105.500 Y73.540 Z2.772 E0.34830 F143.6 ; V* 0.15, H* 6.93
G0 X104.500 Y73.540 Z5.924 F3000.0 ; Parameter change travel move: V* 0.15->0.40, H* 6.93-> 14.81
G1 X103.500 Y73.540 Z5.924 E0.13061 F382.8 ; V* 0.40, H* 14.81
G1 X102.500 Y73.540 Z5.924 E0.13061 F382.8 ; V* 0.40, H* 14.81
G1 X101.500 Y73.540 Z5.924 E0.13061 F382.8 ; V* 0.40, H* 14.81
G1 X100.500 Y73.540 Z5.924 E0.13061 F382.8 ; V* 0.40, H* 14.81
G1 X99.500 Y73.540 Z5.924 E0.13061 F382.8 ; V* 0.40, H* 14.81
G1 X98.500 Y73.540 Z5.924 E0.13061 F382.8 ; V* 0.40, H* 14.81
G1 X97.500 Y73.540 Z5.924 E0.13061 F382.8 ; V* 0.40, H* 14.81
G1 X97.500 Y74.540 Z5.924 E0.13061 F382.8 ; V* 0.40, H* 14.81
G1 X97.500 Y74.740 Z5.924 E0.02612 F382.8 ; V* 0.40, H* 14.81
G1 X98.500 Y74.740 Z5.924 E0.13061 F382.8 ; V* 0.40, H* 14.81
G1 X99.500 Y74.740 Z5.924 E0.13061 F382.8 ; V* 0.40, H* 14.81
G1 X100.500 Y74.740 Z5.924 E0.13061 F382.8 ; V* 0.40, H* 14.81
G0 X101.500 Y74.740 Z2.772 F3000.0 ; Parameter change travel move: V* 0.40->0.15, H* 14.81-> 6.93
G1 X102.500 Y74.740 Z2.772 E0.34830 F143.6 ; V* 0.15, H* 6.93
G1 X103.500 Y74.740 Z2.772 E0.34830 F143.6 ; V* 0.15, H* 6.93
G1 X104.500 Y74.740 Z2.772 E0.34830 F143.6 ; V* 0.15, H* 6.93
G1 X105.500 Y74.740 Z2.772 E0.34830 F143.6 ; V* 0.15, H* 6.93
G1 X106.500 Y74.740 Z2.772 E0.34830 F143.6 ; V* 0.15, H* 6.93
G1 X107.500 Y74.740 Z2.772 E0.34830 F143.6 ; V* 0.15, H* 6.93
G1 X108.500 Y74.740 Z2.772 E0.34830 F143.6 ; V* 0.15, H* 6.93
G1 X109.500 Y74.740 Z2.772 E0.34830 F143.6 ; V* 0.15, H* 6.93
G1 X110.500 Y74.740 Z2.772 E0.34830 F143.6 ; V* 0.15, H* 6.93
G1 X111.500 Y74.740 Z2.772 E0.34830 F143.6 ; V* 0.15, H* 6.93
G1 X112.500 Y74.740 Z2.772 E0.34830 F143.6 ; V* 0.15, H* 6.93
G1 X113.500 Y74.740 Z2.772 E0.34830 F143.6 ; V* 0.15, H* 6.93
G1 X114.500 Y74.740 Z2.772 E0.34830 F143.6 ; V* 0.15, H* 6.93
G1 X115.500 Y74.740 Z2.772 E0.34830 F143.6 ; V* 0.15, H* 6.93
G1 X116.500 Y74.740 Z2.772 E0.34830 F143.6 ; V* 0.15, H* 6.93
G1 X117.500 Y74.740 Z2.772 E0.34830 F143.6 ; V* 0.15, H* 6.93
G1 X118.500 Y74.740 Z2.772 E0.34830 F143.6 ; V* 0.15, H* 6.93
G1 X119.500 Y74.740 Z2.772 E0.34830 F143.6 ; V* 0.15, H* 6.93
G1 X120.500 Y74.740 Z2.772 E0.34830 F143.6 ; V* 0.15, H* 6.93
G1 X121.500 Y74.740 Z2.772 E0.34830 F143.6 ; V* 0.15, H* 6.93
G1 X122.500 Y74.740 Z2.772 E0.34830 F143.6 ; V* 0.15, H* 6.93
G1 X123.500 Y74.740 Z2.772 E0.34830 F143.6 ; V* 0.15, H* 6.93
G1 X124.500 Y74.740 Z2.772 E0.34830 F143.6 ; V* 0.15, H* 6.93
G1 X125.500 Y74.740 Z2.772 E0.34830 F143.6 ; V* 0.15, H* 6.93
G1 X126.500 Y74.740 Z2.772 E0.34830 F143.6 ; V* 0.15, H* 6.93
G1 X127.500 Y74.740 Z2.772 E0.34830 F143.6 ; V* 0.15, H* 6.93
G1 X128.500 Y74.740 Z2.772 E0.34830 F143.6 ; V* 0.15, H* 6.93
G1 X129.500 Y74.740 Z2.772 E0.34830 F143.6 ; V* 0.15, H* 6.93
G1 X130.500 Y74.740 Z2.772 E0.34830 F143.6 ; V* 0.15, H* 6.93
G1 X131.500 Y74.740 Z2.772 E0.34830 F143.6 ; V* 0.15, H* 6.93
G1 X132.500 Y74.740 Z2.772 E0.34830 F143.6 ; V* 0.15, H* 6.93
G1 X133.500 Y74.740 Z2.772 E0.34830 F143.6 ; V* 0.15, H* 6.93
G1 X134.500 Y74.740 Z2.772 E0.34830 F143.6 ; V* 0.15, H* 6.93
G1 X135.500 Y74.740 Z2.772 E0.34830 F143.6 ; V* 0.15, H* 6.93
G1 X136.500 Y74.740 Z2.772 E0.34830 F143.6 ; V* 0.15, H* 6.93
G0 X137.500 Y74.740 Z5.924 F3000.0 ; Parameter change travel move: V* 0.15->0.40, H* 6.93-> 14.81
G1 X138.500 Y74.740 Z5.924 E0.13061 F382.8 ; V* 0.40, H* 14.81
G1 X139.500 Y74.740 Z5.924 E0.13061 F382.8 ; V* 0.40, H* 14.81
G1 X140.500 Y74.740 Z5.924 E0.13061 F382.8 ; V* 0.40, H* 14.81
G1 X141.500 Y74.740 Z5.924 E0.13061 F382.8 ; V* 0.40, H* 14.81
G1 X142.500 Y74.740 Z5.924 E0.13061 F382.8 ; V* 0.40, H* 14.81
G1 X143.500 Y74.740 Z5.924 E0.13061 F382.8 ; V* 0.40, H* 14.81
G1 X144.500 Y74.740 Z5.924 E0.13061 F382.8 ; V* 0.40, H* 14.81
G1 X145.500 Y74.740 Z5.924 E0.13061 F382.8 ; V* 0.40, H* 14.81
G1 X146.500 Y74.740 Z5.924 E0.13061 F382.8 ; V* 0.40, H* 14.81
G1 X147.500 Y74.740 Z5.924 E0.13061 F382.8 ; V* 0.40, H* 14.81
G1 X148.500 Y74.740 Z5.924 E0.13061 F382.8 ; V* 0.40, H* 14.81
G1 X149.500 Y74.740 Z5.924 E0.13061 F382.8 ; V* 0.40, H* 14.81
G1 X150.500 Y74.740 Z5.924 E0.13061 F382.8 ; V* 0.40, H* 14.81
G1 X151.500 Y74.740 Z5.924 E0.13061 F382.8 ; V* 0.40, H* 14.81
G1 X152.500 Y74.740 Z5.924 E0.13061 F382.8 ; V* 0.40, H* 14.81
G1 X153.500 Y74.740 Z5.924 E0.13061 F382.8 ; V* 0.40, H* 14.81
G1 X154.500 Y74.740 Z5.924 E0.13061 F382.8 ; V* 0.40, H* 14.81
G1 X155.500 Y74.740 Z5.924 E0.13061 F382.8 ; V* 0.40, H* 14.81
G1 X156.500 Y74.740 Z5.924 E0.13061 F382.8 ; V* 0.40, H* 14.81
G1 X157.500 Y74.740 Z5.924 E0.13061 F382.8 ; V* 0.40, H* 14.81
G1 X157.500 Y75.740 Z5.924 E0.13061 F382.8 ; V* 0.40, H* 14.81
G1 X157.500 Y75.940 Z5.924 E0.02612 F382.8 ; V* 0.40, H* 14.81
G1 X156.500 Y75.940 Z5.924 E0.13061 F382.8 ; V* 0.40, H* 14.81
G1 X155.500 Y75.940 Z5.924 E0.13061 F382.8 ; V* 0.40, H* 14.81
G1 X154.500 Y75.940 Z5.924 E0.13061 F382.8 ; V* 0.40, H* 14.81
G1 X153.500 Y75.940 Z5.924 E0.13061 F382.8 ; V* 0.40, H* 14.81
G1 X152.500 Y75.940 Z5.924 E0.13061 F382.8 ; V* 0.40, H* 14.81
G1 X151.500 Y75.940 Z5.924 E0.13061 F382.8 ; V* 0.40, H* 14.81
G1 X150.500 Y75.940 Z5.924 E0.13061 F382.8 ; V* 0.40, H* 14.81
G1 X149.500 Y75.940 Z5.924 E0.13061 F382.8 ; V* 0.40, H* 14.81
G1 X148.500 Y75.940 Z5.924 E0.13061 F382.8 ; V* 0.40, H* 14.81
G1 X147.500 Y75.940 Z5.924 E0.13061 F382.8 ; V* 0.40, H* 14.81
G1 X146.500 Y75.940 Z5.924 E0.13061 F382.8 ; V* 0.40, H* 14.81
G1 X145.500 Y75.940 Z5.924 E0.13061 F382.8 ; V* 0.40, H* 14.81
G1 X144.500 Y75.940 Z5.924 E0.13061 F382.8 ; V* 0.40, H* 14.81
G1 X143.500 Y75.940 Z5.924 E0.13061 F382.8 ; V* 0.40, H* 14.81
G1 X142.500 Y75.940 Z5.924 E0.13061 F382.8 ; V* 0.40, H* 14.81
G1 X141.500 Y75.940 Z5.924 E0.13061 F382.8 ; V* 0.40, H* 14.81
G1 X140.500 Y75.940 Z5.924 E0.13061 F382.8 ; V* 0.40, H* 14.81
G0 X139.500 Y75.940 Z2.772 F3000.0 ; Parameter change travel move: V* 0.40->0.15, H* 14.81-> 6.93
G1 X138.500 Y75.940 Z2.772 E0.34830 F143.6 ; V* 0.15, H* 6.93
G1 X137.500 Y75.940 Z2.772 E0.34830 F143.6 ; V* 0.15, H* 6.93
G1 X136.500 Y75.940 Z2.772 E0.34830 F143.6 ; V* 0.15, H* 6.93
G1 X135.500 Y75.940 Z2.772 E0.34830 F143.6 ; V* 0.15, H* 6.93
G1 X134.500 Y75.940 Z2.772 E0.34830 F143.6 ; V* 0.15, H* 6.93
G1 X133.500 Y75.940 Z2.772 E0.34830 F143.6 ; V* 0.15, H* 6.93
G1 X132.500 Y75.940 Z2.772 E0.34830 F143.6 ; V* 0.15, H* 6.93
G1 X131.500 Y75.940 Z2.772 E0.34830 F143.6 ; V* 0.15, H* 6.93
G1 X130.500 Y75.940 Z2.772 E0.34830 F143.6 ; V* 0.15, H* 6.93
G1 X129.500 Y75.940 Z2.772 E0.34830 F143.6 ; V* 0.15, H* 6.93
G1 X128.500 Y75.940 Z2.772 E0.34830 F143.6 ; V* 0.15, H* 6.93
G1 X127.500 Y75.940 Z2.772 E0.34830 F143.6 ; V* 0.15, H* 6.93
G1 X126.500 Y75.940 Z2.772 E0.34830 F143.6 ; V* 0.15, H* 6.93
G1 X125.500 Y75.940 Z2.772 E0.34830 F143.6 ; V* 0.15, H* 6.93
G1 X124.500 Y75.940 Z2.772 E0.34830 F143.6 ; V* 0.15, H* 6.93
G1 X123.500 Y75.940 Z2.772 E0.34830 F143.6 ; V* 0.15, H* 6.93
G1 X122.500 Y75.940 Z2.772 E0.34830 F143.6 ; V* 0.15, H* 6.93
G1 X121.500 Y75.940 Z2.772 E0.34830 F143.6 ; V* 0.15, H* 6.93
G1 X120.500 Y75.940 Z2.772 E0.34830 F143.6 ; V* 0.15, H* 6.93
G1 X119.500 Y75.940 Z2.772 E0.34830 F143.6 ; V* 0.15, H* 6.93
G1 X118.500 Y75.940 Z2.772 E0.34830 F143.6 ; V* 0.15, H* 6.93
G1 X117.500 Y75.940 Z2.772 E0.34830 F143.6 ; V* 0.15, H* 6.93
G1 X116.500 Y75.940 Z2.772 E0.34830 F143.6 ; V* 0.15, H* 6.93
G1 X115.500 Y75.940 Z2.772 E0.34830 F143.6 ; V* 0.15, H* 6.93
G1 X114.500 Y75.940 Z2.772 E0.34830 F143.6 ; V* 0.15, H* 6.93
G1 X113.500 Y75.940 Z2.772 E0.34830 F143.6 ; V* 0.15, H* 6.93
G1 X112.500 Y75.940 Z2.772 E0.34830 F143.6 ; V* 0.15, H* 6.93
G1 X111.500 Y75.940 Z2.772 E0.34830 F143.6 ; V* 0.15, H* 6.93
G1 X110.500 Y75.940 Z2.772 E0.34830 F143.6 ; V* 0.15, H* 6.93
G1 X109.500 Y75.940 Z2.772 E0.34830 F143.6 ; V* 0.15, H* 6.93
G1 X108.500 Y75.940 Z2.772 E0.34830 F143.6 ; V* 0.15, H* 6.93
G1 X107.500 Y75.940 Z2.772 E0.34830 F143.6 ; V* 0.15, H* 6.93
G1 X106.500 Y75.940 Z2.772 E0.34830 F143.6 ; V* 0.15, H* 6.93
G1 X105.500 Y75.940 Z2.772 E0.34830 F143.6 ; V* 0.15, H* 6.93
G1 X104.500 Y75.940 Z2.772 E0.34830 F143.6 ; V* 0.15, H* 6.93
G1 X103.500 Y75.940 Z2.772 E0.34830 F143.6 ; V* 0.15, H* 6.93
G1 X102.500 Y75.940 Z2.772 E0.34830 F143.6 ; V* 0.15, H* 6.93
G1 X101.500 Y75.940 Z2.772 E0.34830 F143.6 ; V* 0.15, H* 6.93
G1 X100.500 Y75.940 Z2.772 E0.34830 F143.6 ; V* 0.15, H* 6.93
G1 X99.500 Y75.940 Z2.772 E0.34830 F143.6 ; V* 0.15, H* 6.93
G0 X98.500 Y75.940 Z5.924 F3000.0 ; Parameter change travel move: V* 0.15->0.40, H* 6.93-> 14.81
G1 X97.500 Y75.940 Z5.924 E0.13061 F382.8 ; V* 0.40, H* 14.81
G1 X97.500 Y76.940 Z5.924 E0.13061 F382.8 ; V* 0.40, H* 14.81
G1 X97.500 Y77.140 Z5.924 E0.02612 F382.8 ; V* 0.40, H* 14.81
G0 X98.500 Y77.140 Z2.772 F3000.0 ; Parameter change travel move: V* 0.40->0.15, H* 14.81-> 6.93
G1 X99.500 Y77.140 Z2.772 E0.34830 F143.6 ; V* 0.15, H* 6.93
G1 X100.500 Y77.140 Z2.772 E0.34830 F143.6 ; V* 0.15, H* 6.93
G1 X101.500 Y77.140 Z2.772 E0.34830 F143.6 ; V* 0.15, H* 6.93
G1 X102.500 Y77.140 Z2.772 E0.34830 F143.6 ; V* 0.15, H* 6.93
G1 X103.500 Y77.140 Z2.772 E0.34830 F143.6 ; V* 0.15, H* 6.93
G1 X104.500 Y77.140 Z2.772 E0.34830 F143.6 ; V* 0.15, H* 6.93
G1 X105.500 Y77.140 Z2.772 E0.34830 F143.6 ; V* 0.15, H* 6.93
G1 X106.500 Y77.140 Z2.772 E0.34830 F143.6 ; V* 0.15, H* 6.93
G1 X107.500 Y77.140 Z2.772 E0.34830 F143.6 ; V* 0.15, H* 6.93
G1 X108.500 Y77.140 Z2.772 E0.34830 F143.6 ; V* 0.15, H* 6.93
G1 X109.500 Y77.140 Z2.772 E0.34830 F143.6 ; V* 0.15, H* 6.93
G1 X110.500 Y77.140 Z2.772 E0.34830 F143.6 ; V* 0.15, H* 6.93
G1 X111.500 Y77.140 Z2.772 E0.34830 F143.6 ; V* 0.15, H* 6.93
G1 X112.500 Y77.140 Z2.772 E0.34830 F143.6 ; V* 0.15, H* 6.93
G1 X113.500 Y77.140 Z2.772 E0.34830 F143.6 ; V* 0.15, H* 6.93
G1 X114.500 Y77.140 Z2.772 E0.34830 F143.6 ; V* 0.15, H* 6.93
G1 X115.500 Y77.140 Z2.772 E0.34830 F143.6 ; V* 0.15, H* 6.93
G1 X116.500 Y77.140 Z2.772 E0.34830 F143.6 ; V* 0.15, H* 6.93
G1 X117.500 Y77.140 Z2.772 E0.34830 F143.6 ; V* 0.15, H* 6.93
G1 X118.500 Y77.140 Z2.772 E0.34830 F143.6 ; V* 0.15, H* 6.93
G1 X119.500 Y77.140 Z2.772 E0.34830 F143.6 ; V* 0.15, H* 6.93
G1 X120.500 Y77.140 Z2.772 E0.34830 F143.6 ; V* 0.15, H* 6.93
G1 X121.500 Y77.140 Z2.772 E0.34830 F143.6 ; V* 0.15, H* 6.93
G1 X122.500 Y77.140 Z2.772 E0.34830 F143.6 ; V* 0.15, H* 6.93
G1 X123.500 Y77.140 Z2.772 E0.34830 F143.6 ; V* 0.15, H* 6.93
G1 X124.500 Y77.140 Z2.772 E0.34830 F143.6 ; V* 0.15, H* 6.93
G1 X125.500 Y77.140 Z2.772 E0.34830 F143.6 ; V* 0.15, H* 6.93
G1 X126.500 Y77.140 Z2.772 E0.34830 F143.6 ; V* 0.15, H* 6.93
G1 X127.500 Y77.140 Z2.772 E0.34830 F143.6 ; V* 0.15, H* 6.93
G1 X128.500 Y77.140 Z2.772 E0.34830 F143.6 ; V* 0.15, H* 6.93
G1 X129.500 Y77.140 Z2.772 E0.34830 F143.6 ; V* 0.15, H* 6.93
G1 X130.500 Y77.140 Z2.772 E0.34830 F143.6 ; V* 0.15, H* 6.93
G1 X131.500 Y77.140 Z2.772 E0.34830 F143.6 ; V* 0.15, H* 6.93
G1 X132.500 Y77.140 Z2.772 E0.34830 F143.6 ; V* 0.15, H* 6.93
G1 X133.500 Y77.140 Z2.772 E0.34830 F143.6 ; V* 0.15, H* 6.93
G1 X134.500 Y77.140 Z2.772 E0.34830 F143.6 ; V* 0.15, H* 6.93
G1 X135.500 Y77.140 Z2.772 E0.34830 F143.6 ; V* 0.15, H* 6.93
G1 X136.500 Y77.140 Z2.772 E0.34830 F143.6 ; V* 0.15, H* 6.93
G1 X137.500 Y77.140 Z2.772 E0.34830 F143.6 ; V* 0.15, H* 6.93
G1 X138.500 Y77.140 Z2.772 E0.34830 F143.6 ; V* 0.15, H* 6.93
G1 X139.500 Y77.140 Z2.772 E0.34830 F143.6 ; V* 0.15, H* 6.93
G1 X140.500 Y77.140 Z2.772 E0.34830 F143.6 ; V* 0.15, H* 6.93
G1 X141.500 Y77.140 Z2.772 E0.34830 F143.6 ; V* 0.15, H* 6.93
G1 X142.500 Y77.140 Z2.772 E0.34830 F143.6 ; V* 0.15, H* 6.93
G0 X143.500 Y77.140 Z5.924 F3000.0 ; Parameter change travel move: V* 0.15->0.40, H* 6.93-> 14.81
G1 X144.500 Y77.140 Z5.924 E0.13061 F382.8 ; V* 0.40, H* 14.81
G1 X145.500 Y77.140 Z5.924 E0.13061 F382.8 ; V* 0.40, H* 14.81
G1 X146.500 Y77.140 Z5.924 E0.13061 F382.8 ; V* 0.40, H* 14.81
G1 X147.500 Y77.140 Z5.924 E0.13061 F382.8 ; V* 0.40, H* 14.81
G1 X148.500 Y77.140 Z5.924 E0.13061 F382.8 ; V* 0.40, H* 14.81
G1 X149.500 Y77.140 Z5.924 E0.13061 F382.8 ; V* 0.40, H* 14.81
G1 X150.500 Y77.140 Z5.924 E0.13061 F382.8 ; V* 0.40, H* 14.81
G1 X151.500 Y77.140 Z5.924 E0.13061 F382.8 ; V* 0.40, H* 14.81
G1 X152.500 Y77.140 Z5.924 E0.13061 F382.8 ; V* 0.40, H* 14.81
G1 X153.500 Y77.140 Z5.924 E0.13061 F382.8 ; V* 0.40, H* 14.81
G1 X154.500 Y77.140 Z5.924 E0.13061 F382.8 ; V* 0.40, H* 14.81
G1 X155.500 Y77.140 Z5.924 E0.13061 F382.8 ; V* 0.40, H* 14.81
G1 X156.500 Y77.140 Z5.924 E0.13061 F382.8 ; V* 0.40, H* 14.81
G1 X157.500 Y77.140 Z5.924 E0.13061 F382.8 ; V* 0.40, H* 14.81
G1 X157.500 Y78.140 Z5.924 E0.13061 F382.8 ; V* 0.40, H* 14.81
G1 X157.500 Y78.340 Z5.924 E0.02612 F382.8 ; V* 0.40, H* 14.81
G1 X156.500 Y78.340 Z5.924 E0.13061 F382.8 ; V* 0.40, H* 14.81
G1 X155.500 Y78.340 Z5.924 E0.13061 F382.8 ; V* 0.40, H* 14.81
G1 X154.500 Y78.340 Z5.924 E0.13061 F382.8 ; V* 0.40, H* 14.81
G1 X153.500 Y78.340 Z5.924 E0.13061 F382.8 ; V* 0.40, H* 14.81
G1 X152.500 Y78.340 Z5.924 E0.13061 F382.8 ; V* 0.40, H* 14.81
G1 X151.500 Y78.340 Z5.924 E0.13061 F382.8 ; V* 0.40, H* 14.81
G1 X150.500 Y78.340 Z5.924 E0.13061 F382.8 ; V* 0.40, H* 14.81
G1 X149.500 Y78.340 Z5.924 E0.13061 F382.8 ; V* 0.40, H* 14.81
G1 X148.500 Y78.340 Z5.924 E0.13061 F382.8 ; V* 0.40, H* 14.81
G1 X147.500 Y78.340 Z5.924 E0.13061 F382.8 ; V* 0.40, H* 14.81
G1 X146.500 Y78.340 Z5.924 E0.13061 F382.8 ; V* 0.40, H* 14.81
G1 X145.500 Y78.340 Z5.924 E0.13061 F382.8 ; V* 0.40, H* 14.81
G0 X144.500 Y78.340 Z2.772 F3000.0 ; Parameter change travel move: V* 0.40->0.15, H* 14.81-> 6.93
G1 X143.500 Y78.340 Z2.772 E0.34830 F143.6 ; V* 0.15, H* 6.93
G1 X142.500 Y78.340 Z2.772 E0.34830 F143.6 ; V* 0.15, H* 6.93
G1 X141.500 Y78.340 Z2.772 E0.34830 F143.6 ; V* 0.15, H* 6.93
G1 X140.500 Y78.340 Z2.772 E0.34830 F143.6 ; V* 0.15, H* 6.93
G1 X139.500 Y78.340 Z2.772 E0.34830 F143.6 ; V* 0.15, H* 6.93
G1 X138.500 Y78.340 Z2.772 E0.34830 F143.6 ; V* 0.15, H* 6.93
G1 X137.500 Y78.340 Z2.772 E0.34830 F143.6 ; V* 0.15, H* 6.93
G1 X136.500 Y78.340 Z2.772 E0.34830 F143.6 ; V* 0.15, H* 6.93
G1 X135.500 Y78.340 Z2.772 E0.34830 F143.6 ; V* 0.15, H* 6.93
G1 X134.500 Y78.340 Z2.772 E0.34830 F143.6 ; V* 0.15, H* 6.93
G1 X133.500 Y78.340 Z2.772 E0.34830 F143.6 ; V* 0.15, H* 6.93
G1 X132.500 Y78.340 Z2.772 E0.34830 F143.6 ; V* 0.15, H* 6.93
G1 X131.500 Y78.340 Z2.772 E0.34830 F143.6 ; V* 0.15, H* 6.93
G1 X130.500 Y78.340 Z2.772 E0.34830 F143.6 ; V* 0.15, H* 6.93
G1 X129.500 Y78.340 Z2.772 E0.34830 F143.6 ; V* 0.15, H* 6.93
G1 X128.500 Y78.340 Z2.772 E0.34830 F143.6 ; V* 0.15, H* 6.93
G1 X127.500 Y78.340 Z2.772 E0.34830 F143.6 ; V* 0.15, H* 6.93
G1 X126.500 Y78.340 Z2.772 E0.34830 F143.6 ; V* 0.15, H* 6.93
G1 X125.500 Y78.340 Z2.772 E0.34830 F143.6 ; V* 0.15, H* 6.93
G1 X124.500 Y78.340 Z2.772 E0.34830 F143.6 ; V* 0.15, H* 6.93
G1 X123.500 Y78.340 Z2.772 E0.34830 F143.6 ; V* 0.15, H* 6.93
G1 X122.500 Y78.340 Z2.772 E0.34830 F143.6 ; V* 0.15, H* 6.93
G1 X121.500 Y78.340 Z2.772 E0.34830 F143.6 ; V* 0.15, H* 6.93
G1 X120.500 Y78.340 Z2.772 E0.34830 F143.6 ; V* 0.15, H* 6.93
G1 X119.500 Y78.340 Z2.772 E0.34830 F143.6 ; V* 0.15, H* 6.93
G1 X118.500 Y78.340 Z2.772 E0.34830 F143.6 ; V* 0.15, H* 6.93
G1 X117.500 Y78.340 Z2.772 E0.34830 F143.6 ; V* 0.15, H* 6.93
G1 X116.500 Y78.340 Z2.772 E0.34830 F143.6 ; V* 0.15, H* 6.93
G1 X115.500 Y78.340 Z2.772 E0.34830 F143.6 ; V* 0.15, H* 6.93
G1 X114.500 Y78.340 Z2.772 E0.34830 F143.6 ; V* 0.15, H* 6.93
G1 X113.500 Y78.340 Z2.772 E0.34830 F143.6 ; V* 0.15, H* 6.93
G1 X112.500 Y78.340 Z2.772 E0.34830 F143.6 ; V* 0.15, H* 6.93
G1 X111.500 Y78.340 Z2.772 E0.34830 F143.6 ; V* 0.15, H* 6.93
G1 X110.500 Y78.340 Z2.772 E0.34830 F143.6 ; V* 0.15, H* 6.93
G1 X109.500 Y78.340 Z2.772 E0.34830 F143.6 ; V* 0.15, H* 6.93
G1 X108.500 Y78.340 Z2.772 E0.34830 F143.6 ; V* 0.15, H* 6.93
G1 X107.500 Y78.340 Z2.772 E0.34830 F143.6 ; V* 0.15, H* 6.93
G1 X106.500 Y78.340 Z2.772 E0.34830 F143.6 ; V* 0.15, H* 6.93
G1 X105.500 Y78.340 Z2.772 E0.34830 F143.6 ; V* 0.15, H* 6.93
G1 X104.500 Y78.340 Z2.772 E0.34830 F143.6 ; V* 0.15, H* 6.93
G1 X103.500 Y78.340 Z2.772 E0.34830 F143.6 ; V* 0.15, H* 6.93
G1 X102.500 Y78.340 Z2.772 E0.34830 F143.6 ; V* 0.15, H* 6.93
G1 X101.500 Y78.340 Z2.772 E0.34830 F143.6 ; V* 0.15, H* 6.93
G1 X100.500 Y78.340 Z2.772 E0.34830 F143.6 ; V* 0.15, H* 6.93
G1 X99.500 Y78.340 Z2.772 E0.34830 F143.6 ; V* 0.15, H* 6.93
G1 X98.500 Y78.340 Z2.772 E0.34830 F143.6 ; V* 0.15, H* 6.93
G0 X97.500 Y78.340 Z5.924 F3000.0 ; Parameter change travel move: V* 0.15->0.40, H* 6.93-> 14.81
G1 X97.500 Y79.340 Z5.924 E0.13061 F382.8 ; V* 0.40, H* 14.81
G1 X97.500 Y79.540 Z5.924 E0.02612 F382.8 ; V* 0.40, H* 14.81
G0 X98.500 Y79.540 Z2.772 F3000.0 ; Parameter change travel move: V* 0.40->0.15, H* 14.81-> 6.93
G1 X99.500 Y79.540 Z2.772 E0.34830 F143.6 ; V* 0.15, H* 6.93
G1 X100.500 Y79.540 Z2.772 E0.34830 F143.6 ; V* 0.15, H* 6.93
G1 X101.500 Y79.540 Z2.772 E0.34830 F143.6 ; V* 0.15, H* 6.93
G1 X102.500 Y79.540 Z2.772 E0.34830 F143.6 ; V* 0.15, H* 6.93
G1 X103.500 Y79.540 Z2.772 E0.34830 F143.6 ; V* 0.15, H* 6.93
G1 X104.500 Y79.540 Z2.772 E0.34830 F143.6 ; V* 0.15, H* 6.93
G1 X105.500 Y79.540 Z2.772 E0.34830 F143.6 ; V* 0.15, H* 6.93
G1 X106.500 Y79.540 Z2.772 E0.34830 F143.6 ; V* 0.15, H* 6.93
G1 X107.500 Y79.540 Z2.772 E0.34830 F143.6 ; V* 0.15, H* 6.93
G1 X108.500 Y79.540 Z2.772 E0.34830 F143.6 ; V* 0.15, H* 6.93
G1 X109.500 Y79.540 Z2.772 E0.34830 F143.6 ; V* 0.15, H* 6.93
G1 X110.500 Y79.540 Z2.772 E0.34830 F143.6 ; V* 0.15, H* 6.93
G1 X111.500 Y79.540 Z2.772 E0.34830 F143.6 ; V* 0.15, H* 6.93
G1 X112.500 Y79.540 Z2.772 E0.34830 F143.6 ; V* 0.15, H* 6.93
G1 X113.500 Y79.540 Z2.772 E0.34830 F143.6 ; V* 0.15, H* 6.93
G1 X114.500 Y79.540 Z2.772 E0.34830 F143.6 ; V* 0.15, H* 6.93
G1 X115.500 Y79.540 Z2.772 E0.34830 F143.6 ; V* 0.15, H* 6.93
G1 X116.500 Y79.540 Z2.772 E0.34830 F143.6 ; V* 0.15, H* 6.93
G1 X117.500 Y79.540 Z2.772 E0.34830 F143.6 ; V* 0.15, H* 6.93
G1 X118.500 Y79.540 Z2.772 E0.34830 F143.6 ; V* 0.15, H* 6.93
G1 X119.500 Y79.540 Z2.772 E0.34830 F143.6 ; V* 0.15, H* 6.93
G1 X120.500 Y79.540 Z2.772 E0.34830 F143.6 ; V* 0.15, H* 6.93
G1 X121.500 Y79.540 Z2.772 E0.34830 F143.6 ; V* 0.15, H* 6.93
G1 X122.500 Y79.540 Z2.772 E0.34830 F143.6 ; V* 0.15, H* 6.93
G1 X123.500 Y79.540 Z2.772 E0.34830 F143.6 ; V* 0.15, H* 6.93
G1 X124.500 Y79.540 Z2.772 E0.34830 F143.6 ; V* 0.15, H* 6.93
G1 X125.500 Y79.540 Z2.772 E0.34830 F143.6 ; V* 0.15, H* 6.93
G1 X126.500 Y79.540 Z2.772 E0.34830 F143.6 ; V* 0.15, H* 6.93
G1 X127.500 Y79.540 Z2.772 E0.34830 F143.6 ; V* 0.15, H* 6.93
G1 X128.500 Y79.540 Z2.772 E0.34830 F143.6 ; V* 0.15, H* 6.93
G1 X129.500 Y79.540 Z2.772 E0.34830 F143.6 ; V* 0.15, H* 6.93
G1 X130.500 Y79.540 Z2.772 E0.34830 F143.6 ; V* 0.15, H* 6.93
G1 X131.500 Y79.540 Z2.772 E0.34830 F143.6 ; V* 0.15, H* 6.93
G1 X132.500 Y79.540 Z2.772 E0.34830 F143.6 ; V* 0.15, H* 6.93
G1 X133.500 Y79.540 Z2.772 E0.34830 F143.6 ; V* 0.15, H* 6.93
G1 X134.500 Y79.540 Z2.772 E0.34830 F143.6 ; V* 0.15, H* 6.93
G1 X135.500 Y79.540 Z2.772 E0.34830 F143.6 ; V* 0.15, H* 6.93
G1 X136.500 Y79.540 Z2.772 E0.34830 F143.6 ; V* 0.15, H* 6.93
G1 X137.500 Y79.540 Z2.772 E0.34830 F143.6 ; V* 0.15, H* 6.93
G1 X138.500 Y79.540 Z2.772 E0.34830 F143.6 ; V* 0.15, H* 6.93
G1 X139.500 Y79.540 Z2.772 E0.34830 F143.6 ; V* 0.15, H* 6.93
G1 X140.500 Y79.540 Z2.772 E0.34830 F143.6 ; V* 0.15, H* 6.93
G1 X141.500 Y79.540 Z2.772 E0.34830 F143.6 ; V* 0.15, H* 6.93
G1 X142.500 Y79.540 Z2.772 E0.34830 F143.6 ; V* 0.15, H* 6.93
G1 X143.500 Y79.540 Z2.772 E0.34830 F143.6 ; V* 0.15, H* 6.93
G1 X144.500 Y79.540 Z2.772 E0.34830 F143.6 ; V* 0.15, H* 6.93
G1 X145.500 Y79.540 Z2.772 E0.34830 F143.6 ; V* 0.15, H* 6.93
G1 X146.500 Y79.540 Z2.772 E0.34830 F143.6 ; V* 0.15, H* 6.93
G1 X147.500 Y79.540 Z2.772 E0.34830 F143.6 ; V* 0.15, H* 6.93
G0 X148.500 Y79.540 Z5.924 F3000.0 ; Parameter change travel move: V* 0.15->0.40, H* 6.93-> 14.81
G1 X149.500 Y79.540 Z5.924 E0.13061 F382.8 ; V* 0.40, H* 14.81
G1 X150.500 Y79.540 Z5.924 E0.13061 F382.8 ; V* 0.40, H* 14.81
G1 X151.500 Y79.540 Z5.924 E0.13061 F382.8 ; V* 0.40, H* 14.81
G1 X152.500 Y79.540 Z5.924 E0.13061 F382.8 ; V* 0.40, H* 14.81
G1 X153.500 Y79.540 Z5.924 E0.13061 F382.8 ; V* 0.40, H* 14.81
G1 X154.500 Y79.540 Z5.924 E0.13061 F382.8 ; V* 0.40, H* 14.81
G1 X155.500 Y79.540 Z5.924 E0.13061 F382.8 ; V* 0.40, H* 14.81
G1 X156.500 Y79.540 Z5.924 E0.13061 F382.8 ; V* 0.40, H* 14.81
G1 X157.500 Y79.540 Z5.924 E0.13061 F382.8 ; V* 0.40, H* 14.81
G1 X157.500 Y80.540 Z5.924 E0.13061 F382.8 ; V* 0.40, H* 14.81
G1 X157.500 Y80.740 Z5.924 E0.02612 F382.8 ; V* 0.40, H* 14.81
G1 X156.500 Y80.740 Z5.924 E0.13061 F382.8 ; V* 0.40, H* 14.81
G1 X155.500 Y80.740 Z5.924 E0.13061 F382.8 ; V* 0.40, H* 14.81
G1 X154.500 Y80.740 Z5.924 E0.13061 F382.8 ; V* 0.40, H* 14.81
G1 X153.500 Y80.740 Z5.924 E0.13061 F382.8 ; V* 0.40, H* 14.81
G1 X152.500 Y80.740 Z5.924 E0.13061 F382.8 ; V* 0.40, H* 14.81
G1 X151.500 Y80.740 Z5.924 E0.13061 F382.8 ; V* 0.40, H* 14.81
G1 X150.500 Y80.740 Z5.924 E0.13061 F382.8 ; V* 0.40, H* 14.81
G0 X149.500 Y80.740 Z2.772 F3000.0 ; Parameter change travel move: V* 0.40->0.15, H* 14.81-> 6.93
G1 X148.500 Y80.740 Z2.772 E0.34830 F143.6 ; V* 0.15, H* 6.93
G1 X147.500 Y80.740 Z2.772 E0.34830 F143.6 ; V* 0.15, H* 6.93
G1 X146.500 Y80.740 Z2.772 E0.34830 F143.6 ; V* 0.15, H* 6.93
G1 X145.500 Y80.740 Z2.772 E0.34830 F143.6 ; V* 0.15, H* 6.93
G1 X144.500 Y80.740 Z2.772 E0.34830 F143.6 ; V* 0.15, H* 6.93
G1 X143.500 Y80.740 Z2.772 E0.34830 F143.6 ; V* 0.15, H* 6.93
G1 X142.500 Y80.740 Z2.772 E0.34830 F143.6 ; V* 0.15, H* 6.93
G1 X141.500 Y80.740 Z2.772 E0.34830 F143.6 ; V* 0.15, H* 6.93
G1 X140.500 Y80.740 Z2.772 E0.34830 F143.6 ; V* 0.15, H* 6.93
G1 X139.500 Y80.740 Z2.772 E0.34830 F143.6 ; V* 0.15, H* 6.93
G1 X138.500 Y80.740 Z2.772 E0.34830 F143.6 ; V* 0.15, H* 6.93
G1 X137.500 Y80.740 Z2.772 E0.34830 F143.6 ; V* 0.15, H* 6.93
G1 X136.500 Y80.740 Z2.772 E0.34830 F143.6 ; V* 0.15, H* 6.93
G1 X135.500 Y80.740 Z2.772 E0.34830 F143.6 ; V* 0.15, H* 6.93
G1 X134.500 Y80.740 Z2.772 E0.34830 F143.6 ; V* 0.15, H* 6.93
G1 X133.500 Y80.740 Z2.772 E0.34830 F143.6 ; V* 0.15, H* 6.93
G1 X132.500 Y80.740 Z2.772 E0.34830 F143.6 ; V* 0.15, H* 6.93
G1 X131.500 Y80.740 Z2.772 E0.34830 F143.6 ; V* 0.15, H* 6.93
G0 X130.500 Y80.740 Z5.924 F3000.0 ; Parameter change travel move: V* 0.15->0.40, H* 6.93-> 14.81
G1 X129.500 Y80.740 Z5.924 E0.13061 F382.8 ; V* 0.40, H* 14.81
G1 X128.500 Y80.740 Z5.924 E0.13061 F382.8 ; V* 0.40, H* 14.81
G1 X127.500 Y80.740 Z5.924 E0.13061 F382.8 ; V* 0.40, H* 14.81
G1 X126.500 Y80.740 Z5.924 E0.13061 F382.8 ; V* 0.40, H* 14.81
G1 X125.500 Y80.740 Z5.924 E0.13061 F382.8 ; V* 0.40, H* 14.81
G1 X124.500 Y80.740 Z5.924 E0.13061 F382.8 ; V* 0.40, H* 14.81
G1 X123.500 Y80.740 Z5.924 E0.13061 F382.8 ; V* 0.40, H* 14.81
G1 X122.500 Y80.740 Z5.924 E0.13061 F382.8 ; V* 0.40, H* 14.81
G1 X121.500 Y80.740 Z5.924 E0.13061 F382.8 ; V* 0.40, H* 14.81
G0 X120.500 Y80.740 Z2.772 F3000.0 ; Parameter change travel move: V* 0.40->0.15, H* 14.81-> 6.93
G1 X119.500 Y80.740 Z2.772 E0.34830 F143.6 ; V* 0.15, H* 6.93
G1 X118.500 Y80.740 Z2.772 E0.34830 F143.6 ; V* 0.15, H* 6.93
G1 X117.500 Y80.740 Z2.772 E0.34830 F143.6 ; V* 0.15, H* 6.93
G1 X116.500 Y80.740 Z2.772 E0.34830 F143.6 ; V* 0.15, H* 6.93
G1 X115.500 Y80.740 Z2.772 E0.34830 F143.6 ; V* 0.15, H* 6.93
G1 X114.500 Y80.740 Z2.772 E0.34830 F143.6 ; V* 0.15, H* 6.93
G1 X113.500 Y80.740 Z2.772 E0.34830 F143.6 ; V* 0.15, H* 6.93
G1 X112.500 Y80.740 Z2.772 E0.34830 F143.6 ; V* 0.15, H* 6.93
G1 X111.500 Y80.740 Z2.772 E0.34830 F143.6 ; V* 0.15, H* 6.93
G1 X110.500 Y80.740 Z2.772 E0.34830 F143.6 ; V* 0.15, H* 6.93
G1 X109.500 Y80.740 Z2.772 E0.34830 F143.6 ; V* 0.15, H* 6.93
G1 X108.500 Y80.740 Z2.772 E0.34830 F143.6 ; V* 0.15, H* 6.93
G1 X107.500 Y80.740 Z2.772 E0.34830 F143.6 ; V* 0.15, H* 6.93
G1 X106.500 Y80.740 Z2.772 E0.34830 F143.6 ; V* 0.15, H* 6.93
G1 X105.500 Y80.740 Z2.772 E0.34830 F143.6 ; V* 0.15, H* 6.93
G1 X104.500 Y80.740 Z2.772 E0.34830 F143.6 ; V* 0.15, H* 6.93
G1 X103.500 Y80.740 Z2.772 E0.34830 F143.6 ; V* 0.15, H* 6.93
G1 X102.500 Y80.740 Z2.772 E0.34830 F143.6 ; V* 0.15, H* 6.93
G1 X101.500 Y80.740 Z2.772 E0.34830 F143.6 ; V* 0.15, H* 6.93
G1 X100.500 Y80.740 Z2.772 E0.34830 F143.6 ; V* 0.15, H* 6.93
G1 X99.500 Y80.740 Z2.772 E0.34830 F143.6 ; V* 0.15, H* 6.93
G1 X98.500 Y80.740 Z2.772 E0.34830 F143.6 ; V* 0.15, H* 6.93
G0 X97.500 Y80.740 Z5.924 F3000.0 ; Parameter change travel move: V* 0.15->0.40, H* 6.93-> 14.81
G1 X97.500 Y81.740 Z5.924 E0.13061 F382.8 ; V* 0.40, H* 14.81
G1 X97.500 Y81.940 Z5.924 E0.02612 F382.8 ; V* 0.40, H* 14.81
G1 X98.500 Y81.940 Z5.924 E0.13061 F382.8 ; V* 0.40, H* 14.81
G0 X99.500 Y81.940 Z2.772 F3000.0 ; Parameter change travel move: V* 0.40->0.15, H* 14.81-> 6.93
G1 X100.500 Y81.940 Z2.772 E0.34830 F143.6 ; V* 0.15, H* 6.93
G1 X101.500 Y81.940 Z2.772 E0.34830 F143.6 ; V* 0.15, H* 6.93
G1 X102.500 Y81.940 Z2.772 E0.34830 F143.6 ; V* 0.15, H* 6.93
G1 X103.500 Y81.940 Z2.772 E0.34830 F143.6 ; V* 0.15, H* 6.93
G1 X104.500 Y81.940 Z2.772 E0.34830 F143.6 ; V* 0.15, H* 6.93
G1 X105.500 Y81.940 Z2.772 E0.34830 F143.6 ; V* 0.15, H* 6.93
G1 X106.500 Y81.940 Z2.772 E0.34830 F143.6 ; V* 0.15, H* 6.93
G1 X107.500 Y81.940 Z2.772 E0.34830 F143.6 ; V* 0.15, H* 6.93
G1 X108.500 Y81.940 Z2.772 E0.34830 F143.6 ; V* 0.15, H* 6.93
G1 X109.500 Y81.940 Z2.772 E0.34830 F143.6 ; V* 0.15, H* 6.93
G1 X110.500 Y81.940 Z2.772 E0.34830 F143.6 ; V* 0.15, H* 6.93
G1 X111.500 Y81.940 Z2.772 E0.34830 F143.6 ; V* 0.15, H* 6.93
G1 X112.500 Y81.940 Z2.772 E0.34830 F143.6 ; V* 0.15, H* 6.93
G1 X113.500 Y81.940 Z2.772 E0.34830 F143.6 ; V* 0.15, H* 6.93
G1 X114.500 Y81.940 Z2.772 E0.34830 F143.6 ; V* 0.15, H* 6.93
G1 X115.500 Y81.940 Z2.772 E0.34830 F143.6 ; V* 0.15, H* 6.93
G0 X116.500 Y81.940 Z5.924 F3000.0 ; Parameter change travel move: V* 0.15->0.40, H* 6.93-> 14.81
G1 X117.500 Y81.940 Z5.924 E0.13061 F382.8 ; V* 0.40, H* 14.81
G1 X118.500 Y81.940 Z5.924 E0.13061 F382.8 ; V* 0.40, H* 14.81
G1 X119.500 Y81.940 Z5.924 E0.13061 F382.8 ; V* 0.40, H* 14.81
G1 X120.500 Y81.940 Z5.924 E0.13061 F382.8 ; V* 0.40, H* 14.81
G1 X121.500 Y81.940 Z5.924 E0.13061 F382.8 ; V* 0.40, H* 14.81
G1 X122.500 Y81.940 Z5.924 E0.13061 F382.8 ; V* 0.40, H* 14.81
G1 X123.500 Y81.940 Z5.924 E0.13061 F382.8 ; V* 0.40, H* 14.81
G1 X124.500 Y81.940 Z5.924 E0.13061 F382.8 ; V* 0.40, H* 14.81
G1 X125.500 Y81.940 Z5.924 E0.13061 F382.8 ; V* 0.40, H* 14.81
G1 X126.500 Y81.940 Z5.924 E0.13061 F382.8 ; V* 0.40, H* 14.81
G1 X127.500 Y81.940 Z5.924 E0.13061 F382.8 ; V* 0.40, H* 14.81
G1 X128.500 Y81.940 Z5.924 E0.13061 F382.8 ; V* 0.40, H* 14.81
G1 X129.500 Y81.940 Z5.924 E0.13061 F382.8 ; V* 0.40, H* 14.81
G1 X130.500 Y81.940 Z5.924 E0.13061 F382.8 ; V* 0.40, H* 14.81
G1 X131.500 Y81.940 Z5.924 E0.13061 F382.8 ; V* 0.40, H* 14.81
G1 X132.500 Y81.940 Z5.924 E0.13061 F382.8 ; V* 0.40, H* 14.81
G0 X133.500 Y81.940 Z2.772 F3000.0 ; Parameter change travel move: V* 0.40->0.15, H* 14.81-> 6.93
G1 X134.500 Y81.940 Z2.772 E0.34830 F143.6 ; V* 0.15, H* 6.93
G1 X135.500 Y81.940 Z2.772 E0.34830 F143.6 ; V* 0.15, H* 6.93
G1 X136.500 Y81.940 Z2.772 E0.34830 F143.6 ; V* 0.15, H* 6.93
G1 X137.500 Y81.940 Z2.772 E0.34830 F143.6 ; V* 0.15, H* 6.93
G1 X138.500 Y81.940 Z2.772 E0.34830 F143.6 ; V* 0.15, H* 6.93
G1 X139.500 Y81.940 Z2.772 E0.34830 F143.6 ; V* 0.15, H* 6.93
G1 X140.500 Y81.940 Z2.772 E0.34830 F143.6 ; V* 0.15, H* 6.93
G1 X141.500 Y81.940 Z2.772 E0.34830 F143.6 ; V* 0.15, H* 6.93
G1 X142.500 Y81.940 Z2.772 E0.34830 F143.6 ; V* 0.15, H* 6.93
G1 X143.500 Y81.940 Z2.772 E0.34830 F143.6 ; V* 0.15, H* 6.93
G1 X144.500 Y81.940 Z2.772 E0.34830 F143.6 ; V* 0.15, H* 6.93
G1 X145.500 Y81.940 Z2.772 E0.34830 F143.6 ; V* 0.15, H* 6.93
G1 X146.500 Y81.940 Z2.772 E0.34830 F143.6 ; V* 0.15, H* 6.93
G1 X147.500 Y81.940 Z2.772 E0.34830 F143.6 ; V* 0.15, H* 6.93
G1 X148.500 Y81.940 Z2.772 E0.34830 F143.6 ; V* 0.15, H* 6.93
G1 X149.500 Y81.940 Z2.772 E0.34830 F143.6 ; V* 0.15, H* 6.93
G1 X150.500 Y81.940 Z2.772 E0.34830 F143.6 ; V* 0.15, H* 6.93
G0 X151.500 Y81.940 Z5.924 F3000.0 ; Parameter change travel move: V* 0.15->0.40, H* 6.93-> 14.81
G1 X152.500 Y81.940 Z5.924 E0.13061 F382.8 ; V* 0.40, H* 14.81
G1 X153.500 Y81.940 Z5.924 E0.13061 F382.8 ; V* 0.40, H* 14.81
G1 X154.500 Y81.940 Z5.924 E0.13061 F382.8 ; V* 0.40, H* 14.81
G1 X155.500 Y81.940 Z5.924 E0.13061 F382.8 ; V* 0.40, H* 14.81
G1 X156.500 Y81.940 Z5.924 E0.13061 F382.8 ; V* 0.40, H* 14.81
G1 X157.500 Y81.940 Z5.924 E0.13061 F382.8 ; V* 0.40, H* 14.81
G1 X157.500 Y82.940 Z5.924 E0.13061 F382.8 ; V* 0.40, H* 14.81
G1 X157.500 Y83.140 Z5.924 E0.02612 F382.8 ; V* 0.40, H* 14.81
G1 X156.500 Y83.140 Z5.924 E0.13061 F382.8 ; V* 0.40, H* 14.81
G1 X155.500 Y83.140 Z5.924 E0.13061 F382.8 ; V* 0.40, H* 14.81
G1 X154.500 Y83.140 Z5.924 E0.13061 F382.8 ; V* 0.40, H* 14.81
G1 X153.500 Y83.140 Z5.924 E0.13061 F382.8 ; V* 0.40, H* 14.81
G1 X152.500 Y83.140 Z5.924 E0.13061 F382.8 ; V* 0.40, H* 14.81
G0 X151.500 Y83.140 Z2.772 F3000.0 ; Parameter change travel move: V* 0.40->0.15, H* 14.81-> 6.93
G1 X150.500 Y83.140 Z2.772 E0.34830 F143.6 ; V* 0.15, H* 6.93
G1 X149.500 Y83.140 Z2.772 E0.34830 F143.6 ; V* 0.15, H* 6.93
G1 X148.500 Y83.140 Z2.772 E0.34830 F143.6 ; V* 0.15, H* 6.93
G1 X147.500 Y83.140 Z2.772 E0.34830 F143.6 ; V* 0.15, H* 6.93
G1 X146.500 Y83.140 Z2.772 E0.34830 F143.6 ; V* 0.15, H* 6.93
G1 X145.500 Y83.140 Z2.772 E0.34830 F143.6 ; V* 0.15, H* 6.93
G1 X144.500 Y83.140 Z2.772 E0.34830 F143.6 ; V* 0.15, H* 6.93
G1 X143.500 Y83.140 Z2.772 E0.34830 F143.6 ; V* 0.15, H* 6.93
G1 X142.500 Y83.140 Z2.772 E0.34830 F143.6 ; V* 0.15, H* 6.93
G1 X141.500 Y83.140 Z2.772 E0.34830 F143.6 ; V* 0.15, H* 6.93
G1 X140.500 Y83.140 Z2.772 E0.34830 F143.6 ; V* 0.15, H* 6.93
G1 X139.500 Y83.140 Z2.772 E0.34830 F143.6 ; V* 0.15, H* 6.93
G1 X138.500 Y83.140 Z2.772 E0.34830 F143.6 ; V* 0.15, H* 6.93
G1 X137.500 Y83.140 Z2.772 E0.34830 F143.6 ; V* 0.15, H* 6.93
G1 X136.500 Y83.140 Z2.772 E0.34830 F143.6 ; V* 0.15, H* 6.93
G1 X135.500 Y83.140 Z2.772 E0.34830 F143.6 ; V* 0.15, H* 6.93
G0 X134.500 Y83.140 Z5.924 F3000.0 ; Parameter change travel move: V* 0.15->0.40, H* 6.93-> 14.81
G1 X133.500 Y83.140 Z5.924 E0.13061 F382.8 ; V* 0.40, H* 14.81
G1 X132.500 Y83.140 Z5.924 E0.13061 F382.8 ; V* 0.40, H* 14.81
G1 X131.500 Y83.140 Z5.924 E0.13061 F382.8 ; V* 0.40, H* 14.81
G1 X130.500 Y83.140 Z5.924 E0.13061 F382.8 ; V* 0.40, H* 14.81
G1 X129.500 Y83.140 Z5.924 E0.13061 F382.8 ; V* 0.40, H* 14.81
G1 X128.500 Y83.140 Z5.924 E0.13061 F382.8 ; V* 0.40, H* 14.81
G1 X127.500 Y83.140 Z5.924 E0.13061 F382.8 ; V* 0.40, H* 14.81
G1 X126.500 Y83.140 Z5.924 E0.13061 F382.8 ; V* 0.40, H* 14.81
G1 X125.500 Y83.140 Z5.924 E0.13061 F382.8 ; V* 0.40, H* 14.81
G1 X124.500 Y83.140 Z5.924 E0.13061 F382.8 ; V* 0.40, H* 14.81
G1 X123.500 Y83.140 Z5.924 E0.13061 F382.8 ; V* 0.40, H* 14.81
G1 X122.500 Y83.140 Z5.924 E0.13061 F382.8 ; V* 0.40, H* 14.81
G1 X121.500 Y83.140 Z5.924 E0.13061 F382.8 ; V* 0.40, H* 14.81
G1 X120.500 Y83.140 Z5.924 E0.13061 F382.8 ; V* 0.40, H* 14.81
G1 X119.500 Y83.140 Z5.924 E0.13061 F382.8 ; V* 0.40, H* 14.81
G1 X118.500 Y83.140 Z5.924 E0.13061 F382.8 ; V* 0.40, H* 14.81
G1 X117.500 Y83.140 Z5.924 E0.13061 F382.8 ; V* 0.40, H* 14.81
G1 X116.500 Y83.140 Z5.924 E0.13061 F382.8 ; V* 0.40, H* 14.81
G1 X115.500 Y83.140 Z5.924 E0.13061 F382.8 ; V* 0.40, H* 14.81
G1 X114.500 Y83.140 Z5.924 E0.13061 F382.8 ; V* 0.40, H* 14.81
G1 X113.500 Y83.140 Z5.924 E0.13061 F382.8 ; V* 0.40, H* 14.81
G0 X112.500 Y83.140 Z2.772 F3000.0 ; Parameter change travel move: V* 0.40->0.15, H* 14.81-> 6.93
G1 X111.500 Y83.140 Z2.772 E0.34830 F143.6 ; V* 0.15, H* 6.93
G1 X110.500 Y83.140 Z2.772 E0.34830 F143.6 ; V* 0.15, H* 6.93
G1 X109.500 Y83.140 Z2.772 E0.34830 F143.6 ; V* 0.15, H* 6.93
G1 X108.500 Y83.140 Z2.772 E0.34830 F143.6 ; V* 0.15, H* 6.93
G1 X107.500 Y83.140 Z2.772 E0.34830 F143.6 ; V* 0.15, H* 6.93
G1 X106.500 Y83.140 Z2.772 E0.34830 F143.6 ; V* 0.15, H* 6.93
G1 X105.500 Y83.140 Z2.772 E0.34830 F143.6 ; V* 0.15, H* 6.93
G1 X104.500 Y83.140 Z2.772 E0.34830 F143.6 ; V* 0.15, H* 6.93
G1 X103.500 Y83.140 Z2.772 E0.34830 F143.6 ; V* 0.15, H* 6.93
G1 X102.500 Y83.140 Z2.772 E0.34830 F143.6 ; V* 0.15, H* 6.93
G1 X101.500 Y83.140 Z2.772 E0.34830 F143.6 ; V* 0.15, H* 6.93
G1 X100.500 Y83.140 Z2.772 E0.34830 F143.6 ; V* 0.15, H* 6.93
G0 X99.500 Y83.140 Z5.924 F3000.0 ; Parameter change travel move: V* 0.15->0.40, H* 6.93-> 14.81
G1 X98.500 Y83.140 Z5.924 E0.13061 F382.8 ; V* 0.40, H* 14.81
G1 X97.500 Y83.140 Z5.924 E0.13061 F382.8 ; V* 0.40, H* 14.81
G1 X97.500 Y84.140 Z5.924 E0.13061 F382.8 ; V* 0.40, H* 14.81
G1 X97.500 Y84.340 Z5.924 E0.02612 F382.8 ; V* 0.40, H* 14.81
G1 X98.500 Y84.340 Z5.924 E0.13061 F382.8 ; V* 0.40, H* 14.81
G1 X99.500 Y84.340 Z5.924 E0.13061 F382.8 ; V* 0.40, H* 14.81
G1 X100.500 Y84.340 Z5.924 E0.13061 F382.8 ; V* 0.40, H* 14.81
G0 X101.500 Y84.340 Z2.772 F3000.0 ; Parameter change travel move: V* 0.40->0.15, H* 14.81-> 6.93
G1 X102.500 Y84.340 Z2.772 E0.34830 F143.6 ; V* 0.15, H* 6.93
G1 X103.500 Y84.340 Z2.772 E0.34830 F143.6 ; V* 0.15, H* 6.93
G1 X104.500 Y84.340 Z2.772 E0.34830 F143.6 ; V* 0.15, H* 6.93
G1 X105.500 Y84.340 Z2.772 E0.34830 F143.6 ; V* 0.15, H* 6.93
G1 X106.500 Y84.340 Z2.772 E0.34830 F143.6 ; V* 0.15, H* 6.93
G1 X107.500 Y84.340 Z2.772 E0.34830 F143.6 ; V* 0.15, H* 6.93
G1 X108.500 Y84.340 Z2.772 E0.34830 F143.6 ; V* 0.15, H* 6.93
G1 X109.500 Y84.340 Z2.772 E0.34830 F143.6 ; V* 0.15, H* 6.93
G1 X110.500 Y84.340 Z2.772 E0.34830 F143.6 ; V* 0.15, H* 6.93
G1 X111.500 Y84.340 Z2.772 E0.34830 F143.6 ; V* 0.15, H* 6.93
G0 X112.500 Y84.340 Z5.924 F3000.0 ; Parameter change travel move: V* 0.15->0.40, H* 6.93-> 14.81
G1 X113.500 Y84.340 Z5.924 E0.13061 F382.8 ; V* 0.40, H* 14.81
G1 X114.500 Y84.340 Z5.924 E0.13061 F382.8 ; V* 0.40, H* 14.81
G1 X115.500 Y84.340 Z5.924 E0.13061 F382.8 ; V* 0.40, H* 14.81
G1 X116.500 Y84.340 Z5.924 E0.13061 F382.8 ; V* 0.40, H* 14.81
G1 X117.500 Y84.340 Z5.924 E0.13061 F382.8 ; V* 0.40, H* 14.81
G1 X118.500 Y84.340 Z5.924 E0.13061 F382.8 ; V* 0.40, H* 14.81
G1 X119.500 Y84.340 Z5.924 E0.13061 F382.8 ; V* 0.40, H* 14.81
G1 X120.500 Y84.340 Z5.924 E0.13061 F382.8 ; V* 0.40, H* 14.81
G1 X121.500 Y84.340 Z5.924 E0.13061 F382.8 ; V* 0.40, H* 14.81
G1 X122.500 Y84.340 Z5.924 E0.13061 F382.8 ; V* 0.40, H* 14.81
G1 X123.500 Y84.340 Z5.924 E0.13061 F382.8 ; V* 0.40, H* 14.81
G1 X124.500 Y84.340 Z5.924 E0.13061 F382.8 ; V* 0.40, H* 14.81
G1 X125.500 Y84.340 Z5.924 E0.13061 F382.8 ; V* 0.40, H* 14.81
G1 X126.500 Y84.340 Z5.924 E0.13061 F382.8 ; V* 0.40, H* 14.81
G1 X127.500 Y84.340 Z5.924 E0.13061 F382.8 ; V* 0.40, H* 14.81
G1 X128.500 Y84.340 Z5.924 E0.13061 F382.8 ; V* 0.40, H* 14.81
G1 X129.500 Y84.340 Z5.924 E0.13061 F382.8 ; V* 0.40, H* 14.81
G1 X130.500 Y84.340 Z5.924 E0.13061 F382.8 ; V* 0.40, H* 14.81
G1 X131.500 Y84.340 Z5.924 E0.13061 F382.8 ; V* 0.40, H* 14.81
G1 X132.500 Y84.340 Z5.924 E0.13061 F382.8 ; V* 0.40, H* 14.81
G1 X133.500 Y84.340 Z5.924 E0.13061 F382.8 ; V* 0.40, H* 14.81
G1 X134.500 Y84.340 Z5.924 E0.13061 F382.8 ; V* 0.40, H* 14.81
G1 X135.500 Y84.340 Z5.924 E0.13061 F382.8 ; V* 0.40, H* 14.81
G1 X136.500 Y84.340 Z5.924 E0.13061 F382.8 ; V* 0.40, H* 14.81
G1 X137.500 Y84.340 Z5.924 E0.13061 F382.8 ; V* 0.40, H* 14.81
G0 X138.500 Y84.340 Z2.772 F3000.0 ; Parameter change travel move: V* 0.40->0.15, H* 14.81-> 6.93
G1 X139.500 Y84.340 Z2.772 E0.34830 F143.6 ; V* 0.15, H* 6.93
G1 X140.500 Y84.340 Z2.772 E0.34830 F143.6 ; V* 0.15, H* 6.93
G1 X141.500 Y84.340 Z2.772 E0.34830 F143.6 ; V* 0.15, H* 6.93
G1 X142.500 Y84.340 Z2.772 E0.34830 F143.6 ; V* 0.15, H* 6.93
G1 X143.500 Y84.340 Z2.772 E0.34830 F143.6 ; V* 0.15, H* 6.93
G1 X144.500 Y84.340 Z2.772 E0.34830 F143.6 ; V* 0.15, H* 6.93
G1 X145.500 Y84.340 Z2.772 E0.34830 F143.6 ; V* 0.15, H* 6.93
G1 X146.500 Y84.340 Z2.772 E0.34830 F143.6 ; V* 0.15, H* 6.93
G1 X147.500 Y84.340 Z2.772 E0.34830 F143.6 ; V* 0.15, H* 6.93
G1 X148.500 Y84.340 Z2.772 E0.34830 F143.6 ; V* 0.15, H* 6.93
G1 X149.500 Y84.340 Z2.772 E0.34830 F143.6 ; V* 0.15, H* 6.93
G1 X150.500 Y84.340 Z2.772 E0.34830 F143.6 ; V* 0.15, H* 6.93
G1 X151.500 Y84.340 Z2.772 E0.34830 F143.6 ; V* 0.15, H* 6.93
G1 X152.500 Y84.340 Z2.772 E0.34830 F143.6 ; V* 0.15, H* 6.93
G1 X153.500 Y84.340 Z2.772 E0.34830 F143.6 ; V* 0.15, H* 6.93
G1 X154.500 Y84.340 Z2.772 E0.34830 F143.6 ; V* 0.15, H* 6.93
G1 X155.500 Y84.340 Z2.772 E0.34830 F143.6 ; V* 0.15, H* 6.93
G1 X156.500 Y84.340 Z2.772 E0.34830 F143.6 ; V* 0.15, H* 6.93
G0 X157.500 Y84.340 Z5.924 F3000.0 ; Parameter change travel move: V* 0.15->0.40, H* 6.93-> 14.81
G1 X157.500 Y85.340 Z5.924 E0.13061 F382.8 ; V* 0.40, H* 14.81
G1 X157.500 Y85.540 Z5.924 E0.02612 F382.8 ; V* 0.40, H* 14.81
G1 X156.500 Y85.540 Z5.924 E0.13061 F382.8 ; V* 0.40, H* 14.81
G0 X155.500 Y85.540 Z2.772 F3000.0 ; Parameter change travel move: V* 0.40->0.15, H* 14.81-> 6.93
G1 X154.500 Y85.540 Z2.772 E0.34830 F143.6 ; V* 0.15, H* 6.93
G1 X153.500 Y85.540 Z2.772 E0.34830 F143.6 ; V* 0.15, H* 6.93
G1 X152.500 Y85.540 Z2.772 E0.34830 F143.6 ; V* 0.15, H* 6.93
G1 X151.500 Y85.540 Z2.772 E0.34830 F143.6 ; V* 0.15, H* 6.93
G1 X150.500 Y85.540 Z2.772 E0.34830 F143.6 ; V* 0.15, H* 6.93
G1 X149.500 Y85.540 Z2.772 E0.34830 F143.6 ; V* 0.15, H* 6.93
G1 X148.500 Y85.540 Z2.772 E0.34830 F143.6 ; V* 0.15, H* 6.93
G1 X147.500 Y85.540 Z2.772 E0.34830 F143.6 ; V* 0.15, H* 6.93
G1 X146.500 Y85.540 Z2.772 E0.34830 F143.6 ; V* 0.15, H* 6.93
G1 X145.500 Y85.540 Z2.772 E0.34830 F143.6 ; V* 0.15, H* 6.93
G1 X144.500 Y85.540 Z2.772 E0.34830 F143.6 ; V* 0.15, H* 6.93
G1 X143.500 Y85.540 Z2.772 E0.34830 F143.6 ; V* 0.15, H* 6.93
G1 X142.500 Y85.540 Z2.772 E0.34830 F143.6 ; V* 0.15, H* 6.93
G1 X141.500 Y85.540 Z2.772 E0.34830 F143.6 ; V* 0.15, H* 6.93
G0 X140.500 Y85.540 Z5.924 F3000.0 ; Parameter change travel move: V* 0.15->0.40, H* 6.93-> 14.81
G1 X139.500 Y85.540 Z5.924 E0.13061 F382.8 ; V* 0.40, H* 14.81
G1 X138.500 Y85.540 Z5.924 E0.13061 F382.8 ; V* 0.40, H* 14.81
G1 X137.500 Y85.540 Z5.924 E0.13061 F382.8 ; V* 0.40, H* 14.81
G1 X136.500 Y85.540 Z5.924 E0.13061 F382.8 ; V* 0.40, H* 14.81
G1 X135.500 Y85.540 Z5.924 E0.13061 F382.8 ; V* 0.40, H* 14.81
G1 X134.500 Y85.540 Z5.924 E0.13061 F382.8 ; V* 0.40, H* 14.81
G1 X133.500 Y85.540 Z5.924 E0.13061 F382.8 ; V* 0.40, H* 14.81
G1 X132.500 Y85.540 Z5.924 E0.13061 F382.8 ; V* 0.40, H* 14.81
G1 X131.500 Y85.540 Z5.924 E0.13061 F382.8 ; V* 0.40, H* 14.81
G1 X130.500 Y85.540 Z5.924 E0.13061 F382.8 ; V* 0.40, H* 14.81
G1 X129.500 Y85.540 Z5.924 E0.13061 F382.8 ; V* 0.40, H* 14.81
G1 X128.500 Y85.540 Z5.924 E0.13061 F382.8 ; V* 0.40, H* 14.81
G1 X127.500 Y85.540 Z5.924 E0.13061 F382.8 ; V* 0.40, H* 14.81
G1 X126.500 Y85.540 Z5.924 E0.13061 F382.8 ; V* 0.40, H* 14.81
G1 X125.500 Y85.540 Z5.924 E0.13061 F382.8 ; V* 0.40, H* 14.81
G1 X124.500 Y85.540 Z5.924 E0.13061 F382.8 ; V* 0.40, H* 14.81
G1 X123.500 Y85.540 Z5.924 E0.13061 F382.8 ; V* 0.40, H* 14.81
G1 X122.500 Y85.540 Z5.924 E0.13061 F382.8 ; V* 0.40, H* 14.81
G1 X121.500 Y85.540 Z5.924 E0.13061 F382.8 ; V* 0.40, H* 14.81
G1 X120.500 Y85.540 Z5.924 E0.13061 F382.8 ; V* 0.40, H* 14.81
G1 X119.500 Y85.540 Z5.924 E0.13061 F382.8 ; V* 0.40, H* 14.81
G1 X118.500 Y85.540 Z5.924 E0.13061 F382.8 ; V* 0.40, H* 14.81
G1 X117.500 Y85.540 Z5.924 E0.13061 F382.8 ; V* 0.40, H* 14.81
G1 X116.500 Y85.540 Z5.924 E0.13061 F382.8 ; V* 0.40, H* 14.81
G1 X115.500 Y85.540 Z5.924 E0.13061 F382.8 ; V* 0.40, H* 14.81
G1 X114.500 Y85.540 Z5.924 E0.13061 F382.8 ; V* 0.40, H* 14.81
G1 X113.500 Y85.540 Z5.924 E0.13061 F382.8 ; V* 0.40, H* 14.81
G1 X112.500 Y85.540 Z5.924 E0.13061 F382.8 ; V* 0.40, H* 14.81
G1 X111.500 Y85.540 Z5.924 E0.13061 F382.8 ; V* 0.40, H* 14.81
G0 X110.500 Y85.540 Z2.772 F3000.0 ; Parameter change travel move: V* 0.40->0.15, H* 14.81-> 6.93
G1 X109.500 Y85.540 Z2.772 E0.34830 F143.6 ; V* 0.15, H* 6.93
G1 X108.500 Y85.540 Z2.772 E0.34830 F143.6 ; V* 0.15, H* 6.93
G1 X107.500 Y85.540 Z2.772 E0.34830 F143.6 ; V* 0.15, H* 6.93
G1 X106.500 Y85.540 Z2.772 E0.34830 F143.6 ; V* 0.15, H* 6.93
G1 X105.500 Y85.540 Z2.772 E0.34830 F143.6 ; V* 0.15, H* 6.93
G1 X104.500 Y85.540 Z2.772 E0.34830 F143.6 ; V* 0.15, H* 6.93
G1 X103.500 Y85.540 Z2.772 E0.34830 F143.6 ; V* 0.15, H* 6.93
G0 X102.500 Y85.540 Z5.924 F3000.0 ; Parameter change travel move: V* 0.15->0.40, H* 6.93-> 14.81
G1 X101.500 Y85.540 Z5.924 E0.13061 F382.8 ; V* 0.40, H* 14.81
G1 X100.500 Y85.540 Z5.924 E0.13061 F382.8 ; V* 0.40, H* 14.81
G1 X99.500 Y85.540 Z5.924 E0.13061 F382.8 ; V* 0.40, H* 14.81
G1 X98.500 Y85.540 Z5.924 E0.13061 F382.8 ; V* 0.40, H* 14.81
G1 X97.500 Y85.540 Z5.924 E0.13061 F382.8 ; V* 0.40, H* 14.81
G1 X97.500 Y86.540 Z5.924 E0.13061 F382.8 ; V* 0.40, H* 14.81
G1 X97.500 Y86.740 Z5.924 E0.02612 F382.8 ; V* 0.40, H* 14.81
G1 X98.500 Y86.740 Z5.924 E0.13061 F382.8 ; V* 0.40, H* 14.81
G1 X99.500 Y86.740 Z5.924 E0.13061 F382.8 ; V* 0.40, H* 14.81
G1 X100.500 Y86.740 Z5.924 E0.13061 F382.8 ; V* 0.40, H* 14.81
G1 X101.500 Y86.740 Z5.924 E0.13061 F382.8 ; V* 0.40, H* 14.81
G1 X102.500 Y86.740 Z5.924 E0.13061 F382.8 ; V* 0.40, H* 14.81
G1 X103.500 Y86.740 Z5.924 E0.13061 F382.8 ; V* 0.40, H* 14.81
G0 X104.500 Y86.740 Z2.772 F3000.0 ; Parameter change travel move: V* 0.40->0.15, H* 14.81-> 6.93
G1 X105.500 Y86.740 Z2.772 E0.34830 F143.6 ; V* 0.15, H* 6.93
G1 X106.500 Y86.740 Z2.772 E0.34830 F143.6 ; V* 0.15, H* 6.93
G1 X107.500 Y86.740 Z2.772 E0.34830 F143.6 ; V* 0.15, H* 6.93
G1 X108.500 Y86.740 Z2.772 E0.34830 F143.6 ; V* 0.15, H* 6.93
G1 X109.500 Y86.740 Z2.772 E0.34830 F143.6 ; V* 0.15, H* 6.93
G1 X110.500 Y86.740 Z2.772 E0.34830 F143.6 ; V* 0.15, H* 6.93
G0 X111.500 Y86.740 Z5.924 F3000.0 ; Parameter change travel move: V* 0.15->0.40, H* 6.93-> 14.81
G1 X112.500 Y86.740 Z5.924 E0.13061 F382.8 ; V* 0.40, H* 14.81
G1 X113.500 Y86.740 Z5.924 E0.13061 F382.8 ; V* 0.40, H* 14.81
G1 X114.500 Y86.740 Z5.924 E0.13061 F382.8 ; V* 0.40, H* 14.81
G1 X115.500 Y86.740 Z5.924 E0.13061 F382.8 ; V* 0.40, H* 14.81
G1 X116.500 Y86.740 Z5.924 E0.13061 F382.8 ; V* 0.40, H* 14.81
G1 X117.500 Y86.740 Z5.924 E0.13061 F382.8 ; V* 0.40, H* 14.81
G1 X118.500 Y86.740 Z5.924 E0.13061 F382.8 ; V* 0.40, H* 14.81
G1 X119.500 Y86.740 Z5.924 E0.13061 F382.8 ; V* 0.40, H* 14.81
G1 X120.500 Y86.740 Z5.924 E0.13061 F382.8 ; V* 0.40, H* 14.81
G1 X121.500 Y86.740 Z5.924 E0.13061 F382.8 ; V* 0.40, H* 14.81
G1 X122.500 Y86.740 Z5.924 E0.13061 F382.8 ; V* 0.40, H* 14.81
G1 X123.500 Y86.740 Z5.924 E0.13061 F382.8 ; V* 0.40, H* 14.81
G1 X124.500 Y86.740 Z5.924 E0.13061 F382.8 ; V* 0.40, H* 14.81
G1 X125.500 Y86.740 Z5.924 E0.13061 F382.8 ; V* 0.40, H* 14.81
G1 X126.500 Y86.740 Z5.924 E0.13061 F382.8 ; V* 0.40, H* 14.81
G1 X127.500 Y86.740 Z5.924 E0.13061 F382.8 ; V* 0.40, H* 14.81
G1 X128.500 Y86.740 Z5.924 E0.13061 F382.8 ; V* 0.40, H* 14.81
G1 X129.500 Y86.740 Z5.924 E0.13061 F382.8 ; V* 0.40, H* 14.81
G1 X130.500 Y86.740 Z5.924 E0.13061 F382.8 ; V* 0.40, H* 14.81
G1 X131.500 Y86.740 Z5.924 E0.13061 F382.8 ; V* 0.40, H* 14.81
G1 X132.500 Y86.740 Z5.924 E0.13061 F382.8 ; V* 0.40, H* 14.81
G1 X133.500 Y86.740 Z5.924 E0.13061 F382.8 ; V* 0.40, H* 14.81
G0 X134.500 Y86.740 Z2.772 F3000.0 ; Parameter change travel move: V* 0.40->0.15, H* 14.81-> 6.93
G1 X135.500 Y86.740 Z2.772 E0.34830 F143.6 ; V* 0.15, H* 6.93
G0 X136.500 Y86.740 Z5.924 F3000.0 ; Parameter change travel move: V* 0.15->0.40, H* 6.93-> 14.81
G1 X137.500 Y86.740 Z5.924 E0.13061 F382.8 ; V* 0.40, H* 14.81
G1 X138.500 Y86.740 Z5.924 E0.13061 F382.8 ; V* 0.40, H* 14.81
G1 X139.500 Y86.740 Z5.924 E0.13061 F382.8 ; V* 0.40, H* 14.81
G1 X140.500 Y86.740 Z5.924 E0.13061 F382.8 ; V* 0.40, H* 14.81
G1 X141.500 Y86.740 Z5.924 E0.13061 F382.8 ; V* 0.40, H* 14.81
G1 X142.500 Y86.740 Z5.924 E0.13061 F382.8 ; V* 0.40, H* 14.81
G1 X143.500 Y86.740 Z5.924 E0.13061 F382.8 ; V* 0.40, H* 14.81
G0 X144.500 Y86.740 Z2.772 F3000.0 ; Parameter change travel move: V* 0.40->0.15, H* 14.81-> 6.93
G1 X145.500 Y86.740 Z2.772 E0.34830 F143.6 ; V* 0.15, H* 6.93
G1 X146.500 Y86.740 Z2.772 E0.34830 F143.6 ; V* 0.15, H* 6.93
G1 X147.500 Y86.740 Z2.772 E0.34830 F143.6 ; V* 0.15, H* 6.93
G1 X148.500 Y86.740 Z2.772 E0.34830 F143.6 ; V* 0.15, H* 6.93
G1 X149.500 Y86.740 Z2.772 E0.34830 F143.6 ; V* 0.15, H* 6.93
G1 X150.500 Y86.740 Z2.772 E0.34830 F143.6 ; V* 0.15, H* 6.93
G1 X151.500 Y86.740 Z2.772 E0.34830 F143.6 ; V* 0.15, H* 6.93
G1 X152.500 Y86.740 Z2.772 E0.34830 F143.6 ; V* 0.15, H* 6.93
G1 X153.500 Y86.740 Z2.772 E0.34830 F143.6 ; V* 0.15, H* 6.93
G1 X154.500 Y86.740 Z2.772 E0.34830 F143.6 ; V* 0.15, H* 6.93
G0 X155.500 Y86.740 Z5.924 F3000.0 ; Parameter change travel move: V* 0.15->0.40, H* 6.93-> 14.81
G1 X156.500 Y86.740 Z5.924 E0.13061 F382.8 ; V* 0.40, H* 14.81
G1 X157.500 Y86.740 Z5.924 E0.13061 F382.8 ; V* 0.40, H* 14.81
G1 X157.500 Y87.740 Z5.924 E0.13061 F382.8 ; V* 0.40, H* 14.81
G1 X157.500 Y87.940 Z5.924 E0.02612 F382.8 ; V* 0.40, H* 14.81
G1 X156.500 Y87.940 Z5.924 E0.13061 F382.8 ; V* 0.40, H* 14.81
G1 X155.500 Y87.940 Z5.924 E0.13061 F382.8 ; V* 0.40, H* 14.81
G1 X154.500 Y87.940 Z5.924 E0.13061 F382.8 ; V* 0.40, H* 14.81
G0 X153.500 Y87.940 Z2.772 F3000.0 ; Parameter change travel move: V* 0.40->0.15, H* 14.81-> 6.93
G1 X152.500 Y87.940 Z2.772 E0.34830 F143.6 ; V* 0.15, H* 6.93
G1 X151.500 Y87.940 Z2.772 E0.34830 F143.6 ; V* 0.15, H* 6.93
G1 X150.500 Y87.940 Z2.772 E0.34830 F143.6 ; V* 0.15, H* 6.93
G1 X149.500 Y87.940 Z2.772 E0.34830 F143.6 ; V* 0.15, H* 6.93
G1 X148.500 Y87.940 Z2.772 E0.34830 F143.6 ; V* 0.15, H* 6.93
G0 X147.500 Y87.940 Z5.924 F3000.0 ; Parameter change travel move: V* 0.15->0.40, H* 6.93-> 14.81
G1 X146.500 Y87.940 Z5.924 E0.13061 F382.8 ; V* 0.40, H* 14.81
G1 X145.500 Y87.940 Z5.924 E0.13061 F382.8 ; V* 0.40, H* 14.81
G1 X144.500 Y87.940 Z5.924 E0.13061 F382.8 ; V* 0.40, H* 14.81
G1 X143.500 Y87.940 Z5.924 E0.13061 F382.8 ; V* 0.40, H* 14.81
G1 X142.500 Y87.940 Z5.924 E0.13061 F382.8 ; V* 0.40, H* 14.81
G1 X141.500 Y87.940 Z5.924 E0.13061 F382.8 ; V* 0.40, H* 14.81
G1 X140.500 Y87.940 Z5.924 E0.13061 F382.8 ; V* 0.40, H* 14.81
G1 X139.500 Y87.940 Z5.924 E0.13061 F382.8 ; V* 0.40, H* 14.81
G1 X138.500 Y87.940 Z5.924 E0.13061 F382.8 ; V* 0.40, H* 14.81
G0 X137.500 Y87.940 Z2.772 F3000.0 ; Parameter change travel move: V* 0.40->0.15, H* 14.81-> 6.93
G1 X136.500 Y87.940 Z2.772 E0.34830 F143.6 ; V* 0.15, H* 6.93
G1 X135.500 Y87.940 Z2.772 E0.34830 F143.6 ; V* 0.15, H* 6.93
G1 X134.500 Y87.940 Z2.772 E0.34830 F143.6 ; V* 0.15, H* 6.93
G0 X133.500 Y87.940 Z5.924 F3000.0 ; Parameter change travel move: V* 0.15->0.40, H* 6.93-> 14.81
G1 X132.500 Y87.940 Z5.924 E0.13061 F382.8 ; V* 0.40, H* 14.81
G1 X131.500 Y87.940 Z5.924 E0.13061 F382.8 ; V* 0.40, H* 14.81
G1 X130.500 Y87.940 Z5.924 E0.13061 F382.8 ; V* 0.40, H* 14.81
G1 X129.500 Y87.940 Z5.924 E0.13061 F382.8 ; V* 0.40, H* 14.81
G1 X128.500 Y87.940 Z5.924 E0.13061 F382.8 ; V* 0.40, H* 14.81
G1 X127.500 Y87.940 Z5.924 E0.13061 F382.8 ; V* 0.40, H* 14.81
G1 X126.500 Y87.940 Z5.924 E0.13061 F382.8 ; V* 0.40, H* 14.81
G1 X125.500 Y87.940 Z5.924 E0.13061 F382.8 ; V* 0.40, H* 14.81
G1 X124.500 Y87.940 Z5.924 E0.13061 F382.8 ; V* 0.40, H* 14.81
G1 X123.500 Y87.940 Z5.924 E0.13061 F382.8 ; V* 0.40, H* 14.81
G1 X122.500 Y87.940 Z5.924 E0.13061 F382.8 ; V* 0.40, H* 14.81
G1 X121.500 Y87.940 Z5.924 E0.13061 F382.8 ; V* 0.40, H* 14.81
G1 X120.500 Y87.940 Z5.924 E0.13061 F382.8 ; V* 0.40, H* 14.81
G1 X119.500 Y87.940 Z5.924 E0.13061 F382.8 ; V* 0.40, H* 14.81
G1 X118.500 Y87.940 Z5.924 E0.13061 F382.8 ; V* 0.40, H* 14.81
G1 X117.500 Y87.940 Z5.924 E0.13061 F382.8 ; V* 0.40, H* 14.81
G1 X116.500 Y87.940 Z5.924 E0.13061 F382.8 ; V* 0.40, H* 14.81
G1 X115.500 Y87.940 Z5.924 E0.13061 F382.8 ; V* 0.40, H* 14.81
G1 X114.500 Y87.940 Z5.924 E0.13061 F382.8 ; V* 0.40, H* 14.81
G1 X113.500 Y87.940 Z5.924 E0.13061 F382.8 ; V* 0.40, H* 14.81
G1 X112.500 Y87.940 Z5.924 E0.13061 F382.8 ; V* 0.40, H* 14.81
G0 X111.500 Y87.940 Z2.772 F3000.0 ; Parameter change travel move: V* 0.40->0.15, H* 14.81-> 6.93
G1 X110.500 Y87.940 Z2.772 E0.34830 F143.6 ; V* 0.15, H* 6.93
G1 X109.500 Y87.940 Z2.772 E0.34830 F143.6 ; V* 0.15, H* 6.93
G1 X108.500 Y87.940 Z2.772 E0.34830 F143.6 ; V* 0.15, H* 6.93
G1 X107.500 Y87.940 Z2.772 E0.34830 F143.6 ; V* 0.15, H* 6.93
G1 X106.500 Y87.940 Z2.772 E0.34830 F143.6 ; V* 0.15, H* 6.93
G1 X105.500 Y87.940 Z2.772 E0.34830 F143.6 ; V* 0.15, H* 6.93
G0 X104.500 Y87.940 Z5.924 F3000.0 ; Parameter change travel move: V* 0.15->0.40, H* 6.93-> 14.81
G1 X103.500 Y87.940 Z5.924 E0.13061 F382.8 ; V* 0.40, H* 14.81
G1 X102.500 Y87.940 Z5.924 E0.13061 F382.8 ; V* 0.40, H* 14.81
G1 X101.500 Y87.940 Z5.924 E0.13061 F382.8 ; V* 0.40, H* 14.81
G1 X100.500 Y87.940 Z5.924 E0.13061 F382.8 ; V* 0.40, H* 14.81
G1 X99.500 Y87.940 Z5.924 E0.13061 F382.8 ; V* 0.40, H* 14.81
G1 X98.500 Y87.940 Z5.924 E0.13061 F382.8 ; V* 0.40, H* 14.81
G1 X97.500 Y87.940 Z5.924 E0.13061 F382.8 ; V* 0.40, H* 14.81
G1 X97.500 Y88.940 Z5.924 E0.13061 F382.8 ; V* 0.40, H* 14.81
G1 X97.500 Y89.140 Z5.924 E0.02612 F382.8 ; V* 0.40, H* 14.81
G1 X98.500 Y89.140 Z5.924 E0.13061 F382.8 ; V* 0.40, H* 14.81
G1 X99.500 Y89.140 Z5.924 E0.13061 F382.8 ; V* 0.40, H* 14.81
G1 X100.500 Y89.140 Z5.924 E0.13061 F382.8 ; V* 0.40, H* 14.81
G1 X101.500 Y89.140 Z5.924 E0.13061 F382.8 ; V* 0.40, H* 14.81
G1 X102.500 Y89.140 Z5.924 E0.13061 F382.8 ; V* 0.40, H* 14.81
G1 X103.500 Y89.140 Z5.924 E0.13061 F382.8 ; V* 0.40, H* 14.81
G1 X104.500 Y89.140 Z5.924 E0.13061 F382.8 ; V* 0.40, H* 14.81
G1 X105.500 Y89.140 Z5.924 E0.13061 F382.8 ; V* 0.40, H* 14.81
G0 X106.500 Y89.140 Z2.772 F3000.0 ; Parameter change travel move: V* 0.40->0.15, H* 14.81-> 6.93
G1 X107.500 Y89.140 Z2.772 E0.34830 F143.6 ; V* 0.15, H* 6.93
G1 X108.500 Y89.140 Z2.772 E0.34830 F143.6 ; V* 0.15, H* 6.93
G1 X109.500 Y89.140 Z2.772 E0.34830 F143.6 ; V* 0.15, H* 6.93
G1 X110.500 Y89.140 Z2.772 E0.34830 F143.6 ; V* 0.15, H* 6.93
G1 X111.500 Y89.140 Z2.772 E0.34830 F143.6 ; V* 0.15, H* 6.93
G1 X112.500 Y89.140 Z2.772 E0.34830 F143.6 ; V* 0.15, H* 6.93
G1 X113.500 Y89.140 Z2.772 E0.34830 F143.6 ; V* 0.15, H* 6.93
G0 X114.500 Y89.140 Z5.924 F3000.0 ; Parameter change travel move: V* 0.15->0.40, H* 6.93-> 14.81
G1 X115.500 Y89.140 Z5.924 E0.13061 F382.8 ; V* 0.40, H* 14.81
G1 X116.500 Y89.140 Z5.924 E0.13061 F382.8 ; V* 0.40, H* 14.81
G1 X117.500 Y89.140 Z5.924 E0.13061 F382.8 ; V* 0.40, H* 14.81
G1 X118.500 Y89.140 Z5.924 E0.13061 F382.8 ; V* 0.40, H* 14.81
G1 X119.500 Y89.140 Z5.924 E0.13061 F382.8 ; V* 0.40, H* 14.81
G1 X120.500 Y89.140 Z5.924 E0.13061 F382.8 ; V* 0.40, H* 14.81
G1 X121.500 Y89.140 Z5.924 E0.13061 F382.8 ; V* 0.40, H* 14.81
G1 X122.500 Y89.140 Z5.924 E0.13061 F382.8 ; V* 0.40, H* 14.81
G1 X123.500 Y89.140 Z5.924 E0.13061 F382.8 ; V* 0.40, H* 14.81
G1 X124.500 Y89.140 Z5.924 E0.13061 F382.8 ; V* 0.40, H* 14.81
G1 X125.500 Y89.140 Z5.924 E0.13061 F382.8 ; V* 0.40, H* 14.81
G1 X126.500 Y89.140 Z5.924 E0.13061 F382.8 ; V* 0.40, H* 14.81
G1 X127.500 Y89.140 Z5.924 E0.13061 F382.8 ; V* 0.40, H* 14.81
G1 X128.500 Y89.140 Z5.924 E0.13061 F382.8 ; V* 0.40, H* 14.81
G1 X129.500 Y89.140 Z5.924 E0.13061 F382.8 ; V* 0.40, H* 14.81
G1 X130.500 Y89.140 Z5.924 E0.13061 F382.8 ; V* 0.40, H* 14.81
G1 X131.500 Y89.140 Z5.924 E0.13061 F382.8 ; V* 0.40, H* 14.81
G1 X132.500 Y89.140 Z5.924 E0.13061 F382.8 ; V* 0.40, H* 14.81
G1 X133.500 Y89.140 Z5.924 E0.13061 F382.8 ; V* 0.40, H* 14.81
G0 X134.500 Y89.140 Z2.772 F3000.0 ; Parameter change travel move: V* 0.40->0.15, H* 14.81-> 6.93
G1 X135.500 Y89.140 Z2.772 E0.34830 F143.6 ; V* 0.15, H* 6.93
G1 X136.500 Y89.140 Z2.772 E0.34830 F143.6 ; V* 0.15, H* 6.93
G1 X137.500 Y89.140 Z2.772 E0.34830 F143.6 ; V* 0.15, H* 6.93
G1 X138.500 Y89.140 Z2.772 E0.34830 F143.6 ; V* 0.15, H* 6.93
G1 X139.500 Y89.140 Z2.772 E0.34830 F143.6 ; V* 0.15, H* 6.93
G0 X140.500 Y89.140 Z5.924 F3000.0 ; Parameter change travel move: V* 0.15->0.40, H* 6.93-> 14.81
G1 X141.500 Y89.140 Z5.924 E0.13061 F382.8 ; V* 0.40, H* 14.81
G1 X142.500 Y89.140 Z5.924 E0.13061 F382.8 ; V* 0.40, H* 14.81
G1 X143.500 Y89.140 Z5.924 E0.13061 F382.8 ; V* 0.40, H* 14.81
G1 X144.500 Y89.140 Z5.924 E0.13061 F382.8 ; V* 0.40, H* 14.81
G1 X145.500 Y89.140 Z5.924 E0.13061 F382.8 ; V* 0.40, H* 14.81
G1 X146.500 Y89.140 Z5.924 E0.13061 F382.8 ; V* 0.40, H* 14.81
G1 X147.500 Y89.140 Z5.924 E0.13061 F382.8 ; V* 0.40, H* 14.81
G0 X148.500 Y89.140 Z2.772 F3000.0 ; Parameter change travel move: V* 0.40->0.15, H* 14.81-> 6.93
G1 X149.500 Y89.140 Z2.772 E0.34830 F143.6 ; V* 0.15, H* 6.93
G1 X150.500 Y89.140 Z2.772 E0.34830 F143.6 ; V* 0.15, H* 6.93
G1 X151.500 Y89.140 Z2.772 E0.34830 F143.6 ; V* 0.15, H* 6.93
G0 X152.500 Y89.140 Z5.924 F3000.0 ; Parameter change travel move: V* 0.15->0.40, H* 6.93-> 14.81
G1 X153.500 Y89.140 Z5.924 E0.13061 F382.8 ; V* 0.40, H* 14.81
G1 X154.500 Y89.140 Z5.924 E0.13061 F382.8 ; V* 0.40, H* 14.81
G1 X155.500 Y89.140 Z5.924 E0.13061 F382.8 ; V* 0.40, H* 14.81
G1 X156.500 Y89.140 Z5.924 E0.13061 F382.8 ; V* 0.40, H* 14.81
G1 X157.500 Y89.140 Z5.924 E0.13061 F382.8 ; V* 0.40, H* 14.81
G1 X157.500 Y90.140 Z5.924 E0.13061 F382.8 ; V* 0.40, H* 14.81
G1 X157.500 Y90.340 Z5.924 E0.02612 F382.8 ; V* 0.40, H* 14.81
G1 X156.500 Y90.340 Z5.924 E0.13061 F382.8 ; V* 0.40, H* 14.81
G1 X155.500 Y90.340 Z5.924 E0.13061 F382.8 ; V* 0.40, H* 14.81
G1 X154.500 Y90.340 Z5.924 E0.13061 F382.8 ; V* 0.40, H* 14.81
G1 X153.500 Y90.340 Z5.924 E0.13061 F382.8 ; V* 0.40, H* 14.81
G1 X152.500 Y90.340 Z5.924 E0.13061 F382.8 ; V* 0.40, H* 14.81
G1 X151.500 Y90.340 Z5.924 E0.13061 F382.8 ; V* 0.40, H* 14.81
G1 X150.500 Y90.340 Z5.924 E0.13061 F382.8 ; V* 0.40, H* 14.81
G0 X149.500 Y90.340 Z2.772 F3000.0 ; Parameter change travel move: V* 0.40->0.15, H* 14.81-> 6.93
G1 X148.500 Y90.340 Z2.772 E0.34830 F143.6 ; V* 0.15, H* 6.93
G1 X147.500 Y90.340 Z2.772 E0.34830 F143.6 ; V* 0.15, H* 6.93
G1 X146.500 Y90.340 Z2.772 E0.34830 F143.6 ; V* 0.15, H* 6.93
G1 X145.500 Y90.340 Z2.772 E0.34830 F143.6 ; V* 0.15, H* 6.93
G0 X144.500 Y90.340 Z5.924 F3000.0 ; Parameter change travel move: V* 0.15->0.40, H* 6.93-> 14.81
G1 X143.500 Y90.340 Z5.924 E0.13061 F382.8 ; V* 0.40, H* 14.81
G0 X142.500 Y90.340 Z2.772 F3000.0 ; Parameter change travel move: V* 0.40->0.15, H* 14.81-> 6.93
G1 X141.500 Y90.340 Z2.772 E0.34830 F143.6 ; V* 0.15, H* 6.93
G1 X140.500 Y90.340 Z2.772 E0.34830 F143.6 ; V* 0.15, H* 6.93
G1 X139.500 Y90.340 Z2.772 E0.34830 F143.6 ; V* 0.15, H* 6.93
G1 X138.500 Y90.340 Z2.772 E0.34830 F143.6 ; V* 0.15, H* 6.93
G1 X137.500 Y90.340 Z2.772 E0.34830 F143.6 ; V* 0.15, H* 6.93
G1 X136.500 Y90.340 Z2.772 E0.34830 F143.6 ; V* 0.15, H* 6.93
G1 X135.500 Y90.340 Z2.772 E0.34830 F143.6 ; V* 0.15, H* 6.93
G1 X134.500 Y90.340 Z2.772 E0.34830 F143.6 ; V* 0.15, H* 6.93
G0 X133.500 Y90.340 Z5.924 F3000.0 ; Parameter change travel move: V* 0.15->0.40, H* 6.93-> 14.81
G1 X132.500 Y90.340 Z5.924 E0.13061 F382.8 ; V* 0.40, H* 14.81
G1 X131.500 Y90.340 Z5.924 E0.13061 F382.8 ; V* 0.40, H* 14.81
G1 X130.500 Y90.340 Z5.924 E0.13061 F382.8 ; V* 0.40, H* 14.81
G1 X129.500 Y90.340 Z5.924 E0.13061 F382.8 ; V* 0.40, H* 14.81
G1 X128.500 Y90.340 Z5.924 E0.13061 F382.8 ; V* 0.40, H* 14.81
G1 X127.500 Y90.340 Z5.924 E0.13061 F382.8 ; V* 0.40, H* 14.81
G1 X126.500 Y90.340 Z5.924 E0.13061 F382.8 ; V* 0.40, H* 14.81
G1 X125.500 Y90.340 Z5.924 E0.13061 F382.8 ; V* 0.40, H* 14.81
G1 X124.500 Y90.340 Z5.924 E0.13061 F382.8 ; V* 0.40, H* 14.81
G1 X123.500 Y90.340 Z5.924 E0.13061 F382.8 ; V* 0.40, H* 14.81
G1 X122.500 Y90.340 Z5.924 E0.13061 F382.8 ; V* 0.40, H* 14.81
G1 X121.500 Y90.340 Z5.924 E0.13061 F382.8 ; V* 0.40, H* 14.81
G1 X120.500 Y90.340 Z5.924 E0.13061 F382.8 ; V* 0.40, H* 14.81
G1 X119.500 Y90.340 Z5.924 E0.13061 F382.8 ; V* 0.40, H* 14.81
G1 X118.500 Y90.340 Z5.924 E0.13061 F382.8 ; V* 0.40, H* 14.81
G1 X117.500 Y90.340 Z5.924 E0.13061 F382.8 ; V* 0.40, H* 14.81
G1 X116.500 Y90.340 Z5.924 E0.13061 F382.8 ; V* 0.40, H* 14.81
G1 X115.500 Y90.340 Z5.924 E0.13061 F382.8 ; V* 0.40, H* 14.81
G1 X114.500 Y90.340 Z5.924 E0.13061 F382.8 ; V* 0.40, H* 14.81
G0 X113.500 Y90.340 Z2.772 F3000.0 ; Parameter change travel move: V* 0.40->0.15, H* 14.81-> 6.93
G1 X112.500 Y90.340 Z2.772 E0.34830 F143.6 ; V* 0.15, H* 6.93
G1 X111.500 Y90.340 Z2.772 E0.34830 F143.6 ; V* 0.15, H* 6.93
G1 X110.500 Y90.340 Z2.772 E0.34830 F143.6 ; V* 0.15, H* 6.93
G1 X109.500 Y90.340 Z2.772 E0.34830 F143.6 ; V* 0.15, H* 6.93
G1 X108.500 Y90.340 Z2.772 E0.34830 F143.6 ; V* 0.15, H* 6.93
G1 X107.500 Y90.340 Z2.772 E0.34830 F143.6 ; V* 0.15, H* 6.93
G0 X106.500 Y90.340 Z5.924 F3000.0 ; Parameter change travel move: V* 0.15->0.40, H* 6.93-> 14.81
G1 X105.500 Y90.340 Z5.924 E0.13061 F382.8 ; V* 0.40, H* 14.81
G1 X104.500 Y90.340 Z5.924 E0.13061 F382.8 ; V* 0.40, H* 14.81
G1 X103.500 Y90.340 Z5.924 E0.13061 F382.8 ; V* 0.40, H* 14.81
G1 X102.500 Y90.340 Z5.924 E0.13061 F382.8 ; V* 0.40, H* 14.81
G1 X101.500 Y90.340 Z5.924 E0.13061 F382.8 ; V* 0.40, H* 14.81
G1 X100.500 Y90.340 Z5.924 E0.13061 F382.8 ; V* 0.40, H* 14.81
G1 X99.500 Y90.340 Z5.924 E0.13061 F382.8 ; V* 0.40, H* 14.81
G1 X98.500 Y90.340 Z5.924 E0.13061 F382.8 ; V* 0.40, H* 14.81
G1 X97.500 Y90.340 Z5.924 E0.13061 F382.8 ; V* 0.40, H* 14.81
G1 X97.500 Y91.340 Z5.924 E0.13061 F382.8 ; V* 0.40, H* 14.81
G1 X97.500 Y91.540 Z5.924 E0.02612 F382.8 ; V* 0.40, H* 14.81
G1 X98.500 Y91.540 Z5.924 E0.13061 F382.8 ; V* 0.40, H* 14.81
G1 X99.500 Y91.540 Z5.924 E0.13061 F382.8 ; V* 0.40, H* 14.81
G1 X100.500 Y91.540 Z5.924 E0.13061 F382.8 ; V* 0.40, H* 14.81
G1 X101.500 Y91.540 Z5.924 E0.13061 F382.8 ; V* 0.40, H* 14.81
G1 X102.500 Y91.540 Z5.924 E0.13061 F382.8 ; V* 0.40, H* 14.81
G1 X103.500 Y91.540 Z5.924 E0.13061 F382.8 ; V* 0.40, H* 14.81
G1 X104.500 Y91.540 Z5.924 E0.13061 F382.8 ; V* 0.40, H* 14.81
G1 X105.500 Y91.540 Z5.924 E0.13061 F382.8 ; V* 0.40, H* 14.81
G1 X106.500 Y91.540 Z5.924 E0.13061 F382.8 ; V* 0.40, H* 14.81
G1 X107.500 Y91.540 Z5.924 E0.13061 F382.8 ; V* 0.40, H* 14.81
G0 X108.500 Y91.540 Z2.772 F3000.0 ; Parameter change travel move: V* 0.40->0.15, H* 14.81-> 6.93
G1 X109.500 Y91.540 Z2.772 E0.34830 F143.6 ; V* 0.15, H* 6.93
G1 X110.500 Y91.540 Z2.772 E0.34830 F143.6 ; V* 0.15, H* 6.93
G1 X111.500 Y91.540 Z2.772 E0.34830 F143.6 ; V* 0.15, H* 6.93
G1 X112.500 Y91.540 Z2.772 E0.34830 F143.6 ; V* 0.15, H* 6.93
G1 X113.500 Y91.540 Z2.772 E0.34830 F143.6 ; V* 0.15, H* 6.93
G1 X114.500 Y91.540 Z2.772 E0.34830 F143.6 ; V* 0.15, H* 6.93
G0 X115.500 Y91.540 Z5.924 F3000.0 ; Parameter change travel move: V* 0.15->0.40, H* 6.93-> 14.81
G1 X116.500 Y91.540 Z5.924 E0.13061 F382.8 ; V* 0.40, H* 14.81
G1 X117.500 Y91.540 Z5.924 E0.13061 F382.8 ; V* 0.40, H* 14.81
G1 X118.500 Y91.540 Z5.924 E0.13061 F382.8 ; V* 0.40, H* 14.81
G1 X119.500 Y91.540 Z5.924 E0.13061 F382.8 ; V* 0.40, H* 14.81
G1 X120.500 Y91.540 Z5.924 E0.13061 F382.8 ; V* 0.40, H* 14.81
G1 X121.500 Y91.540 Z5.924 E0.13061 F382.8 ; V* 0.40, H* 14.81
G1 X122.500 Y91.540 Z5.924 E0.13061 F382.8 ; V* 0.40, H* 14.81
G1 X123.500 Y91.540 Z5.924 E0.13061 F382.8 ; V* 0.40, H* 14.81
G1 X124.500 Y91.540 Z5.924 E0.13061 F382.8 ; V* 0.40, H* 14.81
G1 X125.500 Y91.540 Z5.924 E0.13061 F382.8 ; V* 0.40, H* 14.81
G1 X126.500 Y91.540 Z5.924 E0.13061 F382.8 ; V* 0.40, H* 14.81
G1 X127.500 Y91.540 Z5.924 E0.13061 F382.8 ; V* 0.40, H* 14.81
G1 X128.500 Y91.540 Z5.924 E0.13061 F382.8 ; V* 0.40, H* 14.81
G1 X129.500 Y91.540 Z5.924 E0.13061 F382.8 ; V* 0.40, H* 14.81
G1 X130.500 Y91.540 Z5.924 E0.13061 F382.8 ; V* 0.40, H* 14.81
G1 X131.500 Y91.540 Z5.924 E0.13061 F382.8 ; V* 0.40, H* 14.81
G1 X132.500 Y91.540 Z5.924 E0.13061 F382.8 ; V* 0.40, H* 14.81
G1 X133.500 Y91.540 Z5.924 E0.13061 F382.8 ; V* 0.40, H* 14.81
G0 X134.500 Y91.540 Z2.772 F3000.0 ; Parameter change travel move: V* 0.40->0.15, H* 14.81-> 6.93
G1 X135.500 Y91.540 Z2.772 E0.34830 F143.6 ; V* 0.15, H* 6.93
G1 X136.500 Y91.540 Z2.772 E0.34830 F143.6 ; V* 0.15, H* 6.93
G1 X137.500 Y91.540 Z2.772 E0.34830 F143.6 ; V* 0.15, H* 6.93
G1 X138.500 Y91.540 Z2.772 E0.34830 F143.6 ; V* 0.15, H* 6.93
G1 X139.500 Y91.540 Z2.772 E0.34830 F143.6 ; V* 0.15, H* 6.93
G1 X140.500 Y91.540 Z2.772 E0.34830 F143.6 ; V* 0.15, H* 6.93
G1 X141.500 Y91.540 Z2.772 E0.34830 F143.6 ; V* 0.15, H* 6.93
G1 X142.500 Y91.540 Z2.772 E0.34830 F143.6 ; V* 0.15, H* 6.93
G1 X143.500 Y91.540 Z2.772 E0.34830 F143.6 ; V* 0.15, H* 6.93
G1 X144.500 Y91.540 Z2.772 E0.34830 F143.6 ; V* 0.15, H* 6.93
G1 X145.500 Y91.540 Z2.772 E0.34830 F143.6 ; V* 0.15, H* 6.93
G0 X146.500 Y91.540 Z5.924 F3000.0 ; Parameter change travel move: V* 0.15->0.40, H* 6.93-> 14.81
G1 X147.500 Y91.540 Z5.924 E0.13061 F382.8 ; V* 0.40, H* 14.81
G1 X148.500 Y91.540 Z5.924 E0.13061 F382.8 ; V* 0.40, H* 14.81
G1 X149.500 Y91.540 Z5.924 E0.13061 F382.8 ; V* 0.40, H* 14.81
G1 X150.500 Y91.540 Z5.924 E0.13061 F382.8 ; V* 0.40, H* 14.81
G1 X151.500 Y91.540 Z5.924 E0.13061 F382.8 ; V* 0.40, H* 14.81
G1 X152.500 Y91.540 Z5.924 E0.13061 F382.8 ; V* 0.40, H* 14.81
G1 X153.500 Y91.540 Z5.924 E0.13061 F382.8 ; V* 0.40, H* 14.81
G1 X154.500 Y91.540 Z5.924 E0.13061 F382.8 ; V* 0.40, H* 14.81
G1 X155.500 Y91.540 Z5.924 E0.13061 F382.8 ; V* 0.40, H* 14.81
G1 X156.500 Y91.540 Z5.924 E0.13061 F382.8 ; V* 0.40, H* 14.81
G1 X157.500 Y91.540 Z5.924 E0.13061 F382.8 ; V* 0.40, H* 14.81
G1 X157.500 Y92.540 Z5.924 E0.13061 F382.8 ; V* 0.40, H* 14.81
G1 X157.500 Y92.740 Z5.924 E0.02612 F382.8 ; V* 0.40, H* 14.81
G1 X156.500 Y92.740 Z5.924 E0.13061 F382.8 ; V* 0.40, H* 14.81
G1 X155.500 Y92.740 Z5.924 E0.13061 F382.8 ; V* 0.40, H* 14.81
G1 X154.500 Y92.740 Z5.924 E0.13061 F382.8 ; V* 0.40, H* 14.81
G1 X153.500 Y92.740 Z5.924 E0.13061 F382.8 ; V* 0.40, H* 14.81
G1 X152.500 Y92.740 Z5.924 E0.13061 F382.8 ; V* 0.40, H* 14.81
G1 X151.500 Y92.740 Z5.924 E0.13061 F382.8 ; V* 0.40, H* 14.81
G1 X150.500 Y92.740 Z5.924 E0.13061 F382.8 ; V* 0.40, H* 14.81
G1 X149.500 Y92.740 Z5.924 E0.13061 F382.8 ; V* 0.40, H* 14.81
G1 X148.500 Y92.740 Z5.924 E0.13061 F382.8 ; V* 0.40, H* 14.81
G1 X147.500 Y92.740 Z5.924 E0.13061 F382.8 ; V* 0.40, H* 14.81
G0 X146.500 Y92.740 Z2.772 F3000.0 ; Parameter change travel move: V* 0.40->0.15, H* 14.81-> 6.93
G1 X145.500 Y92.740 Z2.772 E0.34830 F143.6 ; V* 0.15, H* 6.93
G1 X144.500 Y92.740 Z2.772 E0.34830 F143.6 ; V* 0.15, H* 6.93
G1 X143.500 Y92.740 Z2.772 E0.34830 F143.6 ; V* 0.15, H* 6.93
G1 X142.500 Y92.740 Z2.772 E0.34830 F143.6 ; V* 0.15, H* 6.93
G1 X141.500 Y92.740 Z2.772 E0.34830 F143.6 ; V* 0.15, H* 6.93
G1 X140.500 Y92.740 Z2.772 E0.34830 F143.6 ; V* 0.15, H* 6.93
G1 X139.500 Y92.740 Z2.772 E0.34830 F143.6 ; V* 0.15, H* 6.93
G1 X138.500 Y92.740 Z2.772 E0.34830 F143.6 ; V* 0.15, H* 6.93
G1 X137.500 Y92.740 Z2.772 E0.34830 F143.6 ; V* 0.15, H* 6.93
G1 X136.500 Y92.740 Z2.772 E0.34830 F143.6 ; V* 0.15, H* 6.93
G1 X135.500 Y92.740 Z2.772 E0.34830 F143.6 ; V* 0.15, H* 6.93
G1 X134.500 Y92.740 Z2.772 E0.34830 F143.6 ; V* 0.15, H* 6.93
G0 X133.500 Y92.740 Z5.924 F3000.0 ; Parameter change travel move: V* 0.15->0.40, H* 6.93-> 14.81
G1 X132.500 Y92.740 Z5.924 E0.13061 F382.8 ; V* 0.40, H* 14.81
G1 X131.500 Y92.740 Z5.924 E0.13061 F382.8 ; V* 0.40, H* 14.81
G1 X130.500 Y92.740 Z5.924 E0.13061 F382.8 ; V* 0.40, H* 14.81
G1 X129.500 Y92.740 Z5.924 E0.13061 F382.8 ; V* 0.40, H* 14.81
G1 X128.500 Y92.740 Z5.924 E0.13061 F382.8 ; V* 0.40, H* 14.81
G1 X127.500 Y92.740 Z5.924 E0.13061 F382.8 ; V* 0.40, H* 14.81
G1 X126.500 Y92.740 Z5.924 E0.13061 F382.8 ; V* 0.40, H* 14.81
G1 X125.500 Y92.740 Z5.924 E0.13061 F382.8 ; V* 0.40, H* 14.81
G1 X124.500 Y92.740 Z5.924 E0.13061 F382.8 ; V* 0.40, H* 14.81
G1 X123.500 Y92.740 Z5.924 E0.13061 F382.8 ; V* 0.40, H* 14.81
G1 X122.500 Y92.740 Z5.924 E0.13061 F382.8 ; V* 0.40, H* 14.81
G1 X121.500 Y92.740 Z5.924 E0.13061 F382.8 ; V* 0.40, H* 14.81
G1 X120.500 Y92.740 Z5.924 E0.13061 F382.8 ; V* 0.40, H* 14.81
G1 X119.500 Y92.740 Z5.924 E0.13061 F382.8 ; V* 0.40, H* 14.81
G1 X118.500 Y92.740 Z5.924 E0.13061 F382.8 ; V* 0.40, H* 14.81
G1 X117.500 Y92.740 Z5.924 E0.13061 F382.8 ; V* 0.40, H* 14.81
G1 X116.500 Y92.740 Z5.924 E0.13061 F382.8 ; V* 0.40, H* 14.81
G1 X115.500 Y92.740 Z5.924 E0.13061 F382.8 ; V* 0.40, H* 14.81
G0 X114.500 Y92.740 Z2.772 F3000.0 ; Parameter change travel move: V* 0.40->0.15, H* 14.81-> 6.93
G1 X113.500 Y92.740 Z2.772 E0.34830 F143.6 ; V* 0.15, H* 6.93
G1 X112.500 Y92.740 Z2.772 E0.34830 F143.6 ; V* 0.15, H* 6.93
G1 X111.500 Y92.740 Z2.772 E0.34830 F143.6 ; V* 0.15, H* 6.93
G1 X110.500 Y92.740 Z2.772 E0.34830 F143.6 ; V* 0.15, H* 6.93
G1 X109.500 Y92.740 Z2.772 E0.34830 F143.6 ; V* 0.15, H* 6.93
G0 X108.500 Y92.740 Z5.924 F3000.0 ; Parameter change travel move: V* 0.15->0.40, H* 6.93-> 14.81
G1 X107.500 Y92.740 Z5.924 E0.13061 F382.8 ; V* 0.40, H* 14.81
G1 X106.500 Y92.740 Z5.924 E0.13061 F382.8 ; V* 0.40, H* 14.81
G1 X105.500 Y92.740 Z5.924 E0.13061 F382.8 ; V* 0.40, H* 14.81
G1 X104.500 Y92.740 Z5.924 E0.13061 F382.8 ; V* 0.40, H* 14.81
G1 X103.500 Y92.740 Z5.924 E0.13061 F382.8 ; V* 0.40, H* 14.81
G1 X102.500 Y92.740 Z5.924 E0.13061 F382.8 ; V* 0.40, H* 14.81
G1 X101.500 Y92.740 Z5.924 E0.13061 F382.8 ; V* 0.40, H* 14.81
G1 X100.500 Y92.740 Z5.924 E0.13061 F382.8 ; V* 0.40, H* 14.81
G1 X99.500 Y92.740 Z5.924 E0.13061 F382.8 ; V* 0.40, H* 14.81
G1 X98.500 Y92.740 Z5.924 E0.13061 F382.8 ; V* 0.40, H* 14.81
G1 X97.500 Y92.740 Z5.924 E0.13061 F382.8 ; V* 0.40, H* 14.81
G1 X97.500 Y93.740 Z5.924 E0.13061 F382.8 ; V* 0.40, H* 14.81
G1 X97.500 Y93.940 Z5.924 E0.02612 F382.8 ; V* 0.40, H* 14.81
G1 X98.500 Y93.940 Z5.924 E0.13061 F382.8 ; V* 0.40, H* 14.81
G1 X99.500 Y93.940 Z5.924 E0.13061 F382.8 ; V* 0.40, H* 14.81
G1 X100.500 Y93.940 Z5.924 E0.13061 F382.8 ; V* 0.40, H* 14.81
G1 X101.500 Y93.940 Z5.924 E0.13061 F382.8 ; V* 0.40, H* 14.81
G1 X102.500 Y93.940 Z5.924 E0.13061 F382.8 ; V* 0.40, H* 14.81
G1 X103.500 Y93.940 Z5.924 E0.13061 F382.8 ; V* 0.40, H* 14.81
G1 X104.500 Y93.940 Z5.924 E0.13061 F382.8 ; V* 0.40, H* 14.81
G1 X105.500 Y93.940 Z5.924 E0.13061 F382.8 ; V* 0.40, H* 14.81
G1 X106.500 Y93.940 Z5.924 E0.13061 F382.8 ; V* 0.40, H* 14.81
G1 X107.500 Y93.940 Z5.924 E0.13061 F382.8 ; V* 0.40, H* 14.81
G1 X108.500 Y93.940 Z5.924 E0.13061 F382.8 ; V* 0.40, H* 14.81
G0 X109.500 Y93.940 Z2.772 F3000.0 ; Parameter change travel move: V* 0.40->0.15, H* 14.81-> 6.93
G1 X110.500 Y93.940 Z2.772 E0.34830 F143.6 ; V* 0.15, H* 6.93
G1 X111.500 Y93.940 Z2.772 E0.34830 F143.6 ; V* 0.15, H* 6.93
G1 X112.500 Y93.940 Z2.772 E0.34830 F143.6 ; V* 0.15, H* 6.93
G1 X113.500 Y93.940 Z2.772 E0.34830 F143.6 ; V* 0.15, H* 6.93
G1 X114.500 Y93.940 Z2.772 E0.34830 F143.6 ; V* 0.15, H* 6.93
G1 X115.500 Y93.940 Z2.772 E0.34830 F143.6 ; V* 0.15, H* 6.93
G0 X116.500 Y93.940 Z5.924 F3000.0 ; Parameter change travel move: V* 0.15->0.40, H* 6.93-> 14.81
G1 X117.500 Y93.940 Z5.924 E0.13061 F382.8 ; V* 0.40, H* 14.81
G1 X118.500 Y93.940 Z5.924 E0.13061 F382.8 ; V* 0.40, H* 14.81
G1 X119.500 Y93.940 Z5.924 E0.13061 F382.8 ; V* 0.40, H* 14.81
G1 X120.500 Y93.940 Z5.924 E0.13061 F382.8 ; V* 0.40, H* 14.81
G1 X121.500 Y93.940 Z5.924 E0.13061 F382.8 ; V* 0.40, H* 14.81
G1 X122.500 Y93.940 Z5.924 E0.13061 F382.8 ; V* 0.40, H* 14.81
G1 X123.500 Y93.940 Z5.924 E0.13061 F382.8 ; V* 0.40, H* 14.81
G1 X124.500 Y93.940 Z5.924 E0.13061 F382.8 ; V* 0.40, H* 14.81
G1 X125.500 Y93.940 Z5.924 E0.13061 F382.8 ; V* 0.40, H* 14.81
G1 X126.500 Y93.940 Z5.924 E0.13061 F382.8 ; V* 0.40, H* 14.81
G1 X127.500 Y93.940 Z5.924 E0.13061 F382.8 ; V* 0.40, H* 14.81
G1 X128.500 Y93.940 Z5.924 E0.13061 F382.8 ; V* 0.40, H* 14.81
G1 X129.500 Y93.940 Z5.924 E0.13061 F382.8 ; V* 0.40, H* 14.81
G1 X130.500 Y93.940 Z5.924 E0.13061 F382.8 ; V* 0.40, H* 14.81
G1 X131.500 Y93.940 Z5.924 E0.13061 F382.8 ; V* 0.40, H* 14.81
G1 X132.500 Y93.940 Z5.924 E0.13061 F382.8 ; V* 0.40, H* 14.81
G1 X133.500 Y93.940 Z5.924 E0.13061 F382.8 ; V* 0.40, H* 14.81
G1 X134.500 Y93.940 Z5.924 E0.13061 F382.8 ; V* 0.40, H* 14.81
G0 X135.500 Y93.940 Z2.772 F3000.0 ; Parameter change travel move: V* 0.40->0.15, H* 14.81-> 6.93
G1 X136.500 Y93.940 Z2.772 E0.34830 F143.6 ; V* 0.15, H* 6.93
G1 X137.500 Y93.940 Z2.772 E0.34830 F143.6 ; V* 0.15, H* 6.93
G1 X138.500 Y93.940 Z2.772 E0.34830 F143.6 ; V* 0.15, H* 6.93
G1 X139.500 Y93.940 Z2.772 E0.34830 F143.6 ; V* 0.15, H* 6.93
G1 X140.500 Y93.940 Z2.772 E0.34830 F143.6 ; V* 0.15, H* 6.93
G1 X141.500 Y93.940 Z2.772 E0.34830 F143.6 ; V* 0.15, H* 6.93
G1 X142.500 Y93.940 Z2.772 E0.34830 F143.6 ; V* 0.15, H* 6.93
G1 X143.500 Y93.940 Z2.772 E0.34830 F143.6 ; V* 0.15, H* 6.93
G1 X144.500 Y93.940 Z2.772 E0.34830 F143.6 ; V* 0.15, H* 6.93
G1 X145.500 Y93.940 Z2.772 E0.34830 F143.6 ; V* 0.15, H* 6.93
G1 X146.500 Y93.940 Z2.772 E0.34830 F143.6 ; V* 0.15, H* 6.93
G0 X147.500 Y93.940 Z5.924 F3000.0 ; Parameter change travel move: V* 0.15->0.40, H* 6.93-> 14.81
G1 X148.500 Y93.940 Z5.924 E0.13061 F382.8 ; V* 0.40, H* 14.81
G1 X149.500 Y93.940 Z5.924 E0.13061 F382.8 ; V* 0.40, H* 14.81
G1 X150.500 Y93.940 Z5.924 E0.13061 F382.8 ; V* 0.40, H* 14.81
G1 X151.500 Y93.940 Z5.924 E0.13061 F382.8 ; V* 0.40, H* 14.81
G1 X152.500 Y93.940 Z5.924 E0.13061 F382.8 ; V* 0.40, H* 14.81
G1 X153.500 Y93.940 Z5.924 E0.13061 F382.8 ; V* 0.40, H* 14.81
G1 X154.500 Y93.940 Z5.924 E0.13061 F382.8 ; V* 0.40, H* 14.81
G1 X155.500 Y93.940 Z5.924 E0.13061 F382.8 ; V* 0.40, H* 14.81
G1 X156.500 Y93.940 Z5.924 E0.13061 F382.8 ; V* 0.40, H* 14.81
G1 X157.500 Y93.940 Z5.924 E0.13061 F382.8 ; V* 0.40, H* 14.81
G1 X157.500 Y94.940 Z5.924 E0.13061 F382.8 ; V* 0.40, H* 14.81
G1 X157.500 Y95.140 Z5.924 E0.02612 F382.8 ; V* 0.40, H* 14.81
G1 X156.500 Y95.140 Z5.924 E0.13061 F382.8 ; V* 0.40, H* 14.81
G1 X155.500 Y95.140 Z5.924 E0.13061 F382.8 ; V* 0.40, H* 14.81
G1 X154.500 Y95.140 Z5.924 E0.13061 F382.8 ; V* 0.40, H* 14.81
G1 X153.500 Y95.140 Z5.924 E0.13061 F382.8 ; V* 0.40, H* 14.81
G1 X152.500 Y95.140 Z5.924 E0.13061 F382.8 ; V* 0.40, H* 14.81
G1 X151.500 Y95.140 Z5.924 E0.13061 F382.8 ; V* 0.40, H* 14.81
G1 X150.500 Y95.140 Z5.924 E0.13061 F382.8 ; V* 0.40, H* 14.81
G1 X149.500 Y95.140 Z5.924 E0.13061 F382.8 ; V* 0.40, H* 14.81
G1 X148.500 Y95.140 Z5.924 E0.13061 F382.8 ; V* 0.40, H* 14.81
G1 X147.500 Y95.140 Z5.924 E0.13061 F382.8 ; V* 0.40, H* 14.81
G1 X146.500 Y95.140 Z5.924 E0.13061 F382.8 ; V* 0.40, H* 14.81
G0 X145.500 Y95.140 Z2.772 F3000.0 ; Parameter change travel move: V* 0.40->0.15, H* 14.81-> 6.93
G1 X144.500 Y95.140 Z2.772 E0.34830 F143.6 ; V* 0.15, H* 6.93
G1 X143.500 Y95.140 Z2.772 E0.34830 F143.6 ; V* 0.15, H* 6.93
G1 X142.500 Y95.140 Z2.772 E0.34830 F143.6 ; V* 0.15, H* 6.93
G1 X141.500 Y95.140 Z2.772 E0.34830 F143.6 ; V* 0.15, H* 6.93
G1 X140.500 Y95.140 Z2.772 E0.34830 F143.6 ; V* 0.15, H* 6.93
G1 X139.500 Y95.140 Z2.772 E0.34830 F143.6 ; V* 0.15, H* 6.93
G1 X138.500 Y95.140 Z2.772 E0.34830 F143.6 ; V* 0.15, H* 6.93
G1 X137.500 Y95.140 Z2.772 E0.34830 F143.6 ; V* 0.15, H* 6.93
G1 X136.500 Y95.140 Z2.772 E0.34830 F143.6 ; V* 0.15, H* 6.93
G1 X135.500 Y95.140 Z2.772 E0.34830 F143.6 ; V* 0.15, H* 6.93
G1 X134.500 Y95.140 Z2.772 E0.34830 F143.6 ; V* 0.15, H* 6.93
G0 X133.500 Y95.140 Z5.924 F3000.0 ; Parameter change travel move: V* 0.15->0.40, H* 6.93-> 14.81
G1 X132.500 Y95.140 Z5.924 E0.13061 F382.8 ; V* 0.40, H* 14.81
G1 X131.500 Y95.140 Z5.924 E0.13061 F382.8 ; V* 0.40, H* 14.81
G1 X130.500 Y95.140 Z5.924 E0.13061 F382.8 ; V* 0.40, H* 14.81
G1 X129.500 Y95.140 Z5.924 E0.13061 F382.8 ; V* 0.40, H* 14.81
G1 X128.500 Y95.140 Z5.924 E0.13061 F382.8 ; V* 0.40, H* 14.81
G1 X127.500 Y95.140 Z5.924 E0.13061 F382.8 ; V* 0.40, H* 14.81
G1 X126.500 Y95.140 Z5.924 E0.13061 F382.8 ; V* 0.40, H* 14.81
G1 X125.500 Y95.140 Z5.924 E0.13061 F382.8 ; V* 0.40, H* 14.81
G1 X124.500 Y95.140 Z5.924 E0.13061 F382.8 ; V* 0.40, H* 14.81
G1 X123.500 Y95.140 Z5.924 E0.13061 F382.8 ; V* 0.40, H* 14.81
G1 X122.500 Y95.140 Z5.924 E0.13061 F382.8 ; V* 0.40, H* 14.81
G1 X121.500 Y95.140 Z5.924 E0.13061 F382.8 ; V* 0.40, H* 14.81
G1 X120.500 Y95.140 Z5.924 E0.13061 F382.8 ; V* 0.40, H* 14.81
G1 X119.500 Y95.140 Z5.924 E0.13061 F382.8 ; V* 0.40, H* 14.81
G1 X118.500 Y95.140 Z5.924 E0.13061 F382.8 ; V* 0.40, H* 14.81
G1 X117.500 Y95.140 Z5.924 E0.13061 F382.8 ; V* 0.40, H* 14.81
G1 X116.500 Y95.140 Z5.924 E0.13061 F382.8 ; V* 0.40, H* 14.81
G0 X115.500 Y95.140 Z2.772 F3000.0 ; Parameter change travel move: V* 0.40->0.15, H* 14.81-> 6.93
G1 X114.500 Y95.140 Z2.772 E0.34830 F143.6 ; V* 0.15, H* 6.93
G1 X113.500 Y95.140 Z2.772 E0.34830 F143.6 ; V* 0.15, H* 6.93
G1 X112.500 Y95.140 Z2.772 E0.34830 F143.6 ; V* 0.15, H* 6.93
G1 X111.500 Y95.140 Z2.772 E0.34830 F143.6 ; V* 0.15, H* 6.93
G0 X110.500 Y95.140 Z5.924 F3000.0 ; Parameter change travel move: V* 0.15->0.40, H* 6.93-> 14.81
G1 X109.500 Y95.140 Z5.924 E0.13061 F382.8 ; V* 0.40, H* 14.81
G1 X108.500 Y95.140 Z5.924 E0.13061 F382.8 ; V* 0.40, H* 14.81
G1 X107.500 Y95.140 Z5.924 E0.13061 F382.8 ; V* 0.40, H* 14.81
G1 X106.500 Y95.140 Z5.924 E0.13061 F382.8 ; V* 0.40, H* 14.81
G1 X105.500 Y95.140 Z5.924 E0.13061 F382.8 ; V* 0.40, H* 14.81
G1 X104.500 Y95.140 Z5.924 E0.13061 F382.8 ; V* 0.40, H* 14.81
G1 X103.500 Y95.140 Z5.924 E0.13061 F382.8 ; V* 0.40, H* 14.81
G1 X102.500 Y95.140 Z5.924 E0.13061 F382.8 ; V* 0.40, H* 14.81
G1 X101.500 Y95.140 Z5.924 E0.13061 F382.8 ; V* 0.40, H* 14.81
G1 X100.500 Y95.140 Z5.924 E0.13061 F382.8 ; V* 0.40, H* 14.81
G1 X99.500 Y95.140 Z5.924 E0.13061 F382.8 ; V* 0.40, H* 14.81
G1 X98.500 Y95.140 Z5.924 E0.13061 F382.8 ; V* 0.40, H* 14.81
G1 X97.500 Y95.140 Z5.924 E0.13061 F382.8 ; V* 0.40, H* 14.81
G1 X97.500 Y96.140 Z5.924 E0.13061 F382.8 ; V* 0.40, H* 14.81
G1 X97.500 Y96.340 Z5.924 E0.02612 F382.8 ; V* 0.40, H* 14.81
G1 X98.500 Y96.340 Z5.924 E0.13061 F382.8 ; V* 0.40, H* 14.81
G1 X99.500 Y96.340 Z5.924 E0.13061 F382.8 ; V* 0.40, H* 14.81
G1 X100.500 Y96.340 Z5.924 E0.13061 F382.8 ; V* 0.40, H* 14.81
G1 X101.500 Y96.340 Z5.924 E0.13061 F382.8 ; V* 0.40, H* 14.81
G1 X102.500 Y96.340 Z5.924 E0.13061 F382.8 ; V* 0.40, H* 14.81
G1 X103.500 Y96.340 Z5.924 E0.13061 F382.8 ; V* 0.40, H* 14.81
G1 X104.500 Y96.340 Z5.924 E0.13061 F382.8 ; V* 0.40, H* 14.81
G1 X105.500 Y96.340 Z5.924 E0.13061 F382.8 ; V* 0.40, H* 14.81
G1 X106.500 Y96.340 Z5.924 E0.13061 F382.8 ; V* 0.40, H* 14.81
G1 X107.500 Y96.340 Z5.924 E0.13061 F382.8 ; V* 0.40, H* 14.81
G1 X108.500 Y96.340 Z5.924 E0.13061 F382.8 ; V* 0.40, H* 14.81
G1 X109.500 Y96.340 Z5.924 E0.13061 F382.8 ; V* 0.40, H* 14.81
G1 X110.500 Y96.340 Z5.924 E0.13061 F382.8 ; V* 0.40, H* 14.81
G1 X111.500 Y96.340 Z5.924 E0.13061 F382.8 ; V* 0.40, H* 14.81
G1 X112.500 Y96.340 Z5.924 E0.13061 F382.8 ; V* 0.40, H* 14.81
G1 X113.500 Y96.340 Z5.924 E0.13061 F382.8 ; V* 0.40, H* 14.81
G1 X114.500 Y96.340 Z5.924 E0.13061 F382.8 ; V* 0.40, H* 14.81
G1 X115.500 Y96.340 Z5.924 E0.13061 F382.8 ; V* 0.40, H* 14.81
G1 X116.500 Y96.340 Z5.924 E0.13061 F382.8 ; V* 0.40, H* 14.81
G1 X117.500 Y96.340 Z5.924 E0.13061 F382.8 ; V* 0.40, H* 14.81
G1 X118.500 Y96.340 Z5.924 E0.13061 F382.8 ; V* 0.40, H* 14.81
G1 X119.500 Y96.340 Z5.924 E0.13061 F382.8 ; V* 0.40, H* 14.81
G1 X120.500 Y96.340 Z5.924 E0.13061 F382.8 ; V* 0.40, H* 14.81
G1 X121.500 Y96.340 Z5.924 E0.13061 F382.8 ; V* 0.40, H* 14.81
G1 X122.500 Y96.340 Z5.924 E0.13061 F382.8 ; V* 0.40, H* 14.81
G1 X123.500 Y96.340 Z5.924 E0.13061 F382.8 ; V* 0.40, H* 14.81
G1 X124.500 Y96.340 Z5.924 E0.13061 F382.8 ; V* 0.40, H* 14.81
G1 X125.500 Y96.340 Z5.924 E0.13061 F382.8 ; V* 0.40, H* 14.81
G1 X126.500 Y96.340 Z5.924 E0.13061 F382.8 ; V* 0.40, H* 14.81
G1 X127.500 Y96.340 Z5.924 E0.13061 F382.8 ; V* 0.40, H* 14.81
G1 X128.500 Y96.340 Z5.924 E0.13061 F382.8 ; V* 0.40, H* 14.81
G1 X129.500 Y96.340 Z5.924 E0.13061 F382.8 ; V* 0.40, H* 14.81
G1 X130.500 Y96.340 Z5.924 E0.13061 F382.8 ; V* 0.40, H* 14.81
G1 X131.500 Y96.340 Z5.924 E0.13061 F382.8 ; V* 0.40, H* 14.81
G1 X132.500 Y96.340 Z5.924 E0.13061 F382.8 ; V* 0.40, H* 14.81
G1 X133.500 Y96.340 Z5.924 E0.13061 F382.8 ; V* 0.40, H* 14.81
G0 X134.500 Y96.340 Z2.772 F3000.0 ; Parameter change travel move: V* 0.40->0.15, H* 14.81-> 6.93
G1 X135.500 Y96.340 Z2.772 E0.34830 F143.6 ; V* 0.15, H* 6.93
G1 X136.500 Y96.340 Z2.772 E0.34830 F143.6 ; V* 0.15, H* 6.93
G1 X137.500 Y96.340 Z2.772 E0.34830 F143.6 ; V* 0.15, H* 6.93
G1 X138.500 Y96.340 Z2.772 E0.34830 F143.6 ; V* 0.15, H* 6.93
G1 X139.500 Y96.340 Z2.772 E0.34830 F143.6 ; V* 0.15, H* 6.93
G1 X140.500 Y96.340 Z2.772 E0.34830 F143.6 ; V* 0.15, H* 6.93
G1 X141.500 Y96.340 Z2.772 E0.34830 F143.6 ; V* 0.15, H* 6.93
G1 X142.500 Y96.340 Z2.772 E0.34830 F143.6 ; V* 0.15, H* 6.93
G1 X143.500 Y96.340 Z2.772 E0.34830 F143.6 ; V* 0.15, H* 6.93
G1 X144.500 Y96.340 Z2.772 E0.34830 F143.6 ; V* 0.15, H* 6.93
G0 X145.500 Y96.340 Z5.924 F3000.0 ; Parameter change travel move: V* 0.15->0.40, H* 6.93-> 14.81
G1 X146.500 Y96.340 Z5.924 E0.13061 F382.8 ; V* 0.40, H* 14.81
G1 X147.500 Y96.340 Z5.924 E0.13061 F382.8 ; V* 0.40, H* 14.81
G1 X148.500 Y96.340 Z5.924 E0.13061 F382.8 ; V* 0.40, H* 14.81
G1 X149.500 Y96.340 Z5.924 E0.13061 F382.8 ; V* 0.40, H* 14.81
G1 X150.500 Y96.340 Z5.924 E0.13061 F382.8 ; V* 0.40, H* 14.81
G1 X151.500 Y96.340 Z5.924 E0.13061 F382.8 ; V* 0.40, H* 14.81
G1 X152.500 Y96.340 Z5.924 E0.13061 F382.8 ; V* 0.40, H* 14.81
G1 X153.500 Y96.340 Z5.924 E0.13061 F382.8 ; V* 0.40, H* 14.81
G1 X154.500 Y96.340 Z5.924 E0.13061 F382.8 ; V* 0.40, H* 14.81
G1 X155.500 Y96.340 Z5.924 E0.13061 F382.8 ; V* 0.40, H* 14.81
G1 X156.500 Y96.340 Z5.924 E0.13061 F382.8 ; V* 0.40, H* 14.81
G1 X157.500 Y96.340 Z5.924 E0.13061 F382.8 ; V* 0.40, H* 14.81
G1 X157.500 Y97.340 Z5.924 E0.13061 F382.8 ; V* 0.40, H* 14.81
G1 X157.500 Y97.540 Z5.924 E0.02612 F382.8 ; V* 0.40, H* 14.81
G1 X156.500 Y97.540 Z5.924 E0.13061 F382.8 ; V* 0.40, H* 14.81
G1 X155.500 Y97.540 Z5.924 E0.13061 F382.8 ; V* 0.40, H* 14.81
G1 X154.500 Y97.540 Z5.924 E0.13061 F382.8 ; V* 0.40, H* 14.81
G1 X153.500 Y97.540 Z5.924 E0.13061 F382.8 ; V* 0.40, H* 14.81
G1 X152.500 Y97.540 Z5.924 E0.13061 F382.8 ; V* 0.40, H* 14.81
G1 X151.500 Y97.540 Z5.924 E0.13061 F382.8 ; V* 0.40, H* 14.81
G1 X150.500 Y97.540 Z5.924 E0.13061 F382.8 ; V* 0.40, H* 14.81
G1 X149.500 Y97.540 Z5.924 E0.13061 F382.8 ; V* 0.40, H* 14.81
G1 X148.500 Y97.540 Z5.924 E0.13061 F382.8 ; V* 0.40, H* 14.81
G1 X147.500 Y97.540 Z5.924 E0.13061 F382.8 ; V* 0.40, H* 14.81
G1 X146.500 Y97.540 Z5.924 E0.13061 F382.8 ; V* 0.40, H* 14.81
G1 X145.500 Y97.540 Z5.924 E0.13061 F382.8 ; V* 0.40, H* 14.81
G1 X144.500 Y97.540 Z5.924 E0.13061 F382.8 ; V* 0.40, H* 14.81
G0 X143.500 Y97.540 Z2.772 F3000.0 ; Parameter change travel move: V* 0.40->0.15, H* 14.81-> 6.93
G1 X142.500 Y97.540 Z2.772 E0.34830 F143.6 ; V* 0.15, H* 6.93
G1 X141.500 Y97.540 Z2.772 E0.34830 F143.6 ; V* 0.15, H* 6.93
G1 X140.500 Y97.540 Z2.772 E0.34830 F143.6 ; V* 0.15, H* 6.93
G1 X139.500 Y97.540 Z2.772 E0.34830 F143.6 ; V* 0.15, H* 6.93
G1 X138.500 Y97.540 Z2.772 E0.34830 F143.6 ; V* 0.15, H* 6.93
G1 X137.500 Y97.540 Z2.772 E0.34830 F143.6 ; V* 0.15, H* 6.93
G1 X136.500 Y97.540 Z2.772 E0.34830 F143.6 ; V* 0.15, H* 6.93
G1 X135.500 Y97.540 Z2.772 E0.34830 F143.6 ; V* 0.15, H* 6.93
G1 X134.500 Y97.540 Z2.772 E0.34830 F143.6 ; V* 0.15, H* 6.93
G0 X133.500 Y97.540 Z5.924 F3000.0 ; Parameter change travel move: V* 0.15->0.40, H* 6.93-> 14.81
G1 X132.500 Y97.540 Z5.924 E0.13061 F382.8 ; V* 0.40, H* 14.81
G1 X131.500 Y97.540 Z5.924 E0.13061 F382.8 ; V* 0.40, H* 14.81
G1 X130.500 Y97.540 Z5.924 E0.13061 F382.8 ; V* 0.40, H* 14.81
G1 X129.500 Y97.540 Z5.924 E0.13061 F382.8 ; V* 0.40, H* 14.81
G1 X128.500 Y97.540 Z5.924 E0.13061 F382.8 ; V* 0.40, H* 14.81
G1 X127.500 Y97.540 Z5.924 E0.13061 F382.8 ; V* 0.40, H* 14.81
G1 X126.500 Y97.540 Z5.924 E0.13061 F382.8 ; V* 0.40, H* 14.81
G1 X125.500 Y97.540 Z5.924 E0.13061 F382.8 ; V* 0.40, H* 14.81
G1 X124.500 Y97.540 Z5.924 E0.13061 F382.8 ; V* 0.40, H* 14.81
G1 X123.500 Y97.540 Z5.924 E0.13061 F382.8 ; V* 0.40, H* 14.81
G1 X122.500 Y97.540 Z5.924 E0.13061 F382.8 ; V* 0.40, H* 14.81
G1 X121.500 Y97.540 Z5.924 E0.13061 F382.8 ; V* 0.40, H* 14.81
G0 X120.500 Y97.540 Z2.772 F3000.0 ; Parameter change travel move: V* 0.40->0.15, H* 14.81-> 6.93
G1 X119.500 Y97.540 Z2.772 E0.34830 F143.6 ; V* 0.15, H* 6.93
G1 X118.500 Y97.540 Z2.772 E0.34830 F143.6 ; V* 0.15, H* 6.93
G1 X117.500 Y97.540 Z2.772 E0.34830 F143.6 ; V* 0.15, H* 6.93
G1 X116.500 Y97.540 Z2.772 E0.34830 F143.6 ; V* 0.15, H* 6.93
G1 X115.500 Y97.540 Z2.772 E0.34830 F143.6 ; V* 0.15, H* 6.93
G1 X114.500 Y97.540 Z2.772 E0.34830 F143.6 ; V* 0.15, H* 6.93
G0 X113.500 Y97.540 Z5.924 F3000.0 ; Parameter change travel move: V* 0.15->0.40, H* 6.93-> 14.81
G1 X112.500 Y97.540 Z5.924 E0.13061 F382.8 ; V* 0.40, H* 14.81
G1 X111.500 Y97.540 Z5.924 E0.13061 F382.8 ; V* 0.40, H* 14.81
G1 X110.500 Y97.540 Z5.924 E0.13061 F382.8 ; V* 0.40, H* 14.81
G1 X109.500 Y97.540 Z5.924 E0.13061 F382.8 ; V* 0.40, H* 14.81
G1 X108.500 Y97.540 Z5.924 E0.13061 F382.8 ; V* 0.40, H* 14.81
G1 X107.500 Y97.540 Z5.924 E0.13061 F382.8 ; V* 0.40, H* 14.81
G1 X106.500 Y97.540 Z5.924 E0.13061 F382.8 ; V* 0.40, H* 14.81
G1 X105.500 Y97.540 Z5.924 E0.13061 F382.8 ; V* 0.40, H* 14.81
G1 X104.500 Y97.540 Z5.924 E0.13061 F382.8 ; V* 0.40, H* 14.81
G1 X103.500 Y97.540 Z5.924 E0.13061 F382.8 ; V* 0.40, H* 14.81
G1 X102.500 Y97.540 Z5.924 E0.13061 F382.8 ; V* 0.40, H* 14.81
G1 X101.500 Y97.540 Z5.924 E0.13061 F382.8 ; V* 0.40, H* 14.81
G1 X100.500 Y97.540 Z5.924 E0.13061 F382.8 ; V* 0.40, H* 14.81
G1 X99.500 Y97.540 Z5.924 E0.13061 F382.8 ; V* 0.40, H* 14.81
G1 X98.500 Y97.540 Z5.924 E0.13061 F382.8 ; V* 0.40, H* 14.81
G1 X97.500 Y97.540 Z5.924 E0.13061 F382.8 ; V* 0.40, H* 14.81
G1 X97.500 Y98.540 Z5.924 E0.13061 F382.8 ; V* 0.40, H* 14.81
G1 X97.500 Y98.740 Z5.924 E0.02612 F382.8 ; V* 0.40, H* 14.81
G1 X98.500 Y98.740 Z5.924 E0.13061 F382.8 ; V* 0.40, H* 14.81
G1 X99.500 Y98.740 Z5.924 E0.13061 F382.8 ; V* 0.40, H* 14.81
G1 X100.500 Y98.740 Z5.924 E0.13061 F382.8 ; V* 0.40, H* 14.81
G1 X101.500 Y98.740 Z5.924 E0.13061 F382.8 ; V* 0.40, H* 14.81
G1 X102.500 Y98.740 Z5.924 E0.13061 F382.8 ; V* 0.40, H* 14.81
G1 X103.500 Y98.740 Z5.924 E0.13061 F382.8 ; V* 0.40, H* 14.81
G1 X104.500 Y98.740 Z5.924 E0.13061 F382.8 ; V* 0.40, H* 14.81
G1 X105.500 Y98.740 Z5.924 E0.13061 F382.8 ; V* 0.40, H* 14.81
G1 X106.500 Y98.740 Z5.924 E0.13061 F382.8 ; V* 0.40, H* 14.81
G1 X107.500 Y98.740 Z5.924 E0.13061 F382.8 ; V* 0.40, H* 14.81
G1 X108.500 Y98.740 Z5.924 E0.13061 F382.8 ; V* 0.40, H* 14.81
G1 X109.500 Y98.740 Z5.924 E0.13061 F382.8 ; V* 0.40, H* 14.81
G1 X110.500 Y98.740 Z5.924 E0.13061 F382.8 ; V* 0.40, H* 14.81
G1 X111.500 Y98.740 Z5.924 E0.13061 F382.8 ; V* 0.40, H* 14.81
G0 X112.500 Y98.740 Z2.772 F3000.0 ; Parameter change travel move: V* 0.40->0.15, H* 14.81-> 6.93
G1 X113.500 Y98.740 Z2.772 E0.34830 F143.6 ; V* 0.15, H* 6.93
G1 X114.500 Y98.740 Z2.772 E0.34830 F143.6 ; V* 0.15, H* 6.93
G1 X115.500 Y98.740 Z2.772 E0.34830 F143.6 ; V* 0.15, H* 6.93
G1 X116.500 Y98.740 Z2.772 E0.34830 F143.6 ; V* 0.15, H* 6.93
G1 X117.500 Y98.740 Z2.772 E0.34830 F143.6 ; V* 0.15, H* 6.93
G1 X118.500 Y98.740 Z2.772 E0.34830 F143.6 ; V* 0.15, H* 6.93
G1 X119.500 Y98.740 Z2.772 E0.34830 F143.6 ; V* 0.15, H* 6.93
G1 X120.500 Y98.740 Z2.772 E0.34830 F143.6 ; V* 0.15, H* 6.93
G0 X121.500 Y98.740 Z5.924 F3000.0 ; Parameter change travel move: V* 0.15->0.40, H* 6.93-> 14.81
G1 X122.500 Y98.740 Z5.924 E0.13061 F382.8 ; V* 0.40, H* 14.81
G1 X123.500 Y98.740 Z5.924 E0.13061 F382.8 ; V* 0.40, H* 14.81
G1 X124.500 Y98.740 Z5.924 E0.13061 F382.8 ; V* 0.40, H* 14.81
G1 X125.500 Y98.740 Z5.924 E0.13061 F382.8 ; V* 0.40, H* 14.81
G1 X126.500 Y98.740 Z5.924 E0.13061 F382.8 ; V* 0.40, H* 14.81
G1 X127.500 Y98.740 Z5.924 E0.13061 F382.8 ; V* 0.40, H* 14.81
G1 X128.500 Y98.740 Z5.924 E0.13061 F382.8 ; V* 0.40, H* 14.81
G1 X129.500 Y98.740 Z5.924 E0.13061 F382.8 ; V* 0.40, H* 14.81
G1 X130.500 Y98.740 Z5.924 E0.13061 F382.8 ; V* 0.40, H* 14.81
G1 X131.500 Y98.740 Z5.924 E0.13061 F382.8 ; V* 0.40, H* 14.81
G1 X132.500 Y98.740 Z5.924 E0.13061 F382.8 ; V* 0.40, H* 14.81
G0 X133.500 Y98.740 Z2.772 F3000.0 ; Parameter change travel move: V* 0.40->0.15, H* 14.81-> 6.93
G1 X134.500 Y98.740 Z2.772 E0.34830 F143.6 ; V* 0.15, H* 6.93
G1 X135.500 Y98.740 Z2.772 E0.34830 F143.6 ; V* 0.15, H* 6.93
G1 X136.500 Y98.740 Z2.772 E0.34830 F143.6 ; V* 0.15, H* 6.93
G1 X137.500 Y98.740 Z2.772 E0.34830 F143.6 ; V* 0.15, H* 6.93
G1 X138.500 Y98.740 Z2.772 E0.34830 F143.6 ; V* 0.15, H* 6.93
G1 X139.500 Y98.740 Z2.772 E0.34830 F143.6 ; V* 0.15, H* 6.93
G1 X140.500 Y98.740 Z2.772 E0.34830 F143.6 ; V* 0.15, H* 6.93
G1 X141.500 Y98.740 Z2.772 E0.34830 F143.6 ; V* 0.15, H* 6.93
G1 X142.500 Y98.740 Z2.772 E0.34830 F143.6 ; V* 0.15, H* 6.93
G1 X143.500 Y98.740 Z2.772 E0.34830 F143.6 ; V* 0.15, H* 6.93
G0 X144.500 Y98.740 Z5.924 F3000.0 ; Parameter change travel move: V* 0.15->0.40, H* 6.93-> 14.81
G1 X145.500 Y98.740 Z5.924 E0.13061 F382.8 ; V* 0.40, H* 14.81
G1 X146.500 Y98.740 Z5.924 E0.13061 F382.8 ; V* 0.40, H* 14.81
G1 X147.500 Y98.740 Z5.924 E0.13061 F382.8 ; V* 0.40, H* 14.81
G1 X148.500 Y98.740 Z5.924 E0.13061 F382.8 ; V* 0.40, H* 14.81
G1 X149.500 Y98.740 Z5.924 E0.13061 F382.8 ; V* 0.40, H* 14.81
G1 X150.500 Y98.740 Z5.924 E0.13061 F382.8 ; V* 0.40, H* 14.81
G1 X151.500 Y98.740 Z5.924 E0.13061 F382.8 ; V* 0.40, H* 14.81
G1 X152.500 Y98.740 Z5.924 E0.13061 F382.8 ; V* 0.40, H* 14.81
G1 X153.500 Y98.740 Z5.924 E0.13061 F382.8 ; V* 0.40, H* 14.81
G1 X154.500 Y98.740 Z5.924 E0.13061 F382.8 ; V* 0.40, H* 14.81
G1 X155.500 Y98.740 Z5.924 E0.13061 F382.8 ; V* 0.40, H* 14.81
G1 X156.500 Y98.740 Z5.924 E0.13061 F382.8 ; V* 0.40, H* 14.81
G1 X157.500 Y98.740 Z5.924 E0.13061 F382.8 ; V* 0.40, H* 14.81
G1 X157.500 Y99.740 Z5.924 E0.13061 F382.8 ; V* 0.40, H* 14.81
G1 X157.500 Y99.940 Z5.924 E0.02612 F382.8 ; V* 0.40, H* 14.81
G1 X156.500 Y99.940 Z5.924 E0.13061 F382.8 ; V* 0.40, H* 14.81
G1 X155.500 Y99.940 Z5.924 E0.13061 F382.8 ; V* 0.40, H* 14.81
G1 X154.500 Y99.940 Z5.924 E0.13061 F382.8 ; V* 0.40, H* 14.81
G1 X153.500 Y99.940 Z5.924 E0.13061 F382.8 ; V* 0.40, H* 14.81
G1 X152.500 Y99.940 Z5.924 E0.13061 F382.8 ; V* 0.40, H* 14.81
G1 X151.500 Y99.940 Z5.924 E0.13061 F382.8 ; V* 0.40, H* 14.81
G1 X150.500 Y99.940 Z5.924 E0.13061 F382.8 ; V* 0.40, H* 14.81
G1 X149.500 Y99.940 Z5.924 E0.13061 F382.8 ; V* 0.40, H* 14.81
G1 X148.500 Y99.940 Z5.924 E0.13061 F382.8 ; V* 0.40, H* 14.81
G1 X147.500 Y99.940 Z5.924 E0.13061 F382.8 ; V* 0.40, H* 14.81
G1 X146.500 Y99.940 Z5.924 E0.13061 F382.8 ; V* 0.40, H* 14.81
G1 X145.500 Y99.940 Z5.924 E0.13061 F382.8 ; V* 0.40, H* 14.81
G1 X144.500 Y99.940 Z5.924 E0.13061 F382.8 ; V* 0.40, H* 14.81
G1 X143.500 Y99.940 Z5.924 E0.13061 F382.8 ; V* 0.40, H* 14.81
G0 X142.500 Y99.940 Z2.772 F3000.0 ; Parameter change travel move: V* 0.40->0.15, H* 14.81-> 6.93
G1 X141.500 Y99.940 Z2.772 E0.34830 F143.6 ; V* 0.15, H* 6.93
G1 X140.500 Y99.940 Z2.772 E0.34830 F143.6 ; V* 0.15, H* 6.93
G1 X139.500 Y99.940 Z2.772 E0.34830 F143.6 ; V* 0.15, H* 6.93
G1 X138.500 Y99.940 Z2.772 E0.34830 F143.6 ; V* 0.15, H* 6.93
G1 X137.500 Y99.940 Z2.772 E0.34830 F143.6 ; V* 0.15, H* 6.93
G1 X136.500 Y99.940 Z2.772 E0.34830 F143.6 ; V* 0.15, H* 6.93
G1 X135.500 Y99.940 Z2.772 E0.34830 F143.6 ; V* 0.15, H* 6.93
G1 X134.500 Y99.940 Z2.772 E0.34830 F143.6 ; V* 0.15, H* 6.93
G1 X133.500 Y99.940 Z2.772 E0.34830 F143.6 ; V* 0.15, H* 6.93
G1 X132.500 Y99.940 Z2.772 E0.34830 F143.6 ; V* 0.15, H* 6.93
G0 X131.500 Y99.940 Z5.924 F3000.0 ; Parameter change travel move: V* 0.15->0.40, H* 6.93-> 14.81
G1 X130.500 Y99.940 Z5.924 E0.13061 F382.8 ; V* 0.40, H* 14.81
G1 X129.500 Y99.940 Z5.924 E0.13061 F382.8 ; V* 0.40, H* 14.81
G0 X128.500 Y99.940 Z2.772 F3000.0 ; Parameter change travel move: V* 0.40->0.15, H* 14.81-> 6.93
G1 X127.500 Y99.940 Z2.772 E0.34830 F143.6 ; V* 0.15, H* 6.93
G1 X126.500 Y99.940 Z2.772 E0.34830 F143.6 ; V* 0.15, H* 6.93
G1 X125.500 Y99.940 Z2.772 E0.34830 F143.6 ; V* 0.15, H* 6.93
G0 X124.500 Y99.940 Z5.924 F3000.0 ; Parameter change travel move: V* 0.15->0.40, H* 6.93-> 14.81
G1 X123.500 Y99.940 Z5.924 E0.13061 F382.8 ; V* 0.40, H* 14.81
G1 X122.500 Y99.940 Z5.924 E0.13061 F382.8 ; V* 0.40, H* 14.81
G1 X121.500 Y99.940 Z5.924 E0.13061 F382.8 ; V* 0.40, H* 14.81
G0 X120.500 Y99.940 Z2.772 F3000.0 ; Parameter change travel move: V* 0.40->0.15, H* 14.81-> 6.93
G1 X119.500 Y99.940 Z2.772 E0.34830 F143.6 ; V* 0.15, H* 6.93
G1 X118.500 Y99.940 Z2.772 E0.34830 F143.6 ; V* 0.15, H* 6.93
G1 X117.500 Y99.940 Z2.772 E0.34830 F143.6 ; V* 0.15, H* 6.93
G1 X116.500 Y99.940 Z2.772 E0.34830 F143.6 ; V* 0.15, H* 6.93
G1 X115.500 Y99.940 Z2.772 E0.34830 F143.6 ; V* 0.15, H* 6.93
G1 X114.500 Y99.940 Z2.772 E0.34830 F143.6 ; V* 0.15, H* 6.93
G1 X113.500 Y99.940 Z2.772 E0.34830 F143.6 ; V* 0.15, H* 6.93
G1 X112.500 Y99.940 Z2.772 E0.34830 F143.6 ; V* 0.15, H* 6.93
G1 X111.500 Y99.940 Z2.772 E0.34830 F143.6 ; V* 0.15, H* 6.93
G0 X110.500 Y99.940 Z5.924 F3000.0 ; Parameter change travel move: V* 0.15->0.40, H* 6.93-> 14.81
G1 X109.500 Y99.940 Z5.924 E0.13061 F382.8 ; V* 0.40, H* 14.81
G1 X108.500 Y99.940 Z5.924 E0.13061 F382.8 ; V* 0.40, H* 14.81
G1 X107.500 Y99.940 Z5.924 E0.13061 F382.8 ; V* 0.40, H* 14.81
G1 X106.500 Y99.940 Z5.924 E0.13061 F382.8 ; V* 0.40, H* 14.81
G1 X105.500 Y99.940 Z5.924 E0.13061 F382.8 ; V* 0.40, H* 14.81
G1 X104.500 Y99.940 Z5.924 E0.13061 F382.8 ; V* 0.40, H* 14.81
G1 X103.500 Y99.940 Z5.924 E0.13061 F382.8 ; V* 0.40, H* 14.81
G1 X102.500 Y99.940 Z5.924 E0.13061 F382.8 ; V* 0.40, H* 14.81
G1 X101.500 Y99.940 Z5.924 E0.13061 F382.8 ; V* 0.40, H* 14.81
G1 X100.500 Y99.940 Z5.924 E0.13061 F382.8 ; V* 0.40, H* 14.81
G1 X99.500 Y99.940 Z5.924 E0.13061 F382.8 ; V* 0.40, H* 14.81
G1 X98.500 Y99.940 Z5.924 E0.13061 F382.8 ; V* 0.40, H* 14.81
G1 X97.500 Y99.940 Z5.924 E0.13061 F382.8 ; V* 0.40, H* 14.81
G1 X97.500 Y100.940 Z5.924 E0.13061 F382.8 ; V* 0.40, H* 14.81
G1 X97.500 Y101.140 Z5.924 E0.02612 F382.8 ; V* 0.40, H* 14.81
G1 X98.500 Y101.140 Z5.924 E0.13061 F382.8 ; V* 0.40, H* 14.81
G1 X99.500 Y101.140 Z5.924 E0.13061 F382.8 ; V* 0.40, H* 14.81
G1 X100.500 Y101.140 Z5.924 E0.13061 F382.8 ; V* 0.40, H* 14.81
G1 X101.500 Y101.140 Z5.924 E0.13061 F382.8 ; V* 0.40, H* 14.81
G1 X102.500 Y101.140 Z5.924 E0.13061 F382.8 ; V* 0.40, H* 14.81
G1 X103.500 Y101.140 Z5.924 E0.13061 F382.8 ; V* 0.40, H* 14.81
G1 X104.500 Y101.140 Z5.924 E0.13061 F382.8 ; V* 0.40, H* 14.81
G1 X105.500 Y101.140 Z5.924 E0.13061 F382.8 ; V* 0.40, H* 14.81
G1 X106.500 Y101.140 Z5.924 E0.13061 F382.8 ; V* 0.40, H* 14.81
G1 X107.500 Y101.140 Z5.924 E0.13061 F382.8 ; V* 0.40, H* 14.81
G1 X108.500 Y101.140 Z5.924 E0.13061 F382.8 ; V* 0.40, H* 14.81
G1 X109.500 Y101.140 Z5.924 E0.13061 F382.8 ; V* 0.40, H* 14.81
G0 X110.500 Y101.140 Z2.772 F3000.0 ; Parameter change travel move: V* 0.40->0.15, H* 14.81-> 6.93
G1 X111.500 Y101.140 Z2.772 E0.34830 F143.6 ; V* 0.15, H* 6.93
G1 X112.500 Y101.140 Z2.772 E0.34830 F143.6 ; V* 0.15, H* 6.93
G1 X113.500 Y101.140 Z2.772 E0.34830 F143.6 ; V* 0.15, H* 6.93
G1 X114.500 Y101.140 Z2.772 E0.34830 F143.6 ; V* 0.15, H* 6.93
G1 X115.500 Y101.140 Z2.772 E0.34830 F143.6 ; V* 0.15, H* 6.93
G1 X116.500 Y101.140 Z2.772 E0.34830 F143.6 ; V* 0.15, H* 6.93
G1 X117.500 Y101.140 Z2.772 E0.34830 F143.6 ; V* 0.15, H* 6.93
G1 X118.500 Y101.140 Z2.772 E0.34830 F143.6 ; V* 0.15, H* 6.93
G1 X119.500 Y101.140 Z2.772 E0.34830 F143.6 ; V* 0.15, H* 6.93
G1 X120.500 Y101.140 Z2.772 E0.34830 F143.6 ; V* 0.15, H* 6.93
G0 X121.500 Y101.140 Z5.924 F3000.0 ; Parameter change travel move: V* 0.15->0.40, H* 6.93-> 14.81
G0 X122.500 Y101.140 Z2.772 F3000.0 ; Parameter change travel move: V* 0.40->0.15, H* 14.81-> 6.93
G1 X123.500 Y101.140 Z2.772 E0.34830 F143.6 ; V* 0.15, H* 6.93
G1 X124.500 Y101.140 Z2.772 E0.34830 F143.6 ; V* 0.15, H* 6.93
G1 X125.500 Y101.140 Z2.772 E0.34830 F143.6 ; V* 0.15, H* 6.93
G1 X126.500 Y101.140 Z2.772 E0.34830 F143.6 ; V* 0.15, H* 6.93
G1 X127.500 Y101.140 Z2.772 E0.34830 F143.6 ; V* 0.15, H* 6.93
G1 X128.500 Y101.140 Z2.772 E0.34830 F143.6 ; V* 0.15, H* 6.93
G1 X129.500 Y101.140 Z2.772 E0.34830 F143.6 ; V* 0.15, H* 6.93
G1 X130.500 Y101.140 Z2.772 E0.34830 F143.6 ; V* 0.15, H* 6.93
G1 X131.500 Y101.140 Z2.772 E0.34830 F143.6 ; V* 0.15, H* 6.93
G1 X132.500 Y101.140 Z2.772 E0.34830 F143.6 ; V* 0.15, H* 6.93
G1 X133.500 Y101.140 Z2.772 E0.34830 F143.6 ; V* 0.15, H* 6.93
G1 X134.500 Y101.140 Z2.772 E0.34830 F143.6 ; V* 0.15, H* 6.93
G1 X135.500 Y101.140 Z2.772 E0.34830 F143.6 ; V* 0.15, H* 6.93
G1 X136.500 Y101.140 Z2.772 E0.34830 F143.6 ; V* 0.15, H* 6.93
G1 X137.500 Y101.140 Z2.772 E0.34830 F143.6 ; V* 0.15, H* 6.93
G1 X138.500 Y101.140 Z2.772 E0.34830 F143.6 ; V* 0.15, H* 6.93
G1 X139.500 Y101.140 Z2.772 E0.34830 F143.6 ; V* 0.15, H* 6.93
G1 X140.500 Y101.140 Z2.772 E0.34830 F143.6 ; V* 0.15, H* 6.93
G1 X141.500 Y101.140 Z2.772 E0.34830 F143.6 ; V* 0.15, H* 6.93
G1 X142.500 Y101.140 Z2.772 E0.34830 F143.6 ; V* 0.15, H* 6.93
G0 X143.500 Y101.140 Z5.924 F3000.0 ; Parameter change travel move: V* 0.15->0.40, H* 6.93-> 14.81
G1 X144.500 Y101.140 Z5.924 E0.13061 F382.8 ; V* 0.40, H* 14.81
G1 X145.500 Y101.140 Z5.924 E0.13061 F382.8 ; V* 0.40, H* 14.81
G1 X146.500 Y101.140 Z5.924 E0.13061 F382.8 ; V* 0.40, H* 14.81
G1 X147.500 Y101.140 Z5.924 E0.13061 F382.8 ; V* 0.40, H* 14.81
G1 X148.500 Y101.140 Z5.924 E0.13061 F382.8 ; V* 0.40, H* 14.81
G1 X149.500 Y101.140 Z5.924 E0.13061 F382.8 ; V* 0.40, H* 14.81
G1 X150.500 Y101.140 Z5.924 E0.13061 F382.8 ; V* 0.40, H* 14.81
G1 X151.500 Y101.140 Z5.924 E0.13061 F382.8 ; V* 0.40, H* 14.81
G1 X152.500 Y101.140 Z5.924 E0.13061 F382.8 ; V* 0.40, H* 14.81
G1 X153.500 Y101.140 Z5.924 E0.13061 F382.8 ; V* 0.40, H* 14.81
G1 X154.500 Y101.140 Z5.924 E0.13061 F382.8 ; V* 0.40, H* 14.81
G1 X155.500 Y101.140 Z5.924 E0.13061 F382.8 ; V* 0.40, H* 14.81
G1 X156.500 Y101.140 Z5.924 E0.13061 F382.8 ; V* 0.40, H* 14.81
G1 X157.500 Y101.140 Z5.924 E0.13061 F382.8 ; V* 0.40, H* 14.81
G1 X157.500 Y102.140 Z5.924 E0.13061 F382.8 ; V* 0.40, H* 14.81
G1 X157.500 Y102.340 Z5.924 E0.02612 F382.8 ; V* 0.40, H* 14.81
G1 X156.500 Y102.340 Z5.924 E0.13061 F382.8 ; V* 0.40, H* 14.81
G1 X155.500 Y102.340 Z5.924 E0.13061 F382.8 ; V* 0.40, H* 14.81
G1 X154.500 Y102.340 Z5.924 E0.13061 F382.8 ; V* 0.40, H* 14.81
G1 X153.500 Y102.340 Z5.924 E0.13061 F382.8 ; V* 0.40, H* 14.81
G1 X152.500 Y102.340 Z5.924 E0.13061 F382.8 ; V* 0.40, H* 14.81
G1 X151.500 Y102.340 Z5.924 E0.13061 F382.8 ; V* 0.40, H* 14.81
G1 X150.500 Y102.340 Z5.924 E0.13061 F382.8 ; V* 0.40, H* 14.81
G1 X149.500 Y102.340 Z5.924 E0.13061 F382.8 ; V* 0.40, H* 14.81
G1 X148.500 Y102.340 Z5.924 E0.13061 F382.8 ; V* 0.40, H* 14.81
G1 X147.500 Y102.340 Z5.924 E0.13061 F382.8 ; V* 0.40, H* 14.81
G1 X146.500 Y102.340 Z5.924 E0.13061 F382.8 ; V* 0.40, H* 14.81
G1 X145.500 Y102.340 Z5.924 E0.13061 F382.8 ; V* 0.40, H* 14.81
G1 X144.500 Y102.340 Z5.924 E0.13061 F382.8 ; V* 0.40, H* 14.81
G1 X143.500 Y102.340 Z5.924 E0.13061 F382.8 ; V* 0.40, H* 14.81
G0 X142.500 Y102.340 Z2.772 F3000.0 ; Parameter change travel move: V* 0.40->0.15, H* 14.81-> 6.93
G1 X141.500 Y102.340 Z2.772 E0.34830 F143.6 ; V* 0.15, H* 6.93
G1 X140.500 Y102.340 Z2.772 E0.34830 F143.6 ; V* 0.15, H* 6.93
G1 X139.500 Y102.340 Z2.772 E0.34830 F143.6 ; V* 0.15, H* 6.93
G1 X138.500 Y102.340 Z2.772 E0.34830 F143.6 ; V* 0.15, H* 6.93
G1 X137.500 Y102.340 Z2.772 E0.34830 F143.6 ; V* 0.15, H* 6.93
G1 X136.500 Y102.340 Z2.772 E0.34830 F143.6 ; V* 0.15, H* 6.93
G1 X135.500 Y102.340 Z2.772 E0.34830 F143.6 ; V* 0.15, H* 6.93
G1 X134.500 Y102.340 Z2.772 E0.34830 F143.6 ; V* 0.15, H* 6.93
G1 X133.500 Y102.340 Z2.772 E0.34830 F143.6 ; V* 0.15, H* 6.93
G1 X132.500 Y102.340 Z2.772 E0.34830 F143.6 ; V* 0.15, H* 6.93
G1 X131.500 Y102.340 Z2.772 E0.34830 F143.6 ; V* 0.15, H* 6.93
G1 X130.500 Y102.340 Z2.772 E0.34830 F143.6 ; V* 0.15, H* 6.93
G1 X129.500 Y102.340 Z2.772 E0.34830 F143.6 ; V* 0.15, H* 6.93
G1 X128.500 Y102.340 Z2.772 E0.34830 F143.6 ; V* 0.15, H* 6.93
G1 X127.500 Y102.340 Z2.772 E0.34830 F143.6 ; V* 0.15, H* 6.93
G1 X126.500 Y102.340 Z2.772 E0.34830 F143.6 ; V* 0.15, H* 6.93
G1 X125.500 Y102.340 Z2.772 E0.34830 F143.6 ; V* 0.15, H* 6.93
G1 X124.500 Y102.340 Z2.772 E0.34830 F143.6 ; V* 0.15, H* 6.93
G1 X123.500 Y102.340 Z2.772 E0.34830 F143.6 ; V* 0.15, H* 6.93
G1 X122.500 Y102.340 Z2.772 E0.34830 F143.6 ; V* 0.15, H* 6.93
G1 X121.500 Y102.340 Z2.772 E0.34830 F143.6 ; V* 0.15, H* 6.93
G1 X120.500 Y102.340 Z2.772 E0.34830 F143.6 ; V* 0.15, H* 6.93
G1 X119.500 Y102.340 Z2.772 E0.34830 F143.6 ; V* 0.15, H* 6.93
G1 X118.500 Y102.340 Z2.772 E0.34830 F143.6 ; V* 0.15, H* 6.93
G1 X117.500 Y102.340 Z2.772 E0.34830 F143.6 ; V* 0.15, H* 6.93
G1 X116.500 Y102.340 Z2.772 E0.34830 F143.6 ; V* 0.15, H* 6.93
G1 X115.500 Y102.340 Z2.772 E0.34830 F143.6 ; V* 0.15, H* 6.93
G1 X114.500 Y102.340 Z2.772 E0.34830 F143.6 ; V* 0.15, H* 6.93
G1 X113.500 Y102.340 Z2.772 E0.34830 F143.6 ; V* 0.15, H* 6.93
G1 X112.500 Y102.340 Z2.772 E0.34830 F143.6 ; V* 0.15, H* 6.93
G1 X111.500 Y102.340 Z2.772 E0.34830 F143.6 ; V* 0.15, H* 6.93
G1 X110.500 Y102.340 Z2.772 E0.34830 F143.6 ; V* 0.15, H* 6.93
G1 X109.500 Y102.340 Z2.772 E0.34830 F143.6 ; V* 0.15, H* 6.93
G0 X108.500 Y102.340 Z5.924 F3000.0 ; Parameter change travel move: V* 0.15->0.40, H* 6.93-> 14.81
G1 X107.500 Y102.340 Z5.924 E0.13061 F382.8 ; V* 0.40, H* 14.81
G1 X106.500 Y102.340 Z5.924 E0.13061 F382.8 ; V* 0.40, H* 14.81
G1 X105.500 Y102.340 Z5.924 E0.13061 F382.8 ; V* 0.40, H* 14.81
G1 X104.500 Y102.340 Z5.924 E0.13061 F382.8 ; V* 0.40, H* 14.81
G1 X103.500 Y102.340 Z5.924 E0.13061 F382.8 ; V* 0.40, H* 14.81
G1 X102.500 Y102.340 Z5.924 E0.13061 F382.8 ; V* 0.40, H* 14.81
G1 X101.500 Y102.340 Z5.924 E0.13061 F382.8 ; V* 0.40, H* 14.81
G1 X100.500 Y102.340 Z5.924 E0.13061 F382.8 ; V* 0.40, H* 14.81
G1 X99.500 Y102.340 Z5.924 E0.13061 F382.8 ; V* 0.40, H* 14.81
G1 X98.500 Y102.340 Z5.924 E0.13061 F382.8 ; V* 0.40, H* 14.81
G1 X97.500 Y102.340 Z5.924 E0.13061 F382.8 ; V* 0.40, H* 14.81
G1 X97.500 Y103.340 Z5.924 E0.13061 F382.8 ; V* 0.40, H* 14.81
G1 X97.500 Y103.540 Z5.924 E0.02612 F382.8 ; V* 0.40, H* 14.81
G1 X98.500 Y103.540 Z5.924 E0.13061 F382.8 ; V* 0.40, H* 14.81
G1 X99.500 Y103.540 Z5.924 E0.13061 F382.8 ; V* 0.40, H* 14.81
G1 X100.500 Y103.540 Z5.924 E0.13061 F382.8 ; V* 0.40, H* 14.81
G1 X101.500 Y103.540 Z5.924 E0.13061 F382.8 ; V* 0.40, H* 14.81
G1 X102.500 Y103.540 Z5.924 E0.13061 F382.8 ; V* 0.40, H* 14.81
G1 X103.500 Y103.540 Z5.924 E0.13061 F382.8 ; V* 0.40, H* 14.81
G1 X104.500 Y103.540 Z5.924 E0.13061 F382.8 ; V* 0.40, H* 14.81
G1 X105.500 Y103.540 Z5.924 E0.13061 F382.8 ; V* 0.40, H* 14.81
G1 X106.500 Y103.540 Z5.924 E0.13061 F382.8 ; V* 0.40, H* 14.81
G1 X107.500 Y103.540 Z5.924 E0.13061 F382.8 ; V* 0.40, H* 14.81
G1 X108.500 Y103.540 Z5.924 E0.13061 F382.8 ; V* 0.40, H* 14.81
G0 X109.500 Y103.540 Z2.772 F3000.0 ; Parameter change travel move: V* 0.40->0.15, H* 14.81-> 6.93
G1 X110.500 Y103.540 Z2.772 E0.34830 F143.6 ; V* 0.15, H* 6.93
G1 X111.500 Y103.540 Z2.772 E0.34830 F143.6 ; V* 0.15, H* 6.93
G1 X112.500 Y103.540 Z2.772 E0.34830 F143.6 ; V* 0.15, H* 6.93
G1 X113.500 Y103.540 Z2.772 E0.34830 F143.6 ; V* 0.15, H* 6.93
G1 X114.500 Y103.540 Z2.772 E0.34830 F143.6 ; V* 0.15, H* 6.93
G1 X115.500 Y103.540 Z2.772 E0.34830 F143.6 ; V* 0.15, H* 6.93
G1 X116.500 Y103.540 Z2.772 E0.34830 F143.6 ; V* 0.15, H* 6.93
G1 X117.500 Y103.540 Z2.772 E0.34830 F143.6 ; V* 0.15, H* 6.93
G1 X118.500 Y103.540 Z2.772 E0.34830 F143.6 ; V* 0.15, H* 6.93
G1 X119.500 Y103.540 Z2.772 E0.34830 F143.6 ; V* 0.15, H* 6.93
G1 X120.500 Y103.540 Z2.772 E0.34830 F143.6 ; V* 0.15, H* 6.93
G1 X121.500 Y103.540 Z2.772 E0.34830 F143.6 ; V* 0.15, H* 6.93
G1 X122.500 Y103.540 Z2.772 E0.34830 F143.6 ; V* 0.15, H* 6.93
G1 X123.500 Y103.540 Z2.772 E0.34830 F143.6 ; V* 0.15, H* 6.93
G1 X124.500 Y103.540 Z2.772 E0.34830 F143.6 ; V* 0.15, H* 6.93
G1 X125.500 Y103.540 Z2.772 E0.34830 F143.6 ; V* 0.15, H* 6.93
G1 X126.500 Y103.540 Z2.772 E0.34830 F143.6 ; V* 0.15, H* 6.93
G1 X127.500 Y103.540 Z2.772 E0.34830 F143.6 ; V* 0.15, H* 6.93
G1 X128.500 Y103.540 Z2.772 E0.34830 F143.6 ; V* 0.15, H* 6.93
G1 X129.500 Y103.540 Z2.772 E0.34830 F143.6 ; V* 0.15, H* 6.93
G1 X130.500 Y103.540 Z2.772 E0.34830 F143.6 ; V* 0.15, H* 6.93
G1 X131.500 Y103.540 Z2.772 E0.34830 F143.6 ; V* 0.15, H* 6.93
G1 X132.500 Y103.540 Z2.772 E0.34830 F143.6 ; V* 0.15, H* 6.93
G1 X133.500 Y103.540 Z2.772 E0.34830 F143.6 ; V* 0.15, H* 6.93
G1 X134.500 Y103.540 Z2.772 E0.34830 F143.6 ; V* 0.15, H* 6.93
G1 X135.500 Y103.540 Z2.772 E0.34830 F143.6 ; V* 0.15, H* 6.93
G1 X136.500 Y103.540 Z2.772 E0.34830 F143.6 ; V* 0.15, H* 6.93
G1 X137.500 Y103.540 Z2.772 E0.34830 F143.6 ; V* 0.15, H* 6.93
G1 X138.500 Y103.540 Z2.772 E0.34830 F143.6 ; V* 0.15, H* 6.93
G1 X139.500 Y103.540 Z2.772 E0.34830 F143.6 ; V* 0.15, H* 6.93
G1 X140.500 Y103.540 Z2.772 E0.34830 F143.6 ; V* 0.15, H* 6.93
G1 X141.500 Y103.540 Z2.772 E0.34830 F143.6 ; V* 0.15, H* 6.93
G1 X142.500 Y103.540 Z2.772 E0.34830 F143.6 ; V* 0.15, H* 6.93
G0 X143.500 Y103.540 Z5.924 F3000.0 ; Parameter change travel move: V* 0.15->0.40, H* 6.93-> 14.81
G1 X144.500 Y103.540 Z5.924 E0.13061 F382.8 ; V* 0.40, H* 14.81
G1 X145.500 Y103.540 Z5.924 E0.13061 F382.8 ; V* 0.40, H* 14.81
G1 X146.500 Y103.540 Z5.924 E0.13061 F382.8 ; V* 0.40, H* 14.81
G1 X147.500 Y103.540 Z5.924 E0.13061 F382.8 ; V* 0.40, H* 14.81
G1 X148.500 Y103.540 Z5.924 E0.13061 F382.8 ; V* 0.40, H* 14.81
G1 X149.500 Y103.540 Z5.924 E0.13061 F382.8 ; V* 0.40, H* 14.81
G1 X150.500 Y103.540 Z5.924 E0.13061 F382.8 ; V* 0.40, H* 14.81
G1 X151.500 Y103.540 Z5.924 E0.13061 F382.8 ; V* 0.40, H* 14.81
G1 X152.500 Y103.540 Z5.924 E0.13061 F382.8 ; V* 0.40, H* 14.81
G1 X153.500 Y103.540 Z5.924 E0.13061 F382.8 ; V* 0.40, H* 14.81
G1 X154.500 Y103.540 Z5.924 E0.13061 F382.8 ; V* 0.40, H* 14.81
G1 X155.500 Y103.540 Z5.924 E0.13061 F382.8 ; V* 0.40, H* 14.81
G1 X156.500 Y103.540 Z5.924 E0.13061 F382.8 ; V* 0.40, H* 14.81
G1 X157.500 Y103.540 Z5.924 E0.13061 F382.8 ; V* 0.40, H* 14.81
G1 X157.500 Y104.540 Z5.924 E0.13061 F382.8 ; V* 0.40, H* 14.81
G1 X157.500 Y104.740 Z5.924 E0.02612 F382.8 ; V* 0.40, H* 14.81
G1 X156.500 Y104.740 Z5.924 E0.13061 F382.8 ; V* 0.40, H* 14.81
G1 X155.500 Y104.740 Z5.924 E0.13061 F382.8 ; V* 0.40, H* 14.81
G1 X154.500 Y104.740 Z5.924 E0.13061 F382.8 ; V* 0.40, H* 14.81
G1 X153.500 Y104.740 Z5.924 E0.13061 F382.8 ; V* 0.40, H* 14.81
G1 X152.500 Y104.740 Z5.924 E0.13061 F382.8 ; V* 0.40, H* 14.81
G1 X151.500 Y104.740 Z5.924 E0.13061 F382.8 ; V* 0.40, H* 14.81
G1 X150.500 Y104.740 Z5.924 E0.13061 F382.8 ; V* 0.40, H* 14.81
G1 X149.500 Y104.740 Z5.924 E0.13061 F382.8 ; V* 0.40, H* 14.81
G1 X148.500 Y104.740 Z5.924 E0.13061 F382.8 ; V* 0.40, H* 14.81
G1 X147.500 Y104.740 Z5.924 E0.13061 F382.8 ; V* 0.40, H* 14.81
G1 X146.500 Y104.740 Z5.924 E0.13061 F382.8 ; V* 0.40, H* 14.81
G1 X145.500 Y104.740 Z5.924 E0.13061 F382.8 ; V* 0.40, H* 14.81
G1 X144.500 Y104.740 Z5.924 E0.13061 F382.8 ; V* 0.40, H* 14.81
G1 X143.500 Y104.740 Z5.924 E0.13061 F382.8 ; V* 0.40, H* 14.81
G0 X142.500 Y104.740 Z2.772 F3000.0 ; Parameter change travel move: V* 0.40->0.15, H* 14.81-> 6.93
G1 X141.500 Y104.740 Z2.772 E0.34830 F143.6 ; V* 0.15, H* 6.93
G1 X140.500 Y104.740 Z2.772 E0.34830 F143.6 ; V* 0.15, H* 6.93
G1 X139.500 Y104.740 Z2.772 E0.34830 F143.6 ; V* 0.15, H* 6.93
G1 X138.500 Y104.740 Z2.772 E0.34830 F143.6 ; V* 0.15, H* 6.93
G1 X137.500 Y104.740 Z2.772 E0.34830 F143.6 ; V* 0.15, H* 6.93
G1 X136.500 Y104.740 Z2.772 E0.34830 F143.6 ; V* 0.15, H* 6.93
G1 X135.500 Y104.740 Z2.772 E0.34830 F143.6 ; V* 0.15, H* 6.93
G1 X134.500 Y104.740 Z2.772 E0.34830 F143.6 ; V* 0.15, H* 6.93
G1 X133.500 Y104.740 Z2.772 E0.34830 F143.6 ; V* 0.15, H* 6.93
G1 X132.500 Y104.740 Z2.772 E0.34830 F143.6 ; V* 0.15, H* 6.93
G1 X131.500 Y104.740 Z2.772 E0.34830 F143.6 ; V* 0.15, H* 6.93
G1 X130.500 Y104.740 Z2.772 E0.34830 F143.6 ; V* 0.15, H* 6.93
G1 X129.500 Y104.740 Z2.772 E0.34830 F143.6 ; V* 0.15, H* 6.93
G1 X128.500 Y104.740 Z2.772 E0.34830 F143.6 ; V* 0.15, H* 6.93
G1 X127.500 Y104.740 Z2.772 E0.34830 F143.6 ; V* 0.15, H* 6.93
G1 X126.500 Y104.740 Z2.772 E0.34830 F143.6 ; V* 0.15, H* 6.93
G1 X125.500 Y104.740 Z2.772 E0.34830 F143.6 ; V* 0.15, H* 6.93
G1 X124.500 Y104.740 Z2.772 E0.34830 F143.6 ; V* 0.15, H* 6.93
G1 X123.500 Y104.740 Z2.772 E0.34830 F143.6 ; V* 0.15, H* 6.93
G1 X122.500 Y104.740 Z2.772 E0.34830 F143.6 ; V* 0.15, H* 6.93
G0 X121.500 Y104.740 Z5.924 F3000.0 ; Parameter change travel move: V* 0.15->0.40, H* 6.93-> 14.81
G1 X120.500 Y104.740 Z5.924 E0.13061 F382.8 ; V* 0.40, H* 14.81
G0 X119.500 Y104.740 Z2.772 F3000.0 ; Parameter change travel move: V* 0.40->0.15, H* 14.81-> 6.93
G1 X118.500 Y104.740 Z2.772 E0.34830 F143.6 ; V* 0.15, H* 6.93
G1 X117.500 Y104.740 Z2.772 E0.34830 F143.6 ; V* 0.15, H* 6.93
G1 X116.500 Y104.740 Z2.772 E0.34830 F143.6 ; V* 0.15, H* 6.93
G1 X115.500 Y104.740 Z2.772 E0.34830 F143.6 ; V* 0.15, H* 6.93
G1 X114.500 Y104.740 Z2.772 E0.34830 F143.6 ; V* 0.15, H* 6.93
G1 X113.500 Y104.740 Z2.772 E0.34830 F143.6 ; V* 0.15, H* 6.93
G1 X112.500 Y104.740 Z2.772 E0.34830 F143.6 ; V* 0.15, H* 6.93
G1 X111.500 Y104.740 Z2.772 E0.34830 F143.6 ; V* 0.15, H* 6.93
G1 X110.500 Y104.740 Z2.772 E0.34830 F143.6 ; V* 0.15, H* 6.93
G1 X109.500 Y104.740 Z2.772 E0.34830 F143.6 ; V* 0.15, H* 6.93
G0 X108.500 Y104.740 Z5.924 F3000.0 ; Parameter change travel move: V* 0.15->0.40, H* 6.93-> 14.81
G1 X107.500 Y104.740 Z5.924 E0.13061 F382.8 ; V* 0.40, H* 14.81
G1 X106.500 Y104.740 Z5.924 E0.13061 F382.8 ; V* 0.40, H* 14.81
G1 X105.500 Y104.740 Z5.924 E0.13061 F382.8 ; V* 0.40, H* 14.81
G1 X104.500 Y104.740 Z5.924 E0.13061 F382.8 ; V* 0.40, H* 14.81
G1 X103.500 Y104.740 Z5.924 E0.13061 F382.8 ; V* 0.40, H* 14.81
G1 X102.500 Y104.740 Z5.924 E0.13061 F382.8 ; V* 0.40, H* 14.81
G1 X101.500 Y104.740 Z5.924 E0.13061 F382.8 ; V* 0.40, H* 14.81
G1 X100.500 Y104.740 Z5.924 E0.13061 F382.8 ; V* 0.40, H* 14.81
G1 X99.500 Y104.740 Z5.924 E0.13061 F382.8 ; V* 0.40, H* 14.81
G1 X98.500 Y104.740 Z5.924 E0.13061 F382.8 ; V* 0.40, H* 14.81
G1 X97.500 Y104.740 Z5.924 E0.13061 F382.8 ; V* 0.40, H* 14.81
G1 X97.500 Y105.740 Z5.924 E0.13061 F382.8 ; V* 0.40, H* 14.81
G1 X97.500 Y105.940 Z5.924 E0.02612 F382.8 ; V* 0.40, H* 14.81
G1 X98.500 Y105.940 Z5.924 E0.13061 F382.8 ; V* 0.40, H* 14.81
G1 X99.500 Y105.940 Z5.924 E0.13061 F382.8 ; V* 0.40, H* 14.81
G1 X100.500 Y105.940 Z5.924 E0.13061 F382.8 ; V* 0.40, H* 14.81
G1 X101.500 Y105.940 Z5.924 E0.13061 F382.8 ; V* 0.40, H* 14.81
G1 X102.500 Y105.940 Z5.924 E0.13061 F382.8 ; V* 0.40, H* 14.81
G1 X103.500 Y105.940 Z5.924 E0.13061 F382.8 ; V* 0.40, H* 14.81
G1 X104.500 Y105.940 Z5.924 E0.13061 F382.8 ; V* 0.40, H* 14.81
G1 X105.500 Y105.940 Z5.924 E0.13061 F382.8 ; V* 0.40, H* 14.81
G1 X106.500 Y105.940 Z5.924 E0.13061 F382.8 ; V* 0.40, H* 14.81
G1 X107.500 Y105.940 Z5.924 E0.13061 F382.8 ; V* 0.40, H* 14.81
G1 X108.500 Y105.940 Z5.924 E0.13061 F382.8 ; V* 0.40, H* 14.81
G0 X109.500 Y105.940 Z2.772 F3000.0 ; Parameter change travel move: V* 0.40->0.15, H* 14.81-> 6.93
G1 X110.500 Y105.940 Z2.772 E0.34830 F143.6 ; V* 0.15, H* 6.93
G1 X111.500 Y105.940 Z2.772 E0.34830 F143.6 ; V* 0.15, H* 6.93
G1 X112.500 Y105.940 Z2.772 E0.34830 F143.6 ; V* 0.15, H* 6.93
G1 X113.500 Y105.940 Z2.772 E0.34830 F143.6 ; V* 0.15, H* 6.93
G1 X114.500 Y105.940 Z2.772 E0.34830 F143.6 ; V* 0.15, H* 6.93
G1 X115.500 Y105.940 Z2.772 E0.34830 F143.6 ; V* 0.15, H* 6.93
G1 X116.500 Y105.940 Z2.772 E0.34830 F143.6 ; V* 0.15, H* 6.93
G1 X117.500 Y105.940 Z2.772 E0.34830 F143.6 ; V* 0.15, H* 6.93
G0 X118.500 Y105.940 Z5.924 F3000.0 ; Parameter change travel move: V* 0.15->0.40, H* 6.93-> 14.81
G1 X119.500 Y105.940 Z5.924 E0.13061 F382.8 ; V* 0.40, H* 14.81
G1 X120.500 Y105.940 Z5.924 E0.13061 F382.8 ; V* 0.40, H* 14.81
G1 X121.500 Y105.940 Z5.924 E0.13061 F382.8 ; V* 0.40, H* 14.81
G1 X122.500 Y105.940 Z5.924 E0.13061 F382.8 ; V* 0.40, H* 14.81
G1 X123.500 Y105.940 Z5.924 E0.13061 F382.8 ; V* 0.40, H* 14.81
G1 X124.500 Y105.940 Z5.924 E0.13061 F382.8 ; V* 0.40, H* 14.81
G0 X125.500 Y105.940 Z2.772 F3000.0 ; Parameter change travel move: V* 0.40->0.15, H* 14.81-> 6.93
G1 X126.500 Y105.940 Z2.772 E0.34830 F143.6 ; V* 0.15, H* 6.93
G1 X127.500 Y105.940 Z2.772 E0.34830 F143.6 ; V* 0.15, H* 6.93
G1 X128.500 Y105.940 Z2.772 E0.34830 F143.6 ; V* 0.15, H* 6.93
G1 X129.500 Y105.940 Z2.772 E0.34830 F143.6 ; V* 0.15, H* 6.93
G1 X130.500 Y105.940 Z2.772 E0.34830 F143.6 ; V* 0.15, H* 6.93
G1 X131.500 Y105.940 Z2.772 E0.34830 F143.6 ; V* 0.15, H* 6.93
G1 X132.500 Y105.940 Z2.772 E0.34830 F143.6 ; V* 0.15, H* 6.93
G1 X133.500 Y105.940 Z2.772 E0.34830 F143.6 ; V* 0.15, H* 6.93
G1 X134.500 Y105.940 Z2.772 E0.34830 F143.6 ; V* 0.15, H* 6.93
G1 X135.500 Y105.940 Z2.772 E0.34830 F143.6 ; V* 0.15, H* 6.93
G1 X136.500 Y105.940 Z2.772 E0.34830 F143.6 ; V* 0.15, H* 6.93
G1 X137.500 Y105.940 Z2.772 E0.34830 F143.6 ; V* 0.15, H* 6.93
G1 X138.500 Y105.940 Z2.772 E0.34830 F143.6 ; V* 0.15, H* 6.93
G1 X139.500 Y105.940 Z2.772 E0.34830 F143.6 ; V* 0.15, H* 6.93
G1 X140.500 Y105.940 Z2.772 E0.34830 F143.6 ; V* 0.15, H* 6.93
G1 X141.500 Y105.940 Z2.772 E0.34830 F143.6 ; V* 0.15, H* 6.93
G1 X142.500 Y105.940 Z2.772 E0.34830 F143.6 ; V* 0.15, H* 6.93
G0 X143.500 Y105.940 Z5.924 F3000.0 ; Parameter change travel move: V* 0.15->0.40, H* 6.93-> 14.81
G1 X144.500 Y105.940 Z5.924 E0.13061 F382.8 ; V* 0.40, H* 14.81
G1 X145.500 Y105.940 Z5.924 E0.13061 F382.8 ; V* 0.40, H* 14.81
G1 X146.500 Y105.940 Z5.924 E0.13061 F382.8 ; V* 0.40, H* 14.81
G1 X147.500 Y105.940 Z5.924 E0.13061 F382.8 ; V* 0.40, H* 14.81
G1 X148.500 Y105.940 Z5.924 E0.13061 F382.8 ; V* 0.40, H* 14.81
G1 X149.500 Y105.940 Z5.924 E0.13061 F382.8 ; V* 0.40, H* 14.81
G1 X150.500 Y105.940 Z5.924 E0.13061 F382.8 ; V* 0.40, H* 14.81
G1 X151.500 Y105.940 Z5.924 E0.13061 F382.8 ; V* 0.40, H* 14.81
G1 X152.500 Y105.940 Z5.924 E0.13061 F382.8 ; V* 0.40, H* 14.81
G1 X153.500 Y105.940 Z5.924 E0.13061 F382.8 ; V* 0.40, H* 14.81
G1 X154.500 Y105.940 Z5.924 E0.13061 F382.8 ; V* 0.40, H* 14.81
G1 X155.500 Y105.940 Z5.924 E0.13061 F382.8 ; V* 0.40, H* 14.81
G1 X156.500 Y105.940 Z5.924 E0.13061 F382.8 ; V* 0.40, H* 14.81
G1 X157.500 Y105.940 Z5.924 E0.13061 F382.8 ; V* 0.40, H* 14.81
G1 X157.500 Y106.940 Z5.924 E0.13061 F382.8 ; V* 0.40, H* 14.81
G1 X157.500 Y107.140 Z5.924 E0.02612 F382.8 ; V* 0.40, H* 14.81
G1 X156.500 Y107.140 Z5.924 E0.13061 F382.8 ; V* 0.40, H* 14.81
G1 X155.500 Y107.140 Z5.924 E0.13061 F382.8 ; V* 0.40, H* 14.81
G1 X154.500 Y107.140 Z5.924 E0.13061 F382.8 ; V* 0.40, H* 14.81
G1 X153.500 Y107.140 Z5.924 E0.13061 F382.8 ; V* 0.40, H* 14.81
G1 X152.500 Y107.140 Z5.924 E0.13061 F382.8 ; V* 0.40, H* 14.81
G1 X151.500 Y107.140 Z5.924 E0.13061 F382.8 ; V* 0.40, H* 14.81
G1 X150.500 Y107.140 Z5.924 E0.13061 F382.8 ; V* 0.40, H* 14.81
G1 X149.500 Y107.140 Z5.924 E0.13061 F382.8 ; V* 0.40, H* 14.81
G1 X148.500 Y107.140 Z5.924 E0.13061 F382.8 ; V* 0.40, H* 14.81
G1 X147.500 Y107.140 Z5.924 E0.13061 F382.8 ; V* 0.40, H* 14.81
G1 X146.500 Y107.140 Z5.924 E0.13061 F382.8 ; V* 0.40, H* 14.81
G1 X145.500 Y107.140 Z5.924 E0.13061 F382.8 ; V* 0.40, H* 14.81
G1 X144.500 Y107.140 Z5.924 E0.13061 F382.8 ; V* 0.40, H* 14.81
G1 X143.500 Y107.140 Z5.924 E0.13061 F382.8 ; V* 0.40, H* 14.81
G0 X142.500 Y107.140 Z2.772 F3000.0 ; Parameter change travel move: V* 0.40->0.15, H* 14.81-> 6.93
G1 X141.500 Y107.140 Z2.772 E0.34830 F143.6 ; V* 0.15, H* 6.93
G1 X140.500 Y107.140 Z2.772 E0.34830 F143.6 ; V* 0.15, H* 6.93
G1 X139.500 Y107.140 Z2.772 E0.34830 F143.6 ; V* 0.15, H* 6.93
G1 X138.500 Y107.140 Z2.772 E0.34830 F143.6 ; V* 0.15, H* 6.93
G1 X137.500 Y107.140 Z2.772 E0.34830 F143.6 ; V* 0.15, H* 6.93
G1 X136.500 Y107.140 Z2.772 E0.34830 F143.6 ; V* 0.15, H* 6.93
G1 X135.500 Y107.140 Z2.772 E0.34830 F143.6 ; V* 0.15, H* 6.93
G1 X134.500 Y107.140 Z2.772 E0.34830 F143.6 ; V* 0.15, H* 6.93
G1 X133.500 Y107.140 Z2.772 E0.34830 F143.6 ; V* 0.15, H* 6.93
G1 X132.500 Y107.140 Z2.772 E0.34830 F143.6 ; V* 0.15, H* 6.93
G1 X131.500 Y107.140 Z2.772 E0.34830 F143.6 ; V* 0.15, H* 6.93
G1 X130.500 Y107.140 Z2.772 E0.34830 F143.6 ; V* 0.15, H* 6.93
G1 X129.500 Y107.140 Z2.772 E0.34830 F143.6 ; V* 0.15, H* 6.93
G1 X128.500 Y107.140 Z2.772 E0.34830 F143.6 ; V* 0.15, H* 6.93
G1 X127.500 Y107.140 Z2.772 E0.34830 F143.6 ; V* 0.15, H* 6.93
G1 X126.500 Y107.140 Z2.772 E0.34830 F143.6 ; V* 0.15, H* 6.93
G0 X125.500 Y107.140 Z5.924 F3000.0 ; Parameter change travel move: V* 0.15->0.40, H* 6.93-> 14.81
G1 X124.500 Y107.140 Z5.924 E0.13061 F382.8 ; V* 0.40, H* 14.81
G1 X123.500 Y107.140 Z5.924 E0.13061 F382.8 ; V* 0.40, H* 14.81
G1 X122.500 Y107.140 Z5.924 E0.13061 F382.8 ; V* 0.40, H* 14.81
G1 X121.500 Y107.140 Z5.924 E0.13061 F382.8 ; V* 0.40, H* 14.81
G1 X120.500 Y107.140 Z5.924 E0.13061 F382.8 ; V* 0.40, H* 14.81
G1 X119.500 Y107.140 Z5.924 E0.13061 F382.8 ; V* 0.40, H* 14.81
G1 X118.500 Y107.140 Z5.924 E0.13061 F382.8 ; V* 0.40, H* 14.81
G1 X117.500 Y107.140 Z5.924 E0.13061 F382.8 ; V* 0.40, H* 14.81
G0 X116.500 Y107.140 Z2.772 F3000.0 ; Parameter change travel move: V* 0.40->0.15, H* 14.81-> 6.93
G1 X115.500 Y107.140 Z2.772 E0.34830 F143.6 ; V* 0.15, H* 6.93
G1 X114.500 Y107.140 Z2.772 E0.34830 F143.6 ; V* 0.15, H* 6.93
G1 X113.500 Y107.140 Z2.772 E0.34830 F143.6 ; V* 0.15, H* 6.93
G1 X112.500 Y107.140 Z2.772 E0.34830 F143.6 ; V* 0.15, H* 6.93
G1 X111.500 Y107.140 Z2.772 E0.34830 F143.6 ; V* 0.15, H* 6.93
G1 X110.500 Y107.140 Z2.772 E0.34830 F143.6 ; V* 0.15, H* 6.93
G1 X109.500 Y107.140 Z2.772 E0.34830 F143.6 ; V* 0.15, H* 6.93
G1 X108.500 Y107.140 Z2.772 E0.34830 F143.6 ; V* 0.15, H* 6.93
G0 X107.500 Y107.140 Z5.924 F3000.0 ; Parameter change travel move: V* 0.15->0.40, H* 6.93-> 14.81
G1 X106.500 Y107.140 Z5.924 E0.13061 F382.8 ; V* 0.40, H* 14.81
G1 X105.500 Y107.140 Z5.924 E0.13061 F382.8 ; V* 0.40, H* 14.81
G1 X104.500 Y107.140 Z5.924 E0.13061 F382.8 ; V* 0.40, H* 14.81
G1 X103.500 Y107.140 Z5.924 E0.13061 F382.8 ; V* 0.40, H* 14.81
G1 X102.500 Y107.140 Z5.924 E0.13061 F382.8 ; V* 0.40, H* 14.81
G1 X101.500 Y107.140 Z5.924 E0.13061 F382.8 ; V* 0.40, H* 14.81
G1 X100.500 Y107.140 Z5.924 E0.13061 F382.8 ; V* 0.40, H* 14.81
G1 X99.500 Y107.140 Z5.924 E0.13061 F382.8 ; V* 0.40, H* 14.81
G1 X98.500 Y107.140 Z5.924 E0.13061 F382.8 ; V* 0.40, H* 14.81
G1 X97.500 Y107.140 Z5.924 E0.13061 F382.8 ; V* 0.40, H* 14.81
G1 X97.500 Y108.140 Z5.924 E0.13061 F382.8 ; V* 0.40, H* 14.81
G1 X97.500 Y108.340 Z5.924 E0.02612 F382.8 ; V* 0.40, H* 14.81
G1 X98.500 Y108.340 Z5.924 E0.13061 F382.8 ; V* 0.40, H* 14.81
G1 X99.500 Y108.340 Z5.924 E0.13061 F382.8 ; V* 0.40, H* 14.81
G1 X100.500 Y108.340 Z5.924 E0.13061 F382.8 ; V* 0.40, H* 14.81
G1 X101.500 Y108.340 Z5.924 E0.13061 F382.8 ; V* 0.40, H* 14.81
G1 X102.500 Y108.340 Z5.924 E0.13061 F382.8 ; V* 0.40, H* 14.81
G1 X103.500 Y108.340 Z5.924 E0.13061 F382.8 ; V* 0.40, H* 14.81
G1 X104.500 Y108.340 Z5.924 E0.13061 F382.8 ; V* 0.40, H* 14.81
G1 X105.500 Y108.340 Z5.924 E0.13061 F382.8 ; V* 0.40, H* 14.81
G1 X106.500 Y108.340 Z5.924 E0.13061 F382.8 ; V* 0.40, H* 14.81
G1 X107.500 Y108.340 Z5.924 E0.13061 F382.8 ; V* 0.40, H* 14.81
G0 X108.500 Y108.340 Z2.772 F3000.0 ; Parameter change travel move: V* 0.40->0.15, H* 14.81-> 6.93
G1 X109.500 Y108.340 Z2.772 E0.34830 F143.6 ; V* 0.15, H* 6.93
G1 X110.500 Y108.340 Z2.772 E0.34830 F143.6 ; V* 0.15, H* 6.93
G1 X111.500 Y108.340 Z2.772 E0.34830 F143.6 ; V* 0.15, H* 6.93
G1 X112.500 Y108.340 Z2.772 E0.34830 F143.6 ; V* 0.15, H* 6.93
G1 X113.500 Y108.340 Z2.772 E0.34830 F143.6 ; V* 0.15, H* 6.93
G1 X114.500 Y108.340 Z2.772 E0.34830 F143.6 ; V* 0.15, H* 6.93
G1 X115.500 Y108.340 Z2.772 E0.34830 F143.6 ; V* 0.15, H* 6.93
G0 X116.500 Y108.340 Z5.924 F3000.0 ; Parameter change travel move: V* 0.15->0.40, H* 6.93-> 14.81
G1 X117.500 Y108.340 Z5.924 E0.13061 F382.8 ; V* 0.40, H* 14.81
G1 X118.500 Y108.340 Z5.924 E0.13061 F382.8 ; V* 0.40, H* 14.81
G1 X119.500 Y108.340 Z5.924 E0.13061 F382.8 ; V* 0.40, H* 14.81
G0 X120.500 Y108.340 Z2.772 F3000.0 ; Parameter change travel move: V* 0.40->0.15, H* 14.81-> 6.93
G1 X121.500 Y108.340 Z2.772 E0.34830 F143.6 ; V* 0.15, H* 6.93
G1 X122.500 Y108.340 Z2.772 E0.34830 F143.6 ; V* 0.15, H* 6.93
G0 X123.500 Y108.340 Z5.924 F3000.0 ; Parameter change travel move: V* 0.15->0.40, H* 6.93-> 14.81
G1 X124.500 Y108.340 Z5.924 E0.13061 F382.8 ; V* 0.40, H* 14.81
G1 X125.500 Y108.340 Z5.924 E0.13061 F382.8 ; V* 0.40, H* 14.81
G1 X126.500 Y108.340 Z5.924 E0.13061 F382.8 ; V* 0.40, H* 14.81
G0 X127.500 Y108.340 Z2.772 F3000.0 ; Parameter change travel move: V* 0.40->0.15, H* 14.81-> 6.93
G1 X128.500 Y108.340 Z2.772 E0.34830 F143.6 ; V* 0.15, H* 6.93
G1 X129.500 Y108.340 Z2.772 E0.34830 F143.6 ; V* 0.15, H* 6.93
G1 X130.500 Y108.340 Z2.772 E0.34830 F143.6 ; V* 0.15, H* 6.93
G1 X131.500 Y108.340 Z2.772 E0.34830 F143.6 ; V* 0.15, H* 6.93
G1 X132.500 Y108.340 Z2.772 E0.34830 F143.6 ; V* 0.15, H* 6.93
G1 X133.500 Y108.340 Z2.772 E0.34830 F143.6 ; V* 0.15, H* 6.93
G1 X134.500 Y108.340 Z2.772 E0.34830 F143.6 ; V* 0.15, H* 6.93
G1 X135.500 Y108.340 Z2.772 E0.34830 F143.6 ; V* 0.15, H* 6.93
G1 X136.500 Y108.340 Z2.772 E0.34830 F143.6 ; V* 0.15, H* 6.93
G1 X137.500 Y108.340 Z2.772 E0.34830 F143.6 ; V* 0.15, H* 6.93
G1 X138.500 Y108.340 Z2.772 E0.34830 F143.6 ; V* 0.15, H* 6.93
G1 X139.500 Y108.340 Z2.772 E0.34830 F143.6 ; V* 0.15, H* 6.93
G1 X140.500 Y108.340 Z2.772 E0.34830 F143.6 ; V* 0.15, H* 6.93
G1 X141.500 Y108.340 Z2.772 E0.34830 F143.6 ; V* 0.15, H* 6.93
G1 X142.500 Y108.340 Z2.772 E0.34830 F143.6 ; V* 0.15, H* 6.93
G0 X143.500 Y108.340 Z5.924 F3000.0 ; Parameter change travel move: V* 0.15->0.40, H* 6.93-> 14.81
G1 X144.500 Y108.340 Z5.924 E0.13061 F382.8 ; V* 0.40, H* 14.81
G1 X145.500 Y108.340 Z5.924 E0.13061 F382.8 ; V* 0.40, H* 14.81
G1 X146.500 Y108.340 Z5.924 E0.13061 F382.8 ; V* 0.40, H* 14.81
G1 X147.500 Y108.340 Z5.924 E0.13061 F382.8 ; V* 0.40, H* 14.81
G1 X148.500 Y108.340 Z5.924 E0.13061 F382.8 ; V* 0.40, H* 14.81
G1 X149.500 Y108.340 Z5.924 E0.13061 F382.8 ; V* 0.40, H* 14.81
G1 X150.500 Y108.340 Z5.924 E0.13061 F382.8 ; V* 0.40, H* 14.81
G1 X151.500 Y108.340 Z5.924 E0.13061 F382.8 ; V* 0.40, H* 14.81
G1 X152.500 Y108.340 Z5.924 E0.13061 F382.8 ; V* 0.40, H* 14.81
G1 X153.500 Y108.340 Z5.924 E0.13061 F382.8 ; V* 0.40, H* 14.81
G1 X154.500 Y108.340 Z5.924 E0.13061 F382.8 ; V* 0.40, H* 14.81
G1 X155.500 Y108.340 Z5.924 E0.13061 F382.8 ; V* 0.40, H* 14.81
G1 X156.500 Y108.340 Z5.924 E0.13061 F382.8 ; V* 0.40, H* 14.81
G1 X157.500 Y108.340 Z5.924 E0.13061 F382.8 ; V* 0.40, H* 14.81
G1 X157.500 Y109.340 Z5.924 E0.13061 F382.8 ; V* 0.40, H* 14.81
G1 X157.500 Y109.540 Z5.924 E0.02612 F382.8 ; V* 0.40, H* 14.81
G1 X156.500 Y109.540 Z5.924 E0.13061 F382.8 ; V* 0.40, H* 14.81
G1 X155.500 Y109.540 Z5.924 E0.13061 F382.8 ; V* 0.40, H* 14.81
G1 X154.500 Y109.540 Z5.924 E0.13061 F382.8 ; V* 0.40, H* 14.81
G1 X153.500 Y109.540 Z5.924 E0.13061 F382.8 ; V* 0.40, H* 14.81
G1 X152.500 Y109.540 Z5.924 E0.13061 F382.8 ; V* 0.40, H* 14.81
G1 X151.500 Y109.540 Z5.924 E0.13061 F382.8 ; V* 0.40, H* 14.81
G1 X150.500 Y109.540 Z5.924 E0.13061 F382.8 ; V* 0.40, H* 14.81
G1 X149.500 Y109.540 Z5.924 E0.13061 F382.8 ; V* 0.40, H* 14.81
G1 X148.500 Y109.540 Z5.924 E0.13061 F382.8 ; V* 0.40, H* 14.81
G1 X147.500 Y109.540 Z5.924 E0.13061 F382.8 ; V* 0.40, H* 14.81
G1 X146.500 Y109.540 Z5.924 E0.13061 F382.8 ; V* 0.40, H* 14.81
G1 X145.500 Y109.540 Z5.924 E0.13061 F382.8 ; V* 0.40, H* 14.81
G1 X144.500 Y109.540 Z5.924 E0.13061 F382.8 ; V* 0.40, H* 14.81
G1 X143.500 Y109.540 Z5.924 E0.13061 F382.8 ; V* 0.40, H* 14.81
G1 X142.500 Y109.540 Z5.924 E0.13061 F382.8 ; V* 0.40, H* 14.81
G0 X141.500 Y109.540 Z2.772 F3000.0 ; Parameter change travel move: V* 0.40->0.15, H* 14.81-> 6.93
G1 X140.500 Y109.540 Z2.772 E0.34830 F143.6 ; V* 0.15, H* 6.93
G1 X139.500 Y109.540 Z2.772 E0.34830 F143.6 ; V* 0.15, H* 6.93
G1 X138.500 Y109.540 Z2.772 E0.34830 F143.6 ; V* 0.15, H* 6.93
G1 X137.500 Y109.540 Z2.772 E0.34830 F143.6 ; V* 0.15, H* 6.93
G1 X136.500 Y109.540 Z2.772 E0.34830 F143.6 ; V* 0.15, H* 6.93
G1 X135.500 Y109.540 Z2.772 E0.34830 F143.6 ; V* 0.15, H* 6.93
G1 X134.500 Y109.540 Z2.772 E0.34830 F143.6 ; V* 0.15, H* 6.93
G1 X133.500 Y109.540 Z2.772 E0.34830 F143.6 ; V* 0.15, H* 6.93
G1 X132.500 Y109.540 Z2.772 E0.34830 F143.6 ; V* 0.15, H* 6.93
G1 X131.500 Y109.540 Z2.772 E0.34830 F143.6 ; V* 0.15, H* 6.93
G1 X130.500 Y109.540 Z2.772 E0.34830 F143.6 ; V* 0.15, H* 6.93
G1 X129.500 Y109.540 Z2.772 E0.34830 F143.6 ; V* 0.15, H* 6.93
G1 X128.500 Y109.540 Z2.772 E0.34830 F143.6 ; V* 0.15, H* 6.93
G0 X127.500 Y109.540 Z5.924 F3000.0 ; Parameter change travel move: V* 0.15->0.40, H* 6.93-> 14.81
G1 X126.500 Y109.540 Z5.924 E0.13061 F382.8 ; V* 0.40, H* 14.81
G1 X125.500 Y109.540 Z5.924 E0.13061 F382.8 ; V* 0.40, H* 14.81
G1 X124.500 Y109.540 Z5.924 E0.13061 F382.8 ; V* 0.40, H* 14.81
G1 X123.500 Y109.540 Z5.924 E0.13061 F382.8 ; V* 0.40, H* 14.81
G0 X122.500 Y109.540 Z2.772 F3000.0 ; Parameter change travel move: V* 0.40->0.15, H* 14.81-> 6.93
G1 X121.500 Y109.540 Z2.772 E0.34830 F143.6 ; V* 0.15, H* 6.93
G1 X120.500 Y109.540 Z2.772 E0.34830 F143.6 ; V* 0.15, H* 6.93
G1 X119.500 Y109.540 Z2.772 E0.34830 F143.6 ; V* 0.15, H* 6.93
G0 X118.500 Y109.540 Z5.924 F3000.0 ; Parameter change travel move: V* 0.15->0.40, H* 6.93-> 14.81
G1 X117.500 Y109.540 Z5.924 E0.13061 F382.8 ; V* 0.40, H* 14.81
G1 X116.500 Y109.540 Z5.924 E0.13061 F382.8 ; V* 0.40, H* 14.81
G1 X115.500 Y109.540 Z5.924 E0.13061 F382.8 ; V* 0.40, H* 14.81
G0 X114.500 Y109.540 Z2.772 F3000.0 ; Parameter change travel move: V* 0.40->0.15, H* 14.81-> 6.93
G1 X113.500 Y109.540 Z2.772 E0.34830 F143.6 ; V* 0.15, H* 6.93
G1 X112.500 Y109.540 Z2.772 E0.34830 F143.6 ; V* 0.15, H* 6.93
G1 X111.500 Y109.540 Z2.772 E0.34830 F143.6 ; V* 0.15, H* 6.93
G1 X110.500 Y109.540 Z2.772 E0.34830 F143.6 ; V* 0.15, H* 6.93
G1 X109.500 Y109.540 Z2.772 E0.34830 F143.6 ; V* 0.15, H* 6.93
G1 X108.500 Y109.540 Z2.772 E0.34830 F143.6 ; V* 0.15, H* 6.93
G0 X107.500 Y109.540 Z5.924 F3000.0 ; Parameter change travel move: V* 0.15->0.40, H* 6.93-> 14.81
G1 X106.500 Y109.540 Z5.924 E0.13061 F382.8 ; V* 0.40, H* 14.81
G1 X105.500 Y109.540 Z5.924 E0.13061 F382.8 ; V* 0.40, H* 14.81
G1 X104.500 Y109.540 Z5.924 E0.13061 F382.8 ; V* 0.40, H* 14.81
G1 X103.500 Y109.540 Z5.924 E0.13061 F382.8 ; V* 0.40, H* 14.81
G1 X102.500 Y109.540 Z5.924 E0.13061 F382.8 ; V* 0.40, H* 14.81
G1 X101.500 Y109.540 Z5.924 E0.13061 F382.8 ; V* 0.40, H* 14.81
G1 X100.500 Y109.540 Z5.924 E0.13061 F382.8 ; V* 0.40, H* 14.81
G1 X99.500 Y109.540 Z5.924 E0.13061 F382.8 ; V* 0.40, H* 14.81
G1 X98.500 Y109.540 Z5.924 E0.13061 F382.8 ; V* 0.40, H* 14.81
G1 X97.500 Y109.540 Z5.924 E0.13061 F382.8 ; V* 0.40, H* 14.81
G1 X97.500 Y110.540 Z5.924 E0.13061 F382.8 ; V* 0.40, H* 14.81
G1 X97.500 Y110.740 Z5.924 E0.02612 F382.8 ; V* 0.40, H* 14.81
G1 X98.500 Y110.740 Z5.924 E0.13061 F382.8 ; V* 0.40, H* 14.81
G1 X99.500 Y110.740 Z5.924 E0.13061 F382.8 ; V* 0.40, H* 14.81
G1 X100.500 Y110.740 Z5.924 E0.13061 F382.8 ; V* 0.40, H* 14.81
G1 X101.500 Y110.740 Z5.924 E0.13061 F382.8 ; V* 0.40, H* 14.81
G1 X102.500 Y110.740 Z5.924 E0.13061 F382.8 ; V* 0.40, H* 14.81
G1 X103.500 Y110.740 Z5.924 E0.13061 F382.8 ; V* 0.40, H* 14.81
G1 X104.500 Y110.740 Z5.924 E0.13061 F382.8 ; V* 0.40, H* 14.81
G1 X105.500 Y110.740 Z5.924 E0.13061 F382.8 ; V* 0.40, H* 14.81
G1 X106.500 Y110.740 Z5.924 E0.13061 F382.8 ; V* 0.40, H* 14.81
G1 X107.500 Y110.740 Z5.924 E0.13061 F382.8 ; V* 0.40, H* 14.81
G0 X108.500 Y110.740 Z2.772 F3000.0 ; Parameter change travel move: V* 0.40->0.15, H* 14.81-> 6.93
G1 X109.500 Y110.740 Z2.772 E0.34830 F143.6 ; V* 0.15, H* 6.93
G1 X110.500 Y110.740 Z2.772 E0.34830 F143.6 ; V* 0.15, H* 6.93
G1 X111.500 Y110.740 Z2.772 E0.34830 F143.6 ; V* 0.15, H* 6.93
G1 X112.500 Y110.740 Z2.772 E0.34830 F143.6 ; V* 0.15, H* 6.93
G1 X113.500 Y110.740 Z2.772 E0.34830 F143.6 ; V* 0.15, H* 6.93
G1 X114.500 Y110.740 Z2.772 E0.34830 F143.6 ; V* 0.15, H* 6.93
G0 X115.500 Y110.740 Z5.924 F3000.0 ; Parameter change travel move: V* 0.15->0.40, H* 6.93-> 14.81
G1 X116.500 Y110.740 Z5.924 E0.13061 F382.8 ; V* 0.40, H* 14.81
G1 X117.500 Y110.740 Z5.924 E0.13061 F382.8 ; V* 0.40, H* 14.81
G1 X118.500 Y110.740 Z5.924 E0.13061 F382.8 ; V* 0.40, H* 14.81
G1 X119.500 Y110.740 Z5.924 E0.13061 F382.8 ; V* 0.40, H* 14.81
G1 X120.500 Y110.740 Z5.924 E0.13061 F382.8 ; V* 0.40, H* 14.81
G1 X121.500 Y110.740 Z5.924 E0.13061 F382.8 ; V* 0.40, H* 14.81
G0 X122.500 Y110.740 Z2.772 F3000.0 ; Parameter change travel move: V* 0.40->0.15, H* 14.81-> 6.93
G1 X123.500 Y110.740 Z2.772 E0.34830 F143.6 ; V* 0.15, H* 6.93
G0 X124.500 Y110.740 Z5.924 F3000.0 ; Parameter change travel move: V* 0.15->0.40, H* 6.93-> 14.81
G1 X125.500 Y110.740 Z5.924 E0.13061 F382.8 ; V* 0.40, H* 14.81
G1 X126.500 Y110.740 Z5.924 E0.13061 F382.8 ; V* 0.40, H* 14.81
G1 X127.500 Y110.740 Z5.924 E0.13061 F382.8 ; V* 0.40, H* 14.81
G1 X128.500 Y110.740 Z5.924 E0.13061 F382.8 ; V* 0.40, H* 14.81
G0 X129.500 Y110.740 Z2.772 F3000.0 ; Parameter change travel move: V* 0.40->0.15, H* 14.81-> 6.93
G1 X130.500 Y110.740 Z2.772 E0.34830 F143.6 ; V* 0.15, H* 6.93
G1 X131.500 Y110.740 Z2.772 E0.34830 F143.6 ; V* 0.15, H* 6.93
G1 X132.500 Y110.740 Z2.772 E0.34830 F143.6 ; V* 0.15, H* 6.93
G1 X133.500 Y110.740 Z2.772 E0.34830 F143.6 ; V* 0.15, H* 6.93
G1 X134.500 Y110.740 Z2.772 E0.34830 F143.6 ; V* 0.15, H* 6.93
G1 X135.500 Y110.740 Z2.772 E0.34830 F143.6 ; V* 0.15, H* 6.93
G1 X136.500 Y110.740 Z2.772 E0.34830 F143.6 ; V* 0.15, H* 6.93
G1 X137.500 Y110.740 Z2.772 E0.34830 F143.6 ; V* 0.15, H* 6.93
G1 X138.500 Y110.740 Z2.772 E0.34830 F143.6 ; V* 0.15, H* 6.93
G1 X139.500 Y110.740 Z2.772 E0.34830 F143.6 ; V* 0.15, H* 6.93
G1 X140.500 Y110.740 Z2.772 E0.34830 F143.6 ; V* 0.15, H* 6.93
G1 X141.500 Y110.740 Z2.772 E0.34830 F143.6 ; V* 0.15, H* 6.93
G0 X142.500 Y110.740 Z5.924 F3000.0 ; Parameter change travel move: V* 0.15->0.40, H* 6.93-> 14.81
G1 X143.500 Y110.740 Z5.924 E0.13061 F382.8 ; V* 0.40, H* 14.81
G1 X144.500 Y110.740 Z5.924 E0.13061 F382.8 ; V* 0.40, H* 14.81
G1 X145.500 Y110.740 Z5.924 E0.13061 F382.8 ; V* 0.40, H* 14.81
G1 X146.500 Y110.740 Z5.924 E0.13061 F382.8 ; V* 0.40, H* 14.81
G1 X147.500 Y110.740 Z5.924 E0.13061 F382.8 ; V* 0.40, H* 14.81
G1 X148.500 Y110.740 Z5.924 E0.13061 F382.8 ; V* 0.40, H* 14.81
G1 X149.500 Y110.740 Z5.924 E0.13061 F382.8 ; V* 0.40, H* 14.81
G1 X150.500 Y110.740 Z5.924 E0.13061 F382.8 ; V* 0.40, H* 14.81
G1 X151.500 Y110.740 Z5.924 E0.13061 F382.8 ; V* 0.40, H* 14.81
G1 X152.500 Y110.740 Z5.924 E0.13061 F382.8 ; V* 0.40, H* 14.81
G1 X153.500 Y110.740 Z5.924 E0.13061 F382.8 ; V* 0.40, H* 14.81
G1 X154.500 Y110.740 Z5.924 E0.13061 F382.8 ; V* 0.40, H* 14.81
G1 X155.500 Y110.740 Z5.924 E0.13061 F382.8 ; V* 0.40, H* 14.81
G1 X156.500 Y110.740 Z5.924 E0.13061 F382.8 ; V* 0.40, H* 14.81
G1 X157.500 Y110.740 Z5.924 E0.13061 F382.8 ; V* 0.40, H* 14.81
G1 X157.500 Y111.740 Z5.924 E0.13061 F382.8 ; V* 0.40, H* 14.81
G1 X157.500 Y111.940 Z5.924 E0.02612 F382.8 ; V* 0.40, H* 14.81
G1 X156.500 Y111.940 Z5.924 E0.13061 F382.8 ; V* 0.40, H* 14.81
G1 X155.500 Y111.940 Z5.924 E0.13061 F382.8 ; V* 0.40, H* 14.81
G1 X154.500 Y111.940 Z5.924 E0.13061 F382.8 ; V* 0.40, H* 14.81
G1 X153.500 Y111.940 Z5.924 E0.13061 F382.8 ; V* 0.40, H* 14.81
G1 X152.500 Y111.940 Z5.924 E0.13061 F382.8 ; V* 0.40, H* 14.81
G1 X151.500 Y111.940 Z5.924 E0.13061 F382.8 ; V* 0.40, H* 14.81
G1 X150.500 Y111.940 Z5.924 E0.13061 F382.8 ; V* 0.40, H* 14.81
G1 X149.500 Y111.940 Z5.924 E0.13061 F382.8 ; V* 0.40, H* 14.81
G1 X148.500 Y111.940 Z5.924 E0.13061 F382.8 ; V* 0.40, H* 14.81
G1 X147.500 Y111.940 Z5.924 E0.13061 F382.8 ; V* 0.40, H* 14.81
G1 X146.500 Y111.940 Z5.924 E0.13061 F382.8 ; V* 0.40, H* 14.81
G1 X145.500 Y111.940 Z5.924 E0.13061 F382.8 ; V* 0.40, H* 14.81
G1 X144.500 Y111.940 Z5.924 E0.13061 F382.8 ; V* 0.40, H* 14.81
G1 X143.500 Y111.940 Z5.924 E0.13061 F382.8 ; V* 0.40, H* 14.81
G1 X142.500 Y111.940 Z5.924 E0.13061 F382.8 ; V* 0.40, H* 14.81
G0 X141.500 Y111.940 Z2.772 F3000.0 ; Parameter change travel move: V* 0.40->0.15, H* 14.81-> 6.93
G1 X140.500 Y111.940 Z2.772 E0.34830 F143.6 ; V* 0.15, H* 6.93
G1 X139.500 Y111.940 Z2.772 E0.34830 F143.6 ; V* 0.15, H* 6.93
G1 X138.500 Y111.940 Z2.772 E0.34830 F143.6 ; V* 0.15, H* 6.93
G1 X137.500 Y111.940 Z2.772 E0.34830 F143.6 ; V* 0.15, H* 6.93
G1 X136.500 Y111.940 Z2.772 E0.34830 F143.6 ; V* 0.15, H* 6.93
G1 X135.500 Y111.940 Z2.772 E0.34830 F143.6 ; V* 0.15, H* 6.93
G1 X134.500 Y111.940 Z2.772 E0.34830 F143.6 ; V* 0.15, H* 6.93
G1 X133.500 Y111.940 Z2.772 E0.34830 F143.6 ; V* 0.15, H* 6.93
G1 X132.500 Y111.940 Z2.772 E0.34830 F143.6 ; V* 0.15, H* 6.93
G1 X131.500 Y111.940 Z2.772 E0.34830 F143.6 ; V* 0.15, H* 6.93
G1 X130.500 Y111.940 Z2.772 E0.34830 F143.6 ; V* 0.15, H* 6.93
G1 X129.500 Y111.940 Z2.772 E0.34830 F143.6 ; V* 0.15, H* 6.93
G0 X128.500 Y111.940 Z5.924 F3000.0 ; Parameter change travel move: V* 0.15->0.40, H* 6.93-> 14.81
G1 X127.500 Y111.940 Z5.924 E0.13061 F382.8 ; V* 0.40, H* 14.81
G1 X126.500 Y111.940 Z5.924 E0.13061 F382.8 ; V* 0.40, H* 14.81
G1 X125.500 Y111.940 Z5.924 E0.13061 F382.8 ; V* 0.40, H* 14.81
G1 X124.500 Y111.940 Z5.924 E0.13061 F382.8 ; V* 0.40, H* 14.81
G1 X123.500 Y111.940 Z5.924 E0.13061 F382.8 ; V* 0.40, H* 14.81
G0 X122.500 Y111.940 Z2.772 F3000.0 ; Parameter change travel move: V* 0.40->0.15, H* 14.81-> 6.93
G1 X121.500 Y111.940 Z2.772 E0.34830 F143.6 ; V* 0.15, H* 6.93
G1 X120.500 Y111.940 Z2.772 E0.34830 F143.6 ; V* 0.15, H* 6.93
G1 X119.500 Y111.940 Z2.772 E0.34830 F143.6 ; V* 0.15, H* 6.93
G0 X118.500 Y111.940 Z5.924 F3000.0 ; Parameter change travel move: V* 0.15->0.40, H* 6.93-> 14.81
G1 X117.500 Y111.940 Z5.924 E0.13061 F382.8 ; V* 0.40, H* 14.81
G1 X116.500 Y111.940 Z5.924 E0.13061 F382.8 ; V* 0.40, H* 14.81
G1 X115.500 Y111.940 Z5.924 E0.13061 F382.8 ; V* 0.40, H* 14.81
G0 X114.500 Y111.940 Z2.772 F3000.0 ; Parameter change travel move: V* 0.40->0.15, H* 14.81-> 6.93
G1 X113.500 Y111.940 Z2.772 E0.34830 F143.6 ; V* 0.15, H* 6.93
G1 X112.500 Y111.940 Z2.772 E0.34830 F143.6 ; V* 0.15, H* 6.93
G1 X111.500 Y111.940 Z2.772 E0.34830 F143.6 ; V* 0.15, H* 6.93
G1 X110.500 Y111.940 Z2.772 E0.34830 F143.6 ; V* 0.15, H* 6.93
G1 X109.500 Y111.940 Z2.772 E0.34830 F143.6 ; V* 0.15, H* 6.93
G0 X108.500 Y111.940 Z5.924 F3000.0 ; Parameter change travel move: V* 0.15->0.40, H* 6.93-> 14.81
G1 X107.500 Y111.940 Z5.924 E0.13061 F382.8 ; V* 0.40, H* 14.81
G1 X106.500 Y111.940 Z5.924 E0.13061 F382.8 ; V* 0.40, H* 14.81
G1 X105.500 Y111.940 Z5.924 E0.13061 F382.8 ; V* 0.40, H* 14.81
G1 X104.500 Y111.940 Z5.924 E0.13061 F382.8 ; V* 0.40, H* 14.81
G1 X103.500 Y111.940 Z5.924 E0.13061 F382.8 ; V* 0.40, H* 14.81
G1 X102.500 Y111.940 Z5.924 E0.13061 F382.8 ; V* 0.40, H* 14.81
G1 X101.500 Y111.940 Z5.924 E0.13061 F382.8 ; V* 0.40, H* 14.81
G1 X100.500 Y111.940 Z5.924 E0.13061 F382.8 ; V* 0.40, H* 14.81
G1 X99.500 Y111.940 Z5.924 E0.13061 F382.8 ; V* 0.40, H* 14.81
G1 X98.500 Y111.940 Z5.924 E0.13061 F382.8 ; V* 0.40, H* 14.81
G1 X97.500 Y111.940 Z5.924 E0.13061 F382.8 ; V* 0.40, H* 14.81
G1 X97.500 Y112.940 Z5.924 E0.13061 F382.8 ; V* 0.40, H* 14.81
G1 X97.500 Y113.140 Z5.924 E0.02612 F382.8 ; V* 0.40, H* 14.81
G1 X98.500 Y113.140 Z5.924 E0.13061 F382.8 ; V* 0.40, H* 14.81
G1 X99.500 Y113.140 Z5.924 E0.13061 F382.8 ; V* 0.40, H* 14.81
G1 X100.500 Y113.140 Z5.924 E0.13061 F382.8 ; V* 0.40, H* 14.81
G1 X101.500 Y113.140 Z5.924 E0.13061 F382.8 ; V* 0.40, H* 14.81
G1 X102.500 Y113.140 Z5.924 E0.13061 F382.8 ; V* 0.40, H* 14.81
G1 X103.500 Y113.140 Z5.924 E0.13061 F382.8 ; V* 0.40, H* 14.81
G1 X104.500 Y113.140 Z5.924 E0.13061 F382.8 ; V* 0.40, H* 14.81
G1 X105.500 Y113.140 Z5.924 E0.13061 F382.8 ; V* 0.40, H* 14.81
G1 X106.500 Y113.140 Z5.924 E0.13061 F382.8 ; V* 0.40, H* 14.81
G1 X107.500 Y113.140 Z5.924 E0.13061 F382.8 ; V* 0.40, H* 14.81
G1 X108.500 Y113.140 Z5.924 E0.13061 F382.8 ; V* 0.40, H* 14.81
G0 X109.500 Y113.140 Z2.772 F3000.0 ; Parameter change travel move: V* 0.40->0.15, H* 14.81-> 6.93
G1 X110.500 Y113.140 Z2.772 E0.34830 F143.6 ; V* 0.15, H* 6.93
G1 X111.500 Y113.140 Z2.772 E0.34830 F143.6 ; V* 0.15, H* 6.93
G1 X112.500 Y113.140 Z2.772 E0.34830 F143.6 ; V* 0.15, H* 6.93
G1 X113.500 Y113.140 Z2.772 E0.34830 F143.6 ; V* 0.15, H* 6.93
G0 X114.500 Y113.140 Z5.924 F3000.0 ; Parameter change travel move: V* 0.15->0.40, H* 6.93-> 14.81
G1 X115.500 Y113.140 Z5.924 E0.13061 F382.8 ; V* 0.40, H* 14.81
G1 X116.500 Y113.140 Z5.924 E0.13061 F382.8 ; V* 0.40, H* 14.81
G1 X117.500 Y113.140 Z5.924 E0.13061 F382.8 ; V* 0.40, H* 14.81
G0 X118.500 Y113.140 Z2.772 F3000.0 ; Parameter change travel move: V* 0.40->0.15, H* 14.81-> 6.93
G0 X119.500 Y113.140 Z5.924 F3000.0 ; Parameter change travel move: V* 0.15->0.40, H* 6.93-> 14.81
G0 X120.500 Y113.140 Z2.772 F3000.0 ; Parameter change travel move: V* 0.40->0.15, H* 14.81-> 6.93
G1 X121.500 Y113.140 Z2.772 E0.34830 F143.6 ; V* 0.15, H* 6.93
G0 X122.500 Y113.140 Z5.924 F3000.0 ; Parameter change travel move: V* 0.15->0.40, H* 6.93-> 14.81
G1 X123.500 Y113.140 Z5.924 E0.13061 F382.8 ; V* 0.40, H* 14.81
G1 X124.500 Y113.140 Z5.924 E0.13061 F382.8 ; V* 0.40, H* 14.81
G1 X125.500 Y113.140 Z5.924 E0.13061 F382.8 ; V* 0.40, H* 14.81
G1 X126.500 Y113.140 Z5.924 E0.13061 F382.8 ; V* 0.40, H* 14.81
G1 X127.500 Y113.140 Z5.924 E0.13061 F382.8 ; V* 0.40, H* 14.81
G1 X128.500 Y113.140 Z5.924 E0.13061 F382.8 ; V* 0.40, H* 14.81
G1 X129.500 Y113.140 Z5.924 E0.13061 F382.8 ; V* 0.40, H* 14.81
G0 X130.500 Y113.140 Z2.772 F3000.0 ; Parameter change travel move: V* 0.40->0.15, H* 14.81-> 6.93
G1 X131.500 Y113.140 Z2.772 E0.34830 F143.6 ; V* 0.15, H* 6.93
G1 X132.500 Y113.140 Z2.772 E0.34830 F143.6 ; V* 0.15, H* 6.93
G1 X133.500 Y113.140 Z2.772 E0.34830 F143.6 ; V* 0.15, H* 6.93
G1 X134.500 Y113.140 Z2.772 E0.34830 F143.6 ; V* 0.15, H* 6.93
G1 X135.500 Y113.140 Z2.772 E0.34830 F143.6 ; V* 0.15, H* 6.93
G1 X136.500 Y113.140 Z2.772 E0.34830 F143.6 ; V* 0.15, H* 6.93
G1 X137.500 Y113.140 Z2.772 E0.34830 F143.6 ; V* 0.15, H* 6.93
G1 X138.500 Y113.140 Z2.772 E0.34830 F143.6 ; V* 0.15, H* 6.93
G1 X139.500 Y113.140 Z2.772 E0.34830 F143.6 ; V* 0.15, H* 6.93
G1 X140.500 Y113.140 Z2.772 E0.34830 F143.6 ; V* 0.15, H* 6.93
G1 X141.500 Y113.140 Z2.772 E0.34830 F143.6 ; V* 0.15, H* 6.93
G0 X142.500 Y113.140 Z5.924 F3000.0 ; Parameter change travel move: V* 0.15->0.40, H* 6.93-> 14.81
G1 X143.500 Y113.140 Z5.924 E0.13061 F382.8 ; V* 0.40, H* 14.81
G1 X144.500 Y113.140 Z5.924 E0.13061 F382.8 ; V* 0.40, H* 14.81
G1 X145.500 Y113.140 Z5.924 E0.13061 F382.8 ; V* 0.40, H* 14.81
G1 X146.500 Y113.140 Z5.924 E0.13061 F382.8 ; V* 0.40, H* 14.81
G1 X147.500 Y113.140 Z5.924 E0.13061 F382.8 ; V* 0.40, H* 14.81
G1 X148.500 Y113.140 Z5.924 E0.13061 F382.8 ; V* 0.40, H* 14.81
G1 X149.500 Y113.140 Z5.924 E0.13061 F382.8 ; V* 0.40, H* 14.81
G1 X150.500 Y113.140 Z5.924 E0.13061 F382.8 ; V* 0.40, H* 14.81
G1 X151.500 Y113.140 Z5.924 E0.13061 F382.8 ; V* 0.40, H* 14.81
G1 X152.500 Y113.140 Z5.924 E0.13061 F382.8 ; V* 0.40, H* 14.81
G1 X153.500 Y113.140 Z5.924 E0.13061 F382.8 ; V* 0.40, H* 14.81
G1 X154.500 Y113.140 Z5.924 E0.13061 F382.8 ; V* 0.40, H* 14.81
G1 X155.500 Y113.140 Z5.924 E0.13061 F382.8 ; V* 0.40, H* 14.81
G1 X156.500 Y113.140 Z5.924 E0.13061 F382.8 ; V* 0.40, H* 14.81
G1 X157.500 Y113.140 Z5.924 E0.13061 F382.8 ; V* 0.40, H* 14.81
G1 X157.500 Y114.140 Z5.924 E0.13061 F382.8 ; V* 0.40, H* 14.81
G1 X157.500 Y114.340 Z5.924 E0.02612 F382.8 ; V* 0.40, H* 14.81
G1 X156.500 Y114.340 Z5.924 E0.13061 F382.8 ; V* 0.40, H* 14.81
G1 X155.500 Y114.340 Z5.924 E0.13061 F382.8 ; V* 0.40, H* 14.81
G1 X154.500 Y114.340 Z5.924 E0.13061 F382.8 ; V* 0.40, H* 14.81
G1 X153.500 Y114.340 Z5.924 E0.13061 F382.8 ; V* 0.40, H* 14.81
G1 X152.500 Y114.340 Z5.924 E0.13061 F382.8 ; V* 0.40, H* 14.81
G1 X151.500 Y114.340 Z5.924 E0.13061 F382.8 ; V* 0.40, H* 14.81
G1 X150.500 Y114.340 Z5.924 E0.13061 F382.8 ; V* 0.40, H* 14.81
G1 X149.500 Y114.340 Z5.924 E0.13061 F382.8 ; V* 0.40, H* 14.81
G1 X148.500 Y114.340 Z5.924 E0.13061 F382.8 ; V* 0.40, H* 14.81
G1 X147.500 Y114.340 Z5.924 E0.13061 F382.8 ; V* 0.40, H* 14.81
G1 X146.500 Y114.340 Z5.924 E0.13061 F382.8 ; V* 0.40, H* 14.81
G1 X145.500 Y114.340 Z5.924 E0.13061 F382.8 ; V* 0.40, H* 14.81
G1 X144.500 Y114.340 Z5.924 E0.13061 F382.8 ; V* 0.40, H* 14.81
G1 X143.500 Y114.340 Z5.924 E0.13061 F382.8 ; V* 0.40, H* 14.81
G1 X142.500 Y114.340 Z5.924 E0.13061 F382.8 ; V* 0.40, H* 14.81
G1 X141.500 Y114.340 Z5.924 E0.13061 F382.8 ; V* 0.40, H* 14.81
G0 X140.500 Y114.340 Z2.772 F3000.0 ; Parameter change travel move: V* 0.40->0.15, H* 14.81-> 6.93
G1 X139.500 Y114.340 Z2.772 E0.34830 F143.6 ; V* 0.15, H* 6.93
G1 X138.500 Y114.340 Z2.772 E0.34830 F143.6 ; V* 0.15, H* 6.93
G1 X137.500 Y114.340 Z2.772 E0.34830 F143.6 ; V* 0.15, H* 6.93
G1 X136.500 Y114.340 Z2.772 E0.34830 F143.6 ; V* 0.15, H* 6.93
G1 X135.500 Y114.340 Z2.772 E0.34830 F143.6 ; V* 0.15, H* 6.93
G1 X134.500 Y114.340 Z2.772 E0.34830 F143.6 ; V* 0.15, H* 6.93
G1 X133.500 Y114.340 Z2.772 E0.34830 F143.6 ; V* 0.15, H* 6.93
G1 X132.500 Y114.340 Z2.772 E0.34830 F143.6 ; V* 0.15, H* 6.93
G1 X131.500 Y114.340 Z2.772 E0.34830 F143.6 ; V* 0.15, H* 6.93
G1 X130.500 Y114.340 Z2.772 E0.34830 F143.6 ; V* 0.15, H* 6.93
G0 X129.500 Y114.340 Z5.924 F3000.0 ; Parameter change travel move: V* 0.15->0.40, H* 6.93-> 14.81
G1 X128.500 Y114.340 Z5.924 E0.13061 F382.8 ; V* 0.40, H* 14.81
G1 X127.500 Y114.340 Z5.924 E0.13061 F382.8 ; V* 0.40, H* 14.81
G1 X126.500 Y114.340 Z5.924 E0.13061 F382.8 ; V* 0.40, H* 14.81
G1 X125.500 Y114.340 Z5.924 E0.13061 F382.8 ; V* 0.40, H* 14.81
G1 X124.500 Y114.340 Z5.924 E0.13061 F382.8 ; V* 0.40, H* 14.81
G1 X123.500 Y114.340 Z5.924 E0.13061 F382.8 ; V* 0.40, H* 14.81
G1 X122.500 Y114.340 Z5.924 E0.13061 F382.8 ; V* 0.40, H* 14.81
G1 X121.500 Y114.340 Z5.924 E0.13061 F382.8 ; V* 0.40, H* 14.81
G1 X120.500 Y114.340 Z5.924 E0.13061 F382.8 ; V* 0.40, H* 14.81
G1 X119.500 Y114.340 Z5.924 E0.13061 F382.8 ; V* 0.40, H* 14.81
G1 X118.500 Y114.340 Z5.924 E0.13061 F382.8 ; V* 0.40, H* 14.81
G1 X117.500 Y114.340 Z5.924 E0.13061 F382.8 ; V* 0.40, H* 14.81
G1 X116.500 Y114.340 Z5.924 E0.13061 F382.8 ; V* 0.40, H* 14.81
G1 X115.500 Y114.340 Z5.924 E0.13061 F382.8 ; V* 0.40, H* 14.81
G1 X114.500 Y114.340 Z5.924 E0.13061 F382.8 ; V* 0.40, H* 14.81
G0 X113.500 Y114.340 Z2.772 F3000.0 ; Parameter change travel move: V* 0.40->0.15, H* 14.81-> 6.93
G1 X112.500 Y114.340 Z2.772 E0.34830 F143.6 ; V* 0.15, H* 6.93
G1 X111.500 Y114.340 Z2.772 E0.34830 F143.6 ; V* 0.15, H* 6.93
G1 X110.500 Y114.340 Z2.772 E0.34830 F143.6 ; V* 0.15, H* 6.93
G1 X109.500 Y114.340 Z2.772 E0.34830 F143.6 ; V* 0.15, H* 6.93
G0 X108.500 Y114.340 Z5.924 F3000.0 ; Parameter change travel move: V* 0.15->0.40, H* 6.93-> 14.81
G1 X107.500 Y114.340 Z5.924 E0.13061 F382.8 ; V* 0.40, H* 14.81
G1 X106.500 Y114.340 Z5.924 E0.13061 F382.8 ; V* 0.40, H* 14.81
G1 X105.500 Y114.340 Z5.924 E0.13061 F382.8 ; V* 0.40, H* 14.81
G1 X104.500 Y114.340 Z5.924 E0.13061 F382.8 ; V* 0.40, H* 14.81
G1 X103.500 Y114.340 Z5.924 E0.13061 F382.8 ; V* 0.40, H* 14.81
G1 X102.500 Y114.340 Z5.924 E0.13061 F382.8 ; V* 0.40, H* 14.81
G1 X101.500 Y114.340 Z5.924 E0.13061 F382.8 ; V* 0.40, H* 14.81
G1 X100.500 Y114.340 Z5.924 E0.13061 F382.8 ; V* 0.40, H* 14.81
G1 X99.500 Y114.340 Z5.924 E0.13061 F382.8 ; V* 0.40, H* 14.81
G1 X98.500 Y114.340 Z5.924 E0.13061 F382.8 ; V* 0.40, H* 14.81
G1 X97.500 Y114.340 Z5.924 E0.13061 F382.8 ; V* 0.40, H* 14.81
G1 X97.500 Y115.340 Z5.924 E0.13061 F382.8 ; V* 0.40, H* 14.81
G1 X97.500 Y115.540 Z5.924 E0.02612 F382.8 ; V* 0.40, H* 14.81
G1 X98.500 Y115.540 Z5.924 E0.13061 F382.8 ; V* 0.40, H* 14.81
G1 X99.500 Y115.540 Z5.924 E0.13061 F382.8 ; V* 0.40, H* 14.81
G1 X100.500 Y115.540 Z5.924 E0.13061 F382.8 ; V* 0.40, H* 14.81
G1 X101.500 Y115.540 Z5.924 E0.13061 F382.8 ; V* 0.40, H* 14.81
G1 X102.500 Y115.540 Z5.924 E0.13061 F382.8 ; V* 0.40, H* 14.81
G1 X103.500 Y115.540 Z5.924 E0.13061 F382.8 ; V* 0.40, H* 14.81
G1 X104.500 Y115.540 Z5.924 E0.13061 F382.8 ; V* 0.40, H* 14.81
G1 X105.500 Y115.540 Z5.924 E0.13061 F382.8 ; V* 0.40, H* 14.81
G1 X106.500 Y115.540 Z5.924 E0.13061 F382.8 ; V* 0.40, H* 14.81
G1 X107.500 Y115.540 Z5.924 E0.13061 F382.8 ; V* 0.40, H* 14.81
G1 X108.500 Y115.540 Z5.924 E0.13061 F382.8 ; V* 0.40, H* 14.81
G1 X109.500 Y115.540 Z5.924 E0.13061 F382.8 ; V* 0.40, H* 14.81
G0 X110.500 Y115.540 Z2.772 F3000.0 ; Parameter change travel move: V* 0.40->0.15, H* 14.81-> 6.93
G1 X111.500 Y115.540 Z2.772 E0.34830 F143.6 ; V* 0.15, H* 6.93
G1 X112.500 Y115.540 Z2.772 E0.34830 F143.6 ; V* 0.15, H* 6.93
G1 X113.500 Y115.540 Z2.772 E0.34830 F143.6 ; V* 0.15, H* 6.93
G0 X114.500 Y115.540 Z5.924 F3000.0 ; Parameter change travel move: V* 0.15->0.40, H* 6.93-> 14.81
G1 X115.500 Y115.540 Z5.924 E0.13061 F382.8 ; V* 0.40, H* 14.81
G1 X116.500 Y115.540 Z5.924 E0.13061 F382.8 ; V* 0.40, H* 14.81
G1 X117.500 Y115.540 Z5.924 E0.13061 F382.8 ; V* 0.40, H* 14.81
G1 X118.500 Y115.540 Z5.924 E0.13061 F382.8 ; V* 0.40, H* 14.81
G1 X119.500 Y115.540 Z5.924 E0.13061 F382.8 ; V* 0.40, H* 14.81
G1 X120.500 Y115.540 Z5.924 E0.13061 F382.8 ; V* 0.40, H* 14.81
G1 X121.500 Y115.540 Z5.924 E0.13061 F382.8 ; V* 0.40, H* 14.81
G1 X122.500 Y115.540 Z5.924 E0.13061 F382.8 ; V* 0.40, H* 14.81
G1 X123.500 Y115.540 Z5.924 E0.13061 F382.8 ; V* 0.40, H* 14.81
G1 X124.500 Y115.540 Z5.924 E0.13061 F382.8 ; V* 0.40, H* 14.81
G1 X125.500 Y115.540 Z5.924 E0.13061 F382.8 ; V* 0.40, H* 14.81
G1 X126.500 Y115.540 Z5.924 E0.13061 F382.8 ; V* 0.40, H* 14.81
G1 X127.500 Y115.540 Z5.924 E0.13061 F382.8 ; V* 0.40, H* 14.81
G1 X128.500 Y115.540 Z5.924 E0.13061 F382.8 ; V* 0.40, H* 14.81
G1 X129.500 Y115.540 Z5.924 E0.13061 F382.8 ; V* 0.40, H* 14.81
G0 X130.500 Y115.540 Z2.772 F3000.0 ; Parameter change travel move: V* 0.40->0.15, H* 14.81-> 6.93
G1 X131.500 Y115.540 Z2.772 E0.34830 F143.6 ; V* 0.15, H* 6.93
G1 X132.500 Y115.540 Z2.772 E0.34830 F143.6 ; V* 0.15, H* 6.93
G1 X133.500 Y115.540 Z2.772 E0.34830 F143.6 ; V* 0.15, H* 6.93
G1 X134.500 Y115.540 Z2.772 E0.34830 F143.6 ; V* 0.15, H* 6.93
G1 X135.500 Y115.540 Z2.772 E0.34830 F143.6 ; V* 0.15, H* 6.93
G1 X136.500 Y115.540 Z2.772 E0.34830 F143.6 ; V* 0.15, H* 6.93
G1 X137.500 Y115.540 Z2.772 E0.34830 F143.6 ; V* 0.15, H* 6.93
G1 X138.500 Y115.540 Z2.772 E0.34830 F143.6 ; V* 0.15, H* 6.93
G1 X139.500 Y115.540 Z2.772 E0.34830 F143.6 ; V* 0.15, H* 6.93
G1 X140.500 Y115.540 Z2.772 E0.34830 F143.6 ; V* 0.15, H* 6.93
G0 X141.500 Y115.540 Z5.924 F3000.0 ; Parameter change travel move: V* 0.15->0.40, H* 6.93-> 14.81
G1 X142.500 Y115.540 Z5.924 E0.13061 F382.8 ; V* 0.40, H* 14.81
G1 X143.500 Y115.540 Z5.924 E0.13061 F382.8 ; V* 0.40, H* 14.81
G1 X144.500 Y115.540 Z5.924 E0.13061 F382.8 ; V* 0.40, H* 14.81
G1 X145.500 Y115.540 Z5.924 E0.13061 F382.8 ; V* 0.40, H* 14.81
G1 X146.500 Y115.540 Z5.924 E0.13061 F382.8 ; V* 0.40, H* 14.81
G1 X147.500 Y115.540 Z5.924 E0.13061 F382.8 ; V* 0.40, H* 14.81
G1 X148.500 Y115.540 Z5.924 E0.13061 F382.8 ; V* 0.40, H* 14.81
G1 X149.500 Y115.540 Z5.924 E0.13061 F382.8 ; V* 0.40, H* 14.81
G1 X150.500 Y115.540 Z5.924 E0.13061 F382.8 ; V* 0.40, H* 14.81
G1 X151.500 Y115.540 Z5.924 E0.13061 F382.8 ; V* 0.40, H* 14.81
G1 X152.500 Y115.540 Z5.924 E0.13061 F382.8 ; V* 0.40, H* 14.81
G1 X153.500 Y115.540 Z5.924 E0.13061 F382.8 ; V* 0.40, H* 14.81
G1 X154.500 Y115.540 Z5.924 E0.13061 F382.8 ; V* 0.40, H* 14.81
G1 X155.500 Y115.540 Z5.924 E0.13061 F382.8 ; V* 0.40, H* 14.81
G1 X156.500 Y115.540 Z5.924 E0.13061 F382.8 ; V* 0.40, H* 14.81
G1 X157.500 Y115.540 Z5.924 E0.13061 F382.8 ; V* 0.40, H* 14.81
G1 X157.500 Y116.540 Z5.924 E0.13061 F382.8 ; V* 0.40, H* 14.81
G1 X157.500 Y116.740 Z5.924 E0.02612 F382.8 ; V* 0.40, H* 14.81
G1 X156.500 Y116.740 Z5.924 E0.13061 F382.8 ; V* 0.40, H* 14.81
G1 X155.500 Y116.740 Z5.924 E0.13061 F382.8 ; V* 0.40, H* 14.81
G1 X154.500 Y116.740 Z5.924 E0.13061 F382.8 ; V* 0.40, H* 14.81
G1 X153.500 Y116.740 Z5.924 E0.13061 F382.8 ; V* 0.40, H* 14.81
G1 X152.500 Y116.740 Z5.924 E0.13061 F382.8 ; V* 0.40, H* 14.81
G1 X151.500 Y116.740 Z5.924 E0.13061 F382.8 ; V* 0.40, H* 14.81
G1 X150.500 Y116.740 Z5.924 E0.13061 F382.8 ; V* 0.40, H* 14.81
G1 X149.500 Y116.740 Z5.924 E0.13061 F382.8 ; V* 0.40, H* 14.81
G1 X148.500 Y116.740 Z5.924 E0.13061 F382.8 ; V* 0.40, H* 14.81
G1 X147.500 Y116.740 Z5.924 E0.13061 F382.8 ; V* 0.40, H* 14.81
G1 X146.500 Y116.740 Z5.924 E0.13061 F382.8 ; V* 0.40, H* 14.81
G1 X145.500 Y116.740 Z5.924 E0.13061 F382.8 ; V* 0.40, H* 14.81
G1 X144.500 Y116.740 Z5.924 E0.13061 F382.8 ; V* 0.40, H* 14.81
G1 X143.500 Y116.740 Z5.924 E0.13061 F382.8 ; V* 0.40, H* 14.81
G1 X142.500 Y116.740 Z5.924 E0.13061 F382.8 ; V* 0.40, H* 14.81
G1 X141.500 Y116.740 Z5.924 E0.13061 F382.8 ; V* 0.40, H* 14.81
G0 X140.500 Y116.740 Z2.772 F3000.0 ; Parameter change travel move: V* 0.40->0.15, H* 14.81-> 6.93
G1 X139.500 Y116.740 Z2.772 E0.34830 F143.6 ; V* 0.15, H* 6.93
G1 X138.500 Y116.740 Z2.772 E0.34830 F143.6 ; V* 0.15, H* 6.93
G1 X137.500 Y116.740 Z2.772 E0.34830 F143.6 ; V* 0.15, H* 6.93
G1 X136.500 Y116.740 Z2.772 E0.34830 F143.6 ; V* 0.15, H* 6.93
G1 X135.500 Y116.740 Z2.772 E0.34830 F143.6 ; V* 0.15, H* 6.93
G1 X134.500 Y116.740 Z2.772 E0.34830 F143.6 ; V* 0.15, H* 6.93
G1 X133.500 Y116.740 Z2.772 E0.34830 F143.6 ; V* 0.15, H* 6.93
G1 X132.500 Y116.740 Z2.772 E0.34830 F143.6 ; V* 0.15, H* 6.93
G1 X131.500 Y116.740 Z2.772 E0.34830 F143.6 ; V* 0.15, H* 6.93
G0 X130.500 Y116.740 Z5.924 F3000.0 ; Parameter change travel move: V* 0.15->0.40, H* 6.93-> 14.81
G1 X129.500 Y116.740 Z5.924 E0.13061 F382.8 ; V* 0.40, H* 14.81
G1 X128.500 Y116.740 Z5.924 E0.13061 F382.8 ; V* 0.40, H* 14.81
G1 X127.500 Y116.740 Z5.924 E0.13061 F382.8 ; V* 0.40, H* 14.81
G1 X126.500 Y116.740 Z5.924 E0.13061 F382.8 ; V* 0.40, H* 14.81
G1 X125.500 Y116.740 Z5.924 E0.13061 F382.8 ; V* 0.40, H* 14.81
G1 X124.500 Y116.740 Z5.924 E0.13061 F382.8 ; V* 0.40, H* 14.81
G1 X123.500 Y116.740 Z5.924 E0.13061 F382.8 ; V* 0.40, H* 14.81
G1 X122.500 Y116.740 Z5.924 E0.13061 F382.8 ; V* 0.40, H* 14.81
G1 X121.500 Y116.740 Z5.924 E0.13061 F382.8 ; V* 0.40, H* 14.81
G1 X120.500 Y116.740 Z5.924 E0.13061 F382.8 ; V* 0.40, H* 14.81
G1 X119.500 Y116.740 Z5.924 E0.13061 F382.8 ; V* 0.40, H* 14.81
G1 X118.500 Y116.740 Z5.924 E0.13061 F382.8 ; V* 0.40, H* 14.81
G1 X117.500 Y116.740 Z5.924 E0.13061 F382.8 ; V* 0.40, H* 14.81
G1 X116.500 Y116.740 Z5.924 E0.13061 F382.8 ; V* 0.40, H* 14.81
G1 X115.500 Y116.740 Z5.924 E0.13061 F382.8 ; V* 0.40, H* 14.81
G1 X114.500 Y116.740 Z5.924 E0.13061 F382.8 ; V* 0.40, H* 14.81
G1 X113.500 Y116.740 Z5.924 E0.13061 F382.8 ; V* 0.40, H* 14.81
G0 X112.500 Y116.740 Z2.772 F3000.0 ; Parameter change travel move: V* 0.40->0.15, H* 14.81-> 6.93
G1 X111.500 Y116.740 Z2.772 E0.34830 F143.6 ; V* 0.15, H* 6.93
G1 X110.500 Y116.740 Z2.772 E0.34830 F143.6 ; V* 0.15, H* 6.93
G0 X109.500 Y116.740 Z5.924 F3000.0 ; Parameter change travel move: V* 0.15->0.40, H* 6.93-> 14.81
G1 X108.500 Y116.740 Z5.924 E0.13061 F382.8 ; V* 0.40, H* 14.81
G1 X107.500 Y116.740 Z5.924 E0.13061 F382.8 ; V* 0.40, H* 14.81
G1 X106.500 Y116.740 Z5.924 E0.13061 F382.8 ; V* 0.40, H* 14.81
G1 X105.500 Y116.740 Z5.924 E0.13061 F382.8 ; V* 0.40, H* 14.81
G1 X104.500 Y116.740 Z5.924 E0.13061 F382.8 ; V* 0.40, H* 14.81
G1 X103.500 Y116.740 Z5.924 E0.13061 F382.8 ; V* 0.40, H* 14.81
G1 X102.500 Y116.740 Z5.924 E0.13061 F382.8 ; V* 0.40, H* 14.81
G1 X101.500 Y116.740 Z5.924 E0.13061 F382.8 ; V* 0.40, H* 14.81
G1 X100.500 Y116.740 Z5.924 E0.13061 F382.8 ; V* 0.40, H* 14.81
G1 X99.500 Y116.740 Z5.924 E0.13061 F382.8 ; V* 0.40, H* 14.81
G1 X98.500 Y116.740 Z5.924 E0.13061 F382.8 ; V* 0.40, H* 14.81
G1 X97.500 Y116.740 Z5.924 E0.13061 F382.8 ; V* 0.40, H* 14.81
G1 X97.500 Y117.740 Z5.924 E0.13061 F382.8 ; V* 0.40, H* 14.81
G1 X97.500 Y117.940 Z5.924 E0.02612 F382.8 ; V* 0.40, H* 14.81
G1 X98.500 Y117.940 Z5.924 E0.13061 F382.8 ; V* 0.40, H* 14.81
G1 X99.500 Y117.940 Z5.924 E0.13061 F382.8 ; V* 0.40, H* 14.81
G1 X100.500 Y117.940 Z5.924 E0.13061 F382.8 ; V* 0.40, H* 14.81
G1 X101.500 Y117.940 Z5.924 E0.13061 F382.8 ; V* 0.40, H* 14.81
G1 X102.500 Y117.940 Z5.924 E0.13061 F382.8 ; V* 0.40, H* 14.81
G1 X103.500 Y117.940 Z5.924 E0.13061 F382.8 ; V* 0.40, H* 14.81
G1 X104.500 Y117.940 Z5.924 E0.13061 F382.8 ; V* 0.40, H* 14.81
G1 X105.500 Y117.940 Z5.924 E0.13061 F382.8 ; V* 0.40, H* 14.81
G1 X106.500 Y117.940 Z5.924 E0.13061 F382.8 ; V* 0.40, H* 14.81
G1 X107.500 Y117.940 Z5.924 E0.13061 F382.8 ; V* 0.40, H* 14.81
G1 X108.500 Y117.940 Z5.924 E0.13061 F382.8 ; V* 0.40, H* 14.81
G1 X109.500 Y117.940 Z5.924 E0.13061 F382.8 ; V* 0.40, H* 14.81
G0 X110.500 Y117.940 Z2.772 F3000.0 ; Parameter change travel move: V* 0.40->0.15, H* 14.81-> 6.93
G1 X111.500 Y117.940 Z2.772 E0.34830 F143.6 ; V* 0.15, H* 6.93
G1 X112.500 Y117.940 Z2.772 E0.34830 F143.6 ; V* 0.15, H* 6.93
G0 X113.500 Y117.940 Z5.924 F3000.0 ; Parameter change travel move: V* 0.15->0.40, H* 6.93-> 14.81
G1 X114.500 Y117.940 Z5.924 E0.13061 F382.8 ; V* 0.40, H* 14.81
G1 X115.500 Y117.940 Z5.924 E0.13061 F382.8 ; V* 0.40, H* 14.81
G1 X116.500 Y117.940 Z5.924 E0.13061 F382.8 ; V* 0.40, H* 14.81
G1 X117.500 Y117.940 Z5.924 E0.13061 F382.8 ; V* 0.40, H* 14.81
G1 X118.500 Y117.940 Z5.924 E0.13061 F382.8 ; V* 0.40, H* 14.81
G1 X119.500 Y117.940 Z5.924 E0.13061 F382.8 ; V* 0.40, H* 14.81
G1 X120.500 Y117.940 Z5.924 E0.13061 F382.8 ; V* 0.40, H* 14.81
G0 X121.500 Y117.940 Z2.772 F3000.0 ; Parameter change travel move: V* 0.40->0.15, H* 14.81-> 6.93
G0 X122.500 Y117.940 Z5.924 F3000.0 ; Parameter change travel move: V* 0.15->0.40, H* 6.93-> 14.81
G1 X123.500 Y117.940 Z5.924 E0.13061 F382.8 ; V* 0.40, H* 14.81
G1 X124.500 Y117.940 Z5.924 E0.13061 F382.8 ; V* 0.40, H* 14.81
G1 X125.500 Y117.940 Z5.924 E0.13061 F382.8 ; V* 0.40, H* 14.81
G1 X126.500 Y117.940 Z5.924 E0.13061 F382.8 ; V* 0.40, H* 14.81
G1 X127.500 Y117.940 Z5.924 E0.13061 F382.8 ; V* 0.40, H* 14.81
G1 X128.500 Y117.940 Z5.924 E0.13061 F382.8 ; V* 0.40, H* 14.81
G1 X129.500 Y117.940 Z5.924 E0.13061 F382.8 ; V* 0.40, H* 14.81
G1 X130.500 Y117.940 Z5.924 E0.13061 F382.8 ; V* 0.40, H* 14.81
G0 X131.500 Y117.940 Z2.772 F3000.0 ; Parameter change travel move: V* 0.40->0.15, H* 14.81-> 6.93
G1 X132.500 Y117.940 Z2.772 E0.34830 F143.6 ; V* 0.15, H* 6.93
G1 X133.500 Y117.940 Z2.772 E0.34830 F143.6 ; V* 0.15, H* 6.93
G1 X134.500 Y117.940 Z2.772 E0.34830 F143.6 ; V* 0.15, H* 6.93
G1 X135.500 Y117.940 Z2.772 E0.34830 F143.6 ; V* 0.15, H* 6.93
G1 X136.500 Y117.940 Z2.772 E0.34830 F143.6 ; V* 0.15, H* 6.93
G1 X137.500 Y117.940 Z2.772 E0.34830 F143.6 ; V* 0.15, H* 6.93
G1 X138.500 Y117.940 Z2.772 E0.34830 F143.6 ; V* 0.15, H* 6.93
G1 X139.500 Y117.940 Z2.772 E0.34830 F143.6 ; V* 0.15, H* 6.93
G1 X140.500 Y117.940 Z2.772 E0.34830 F143.6 ; V* 0.15, H* 6.93
G0 X141.500 Y117.940 Z5.924 F3000.0 ; Parameter change travel move: V* 0.15->0.40, H* 6.93-> 14.81
G1 X142.500 Y117.940 Z5.924 E0.13061 F382.8 ; V* 0.40, H* 14.81
G1 X143.500 Y117.940 Z5.924 E0.13061 F382.8 ; V* 0.40, H* 14.81
G1 X144.500 Y117.940 Z5.924 E0.13061 F382.8 ; V* 0.40, H* 14.81
G1 X145.500 Y117.940 Z5.924 E0.13061 F382.8 ; V* 0.40, H* 14.81
G1 X146.500 Y117.940 Z5.924 E0.13061 F382.8 ; V* 0.40, H* 14.81
G1 X147.500 Y117.940 Z5.924 E0.13061 F382.8 ; V* 0.40, H* 14.81
G1 X148.500 Y117.940 Z5.924 E0.13061 F382.8 ; V* 0.40, H* 14.81
G1 X149.500 Y117.940 Z5.924 E0.13061 F382.8 ; V* 0.40, H* 14.81
G1 X150.500 Y117.940 Z5.924 E0.13061 F382.8 ; V* 0.40, H* 14.81
G1 X151.500 Y117.940 Z5.924 E0.13061 F382.8 ; V* 0.40, H* 14.81
G1 X152.500 Y117.940 Z5.924 E0.13061 F382.8 ; V* 0.40, H* 14.81
G1 X153.500 Y117.940 Z5.924 E0.13061 F382.8 ; V* 0.40, H* 14.81
G1 X154.500 Y117.940 Z5.924 E0.13061 F382.8 ; V* 0.40, H* 14.81
G1 X155.500 Y117.940 Z5.924 E0.13061 F382.8 ; V* 0.40, H* 14.81
G1 X156.500 Y117.940 Z5.924 E0.13061 F382.8 ; V* 0.40, H* 14.81
G1 X157.500 Y117.940 Z5.924 E0.13061 F382.8 ; V* 0.40, H* 14.81
G1 X157.500 Y118.940 Z5.924 E0.13061 F382.8 ; V* 0.40, H* 14.81
G1 X157.500 Y119.140 Z5.924 E0.02612 F382.8 ; V* 0.40, H* 14.81
G1 X156.500 Y119.140 Z5.924 E0.13061 F382.8 ; V* 0.40, H* 14.81
G1 X155.500 Y119.140 Z5.924 E0.13061 F382.8 ; V* 0.40, H* 14.81
G1 X154.500 Y119.140 Z5.924 E0.13061 F382.8 ; V* 0.40, H* 14.81
G1 X153.500 Y119.140 Z5.924 E0.13061 F382.8 ; V* 0.40, H* 14.81
G1 X152.500 Y119.140 Z5.924 E0.13061 F382.8 ; V* 0.40, H* 14.81
G1 X151.500 Y119.140 Z5.924 E0.13061 F382.8 ; V* 0.40, H* 14.81
G1 X150.500 Y119.140 Z5.924 E0.13061 F382.8 ; V* 0.40, H* 14.81
G1 X149.500 Y119.140 Z5.924 E0.13061 F382.8 ; V* 0.40, H* 14.81
G1 X148.500 Y119.140 Z5.924 E0.13061 F382.8 ; V* 0.40, H* 14.81
G1 X147.500 Y119.140 Z5.924 E0.13061 F382.8 ; V* 0.40, H* 14.81
G1 X146.500 Y119.140 Z5.924 E0.13061 F382.8 ; V* 0.40, H* 14.81
G1 X145.500 Y119.140 Z5.924 E0.13061 F382.8 ; V* 0.40, H* 14.81
G1 X144.500 Y119.140 Z5.924 E0.13061 F382.8 ; V* 0.40, H* 14.81
G1 X143.500 Y119.140 Z5.924 E0.13061 F382.8 ; V* 0.40, H* 14.81
G1 X142.500 Y119.140 Z5.924 E0.13061 F382.8 ; V* 0.40, H* 14.81
G1 X141.500 Y119.140 Z5.924 E0.13061 F382.8 ; V* 0.40, H* 14.81
G0 X140.500 Y119.140 Z2.772 F3000.0 ; Parameter change travel move: V* 0.40->0.15, H* 14.81-> 6.93
G1 X139.500 Y119.140 Z2.772 E0.34830 F143.6 ; V* 0.15, H* 6.93
G1 X138.500 Y119.140 Z2.772 E0.34830 F143.6 ; V* 0.15, H* 6.93
G1 X137.500 Y119.140 Z2.772 E0.34830 F143.6 ; V* 0.15, H* 6.93
G1 X136.500 Y119.140 Z2.772 E0.34830 F143.6 ; V* 0.15, H* 6.93
G1 X135.500 Y119.140 Z2.772 E0.34830 F143.6 ; V* 0.15, H* 6.93
G1 X134.500 Y119.140 Z2.772 E0.34830 F143.6 ; V* 0.15, H* 6.93
G1 X133.500 Y119.140 Z2.772 E0.34830 F143.6 ; V* 0.15, H* 6.93
G1 X132.500 Y119.140 Z2.772 E0.34830 F143.6 ; V* 0.15, H* 6.93
G1 X131.500 Y119.140 Z2.772 E0.34830 F143.6 ; V* 0.15, H* 6.93
G0 X130.500 Y119.140 Z5.924 F3000.0 ; Parameter change travel move: V* 0.15->0.40, H* 6.93-> 14.81
G1 X129.500 Y119.140 Z5.924 E0.13061 F382.8 ; V* 0.40, H* 14.81
G1 X128.500 Y119.140 Z5.924 E0.13061 F382.8 ; V* 0.40, H* 14.81
G1 X127.500 Y119.140 Z5.924 E0.13061 F382.8 ; V* 0.40, H* 14.81
G0 X126.500 Y119.140 Z2.772 F3000.0 ; Parameter change travel move: V* 0.40->0.15, H* 14.81-> 6.93
G0 X125.500 Y119.140 Z5.924 F3000.0 ; Parameter change travel move: V* 0.15->0.40, H* 6.93-> 14.81
G1 X124.500 Y119.140 Z5.924 E0.13061 F382.8 ; V* 0.40, H* 14.81
G1 X123.500 Y119.140 Z5.924 E0.13061 F382.8 ; V* 0.40, H* 14.81
G0 X122.500 Y119.140 Z2.772 F3000.0 ; Parameter change travel move: V* 0.40->0.15, H* 14.81-> 6.93
G1 X121.500 Y119.140 Z2.772 E0.34830 F143.6 ; V* 0.15, H* 6.93
G1 X120.500 Y119.140 Z2.772 E0.34830 F143.6 ; V* 0.15, H* 6.93
G0 X119.500 Y119.140 Z5.924 F3000.0 ; Parameter change travel move: V* 0.15->0.40, H* 6.93-> 14.81
G1 X118.500 Y119.140 Z5.924 E0.13061 F382.8 ; V* 0.40, H* 14.81
G1 X117.500 Y119.140 Z5.924 E0.13061 F382.8 ; V* 0.40, H* 14.81
G1 X116.500 Y119.140 Z5.924 E0.13061 F382.8 ; V* 0.40, H* 14.81
G1 X115.500 Y119.140 Z5.924 E0.13061 F382.8 ; V* 0.40, H* 14.81
G1 X114.500 Y119.140 Z5.924 E0.13061 F382.8 ; V* 0.40, H* 14.81
G1 X113.500 Y119.140 Z5.924 E0.13061 F382.8 ; V* 0.40, H* 14.81
G0 X112.500 Y119.140 Z2.772 F3000.0 ; Parameter change travel move: V* 0.40->0.15, H* 14.81-> 6.93
G1 X111.500 Y119.140 Z2.772 E0.34830 F143.6 ; V* 0.15, H* 6.93
G1 X110.500 Y119.140 Z2.772 E0.34830 F143.6 ; V* 0.15, H* 6.93
G0 X109.500 Y119.140 Z5.924 F3000.0 ; Parameter change travel move: V* 0.15->0.40, H* 6.93-> 14.81
G1 X108.500 Y119.140 Z5.924 E0.13061 F382.8 ; V* 0.40, H* 14.81
G1 X107.500 Y119.140 Z5.924 E0.13061 F382.8 ; V* 0.40, H* 14.81
G1 X106.500 Y119.140 Z5.924 E0.13061 F382.8 ; V* 0.40, H* 14.81
G1 X105.500 Y119.140 Z5.924 E0.13061 F382.8 ; V* 0.40, H* 14.81
G1 X104.500 Y119.140 Z5.924 E0.13061 F382.8 ; V* 0.40, H* 14.81
G1 X103.500 Y119.140 Z5.924 E0.13061 F382.8 ; V* 0.40, H* 14.81
G1 X102.500 Y119.140 Z5.924 E0.13061 F382.8 ; V* 0.40, H* 14.81
G1 X101.500 Y119.140 Z5.924 E0.13061 F382.8 ; V* 0.40, H* 14.81
G1 X100.500 Y119.140 Z5.924 E0.13061 F382.8 ; V* 0.40, H* 14.81
G1 X99.500 Y119.140 Z5.924 E0.13061 F382.8 ; V* 0.40, H* 14.81
G1 X98.500 Y119.140 Z5.924 E0.13061 F382.8 ; V* 0.40, H* 14.81
G1 X97.500 Y119.140 Z5.924 E0.13061 F382.8 ; V* 0.40, H* 14.81
G1 X97.500 Y120.140 Z5.924 E0.13061 F382.8 ; V* 0.40, H* 14.81
G1 X97.500 Y120.340 Z5.924 E0.02612 F382.8 ; V* 0.40, H* 14.81
G1 X98.500 Y120.340 Z5.924 E0.13061 F382.8 ; V* 0.40, H* 14.81
G1 X99.500 Y120.340 Z5.924 E0.13061 F382.8 ; V* 0.40, H* 14.81
G1 X100.500 Y120.340 Z5.924 E0.13061 F382.8 ; V* 0.40, H* 14.81
G1 X101.500 Y120.340 Z5.924 E0.13061 F382.8 ; V* 0.40, H* 14.81
G1 X102.500 Y120.340 Z5.924 E0.13061 F382.8 ; V* 0.40, H* 14.81
G1 X103.500 Y120.340 Z5.924 E0.13061 F382.8 ; V* 0.40, H* 14.81
G1 X104.500 Y120.340 Z5.924 E0.13061 F382.8 ; V* 0.40, H* 14.81
G1 X105.500 Y120.340 Z5.924 E0.13061 F382.8 ; V* 0.40, H* 14.81
G1 X106.500 Y120.340 Z5.924 E0.13061 F382.8 ; V* 0.40, H* 14.81
G1 X107.500 Y120.340 Z5.924 E0.13061 F382.8 ; V* 0.40, H* 14.81
G1 X108.500 Y120.340 Z5.924 E0.13061 F382.8 ; V* 0.40, H* 14.81
G1 X109.500 Y120.340 Z5.924 E0.13061 F382.8 ; V* 0.40, H* 14.81
G0 X110.500 Y120.340 Z2.772 F3000.0 ; Parameter change travel move: V* 0.40->0.15, H* 14.81-> 6.93
G1 X111.500 Y120.340 Z2.772 E0.34830 F143.6 ; V* 0.15, H* 6.93
G1 X112.500 Y120.340 Z2.772 E0.34830 F143.6 ; V* 0.15, H* 6.93
G1 X113.500 Y120.340 Z2.772 E0.34830 F143.6 ; V* 0.15, H* 6.93
G1 X114.500 Y120.340 Z2.772 E0.34830 F143.6 ; V* 0.15, H* 6.93
G1 X115.500 Y120.340 Z2.772 E0.34830 F143.6 ; V* 0.15, H* 6.93
G1 X116.500 Y120.340 Z2.772 E0.34830 F143.6 ; V* 0.15, H* 6.93
G1 X117.500 Y120.340 Z2.772 E0.34830 F143.6 ; V* 0.15, H* 6.93
G1 X118.500 Y120.340 Z2.772 E0.34830 F143.6 ; V* 0.15, H* 6.93
G0 X119.500 Y120.340 Z5.924 F3000.0 ; Parameter change travel move: V* 0.15->0.40, H* 6.93-> 14.81
G1 X120.500 Y120.340 Z5.924 E0.13061 F382.8 ; V* 0.40, H* 14.81
G0 X121.500 Y120.340 Z2.772 F3000.0 ; Parameter change travel move: V* 0.40->0.15, H* 14.81-> 6.93
G1 X122.500 Y120.340 Z2.772 E0.34830 F143.6 ; V* 0.15, H* 6.93
G0 X123.500 Y120.340 Z5.924 F3000.0 ; Parameter change travel move: V* 0.15->0.40, H* 6.93-> 14.81
G0 X124.500 Y120.340 Z2.772 F3000.0 ; Parameter change travel move: V* 0.40->0.15, H* 14.81-> 6.93
G1 X125.500 Y120.340 Z2.772 E0.34830 F143.6 ; V* 0.15, H* 6.93
G1 X126.500 Y120.340 Z2.772 E0.34830 F143.6 ; V* 0.15, H* 6.93
G1 X127.500 Y120.340 Z2.772 E0.34830 F143.6 ; V* 0.15, H* 6.93
G1 X128.500 Y120.340 Z2.772 E0.34830 F143.6 ; V* 0.15, H* 6.93
G0 X129.500 Y120.340 Z5.924 F3000.0 ; Parameter change travel move: V* 0.15->0.40, H* 6.93-> 14.81
G1 X130.500 Y120.340 Z5.924 E0.13061 F382.8 ; V* 0.40, H* 14.81
G0 X131.500 Y120.340 Z2.772 F3000.0 ; Parameter change travel move: V* 0.40->0.15, H* 14.81-> 6.93
G1 X132.500 Y120.340 Z2.772 E0.34830 F143.6 ; V* 0.15, H* 6.93
G1 X133.500 Y120.340 Z2.772 E0.34830 F143.6 ; V* 0.15, H* 6.93
G1 X134.500 Y120.340 Z2.772 E0.34830 F143.6 ; V* 0.15, H* 6.93
G1 X135.500 Y120.340 Z2.772 E0.34830 F143.6 ; V* 0.15, H* 6.93
G1 X136.500 Y120.340 Z2.772 E0.34830 F143.6 ; V* 0.15, H* 6.93
G1 X137.500 Y120.340 Z2.772 E0.34830 F143.6 ; V* 0.15, H* 6.93
G1 X138.500 Y120.340 Z2.772 E0.34830 F143.6 ; V* 0.15, H* 6.93
G1 X139.500 Y120.340 Z2.772 E0.34830 F143.6 ; V* 0.15, H* 6.93
G1 X140.500 Y120.340 Z2.772 E0.34830 F143.6 ; V* 0.15, H* 6.93
G0 X141.500 Y120.340 Z5.924 F3000.0 ; Parameter change travel move: V* 0.15->0.40, H* 6.93-> 14.81
G1 X142.500 Y120.340 Z5.924 E0.13061 F382.8 ; V* 0.40, H* 14.81
G1 X143.500 Y120.340 Z5.924 E0.13061 F382.8 ; V* 0.40, H* 14.81
G1 X144.500 Y120.340 Z5.924 E0.13061 F382.8 ; V* 0.40, H* 14.81
G1 X145.500 Y120.340 Z5.924 E0.13061 F382.8 ; V* 0.40, H* 14.81
G1 X146.500 Y120.340 Z5.924 E0.13061 F382.8 ; V* 0.40, H* 14.81
G1 X147.500 Y120.340 Z5.924 E0.13061 F382.8 ; V* 0.40, H* 14.81
G1 X148.500 Y120.340 Z5.924 E0.13061 F382.8 ; V* 0.40, H* 14.81
G1 X149.500 Y120.340 Z5.924 E0.13061 F382.8 ; V* 0.40, H* 14.81
G1 X150.500 Y120.340 Z5.924 E0.13061 F382.8 ; V* 0.40, H* 14.81
G1 X151.500 Y120.340 Z5.924 E0.13061 F382.8 ; V* 0.40, H* 14.81
G1 X152.500 Y120.340 Z5.924 E0.13061 F382.8 ; V* 0.40, H* 14.81
G1 X153.500 Y120.340 Z5.924 E0.13061 F382.8 ; V* 0.40, H* 14.81
G1 X154.500 Y120.340 Z5.924 E0.13061 F382.8 ; V* 0.40, H* 14.81
G1 X155.500 Y120.340 Z5.924 E0.13061 F382.8 ; V* 0.40, H* 14.81
G1 X156.500 Y120.340 Z5.924 E0.13061 F382.8 ; V* 0.40, H* 14.81
G1 X157.500 Y120.340 Z5.924 E0.13061 F382.8 ; V* 0.40, H* 14.81
G1 X157.500 Y121.340 Z5.924 E0.13061 F382.8 ; V* 0.40, H* 14.81
G1 X157.500 Y121.540 Z5.924 E0.02612 F382.8 ; V* 0.40, H* 14.81
G1 X156.500 Y121.540 Z5.924 E0.13061 F382.8 ; V* 0.40, H* 14.81
G1 X155.500 Y121.540 Z5.924 E0.13061 F382.8 ; V* 0.40, H* 14.81
G1 X154.500 Y121.540 Z5.924 E0.13061 F382.8 ; V* 0.40, H* 14.81
G1 X153.500 Y121.540 Z5.924 E0.13061 F382.8 ; V* 0.40, H* 14.81
G1 X152.500 Y121.540 Z5.924 E0.13061 F382.8 ; V* 0.40, H* 14.81
G1 X151.500 Y121.540 Z5.924 E0.13061 F382.8 ; V* 0.40, H* 14.81
G1 X150.500 Y121.540 Z5.924 E0.13061 F382.8 ; V* 0.40, H* 14.81
G1 X149.500 Y121.540 Z5.924 E0.13061 F382.8 ; V* 0.40, H* 14.81
G1 X148.500 Y121.540 Z5.924 E0.13061 F382.8 ; V* 0.40, H* 14.81
G1 X147.500 Y121.540 Z5.924 E0.13061 F382.8 ; V* 0.40, H* 14.81
G1 X146.500 Y121.540 Z5.924 E0.13061 F382.8 ; V* 0.40, H* 14.81
G1 X145.500 Y121.540 Z5.924 E0.13061 F382.8 ; V* 0.40, H* 14.81
G1 X144.500 Y121.540 Z5.924 E0.13061 F382.8 ; V* 0.40, H* 14.81
G1 X143.500 Y121.540 Z5.924 E0.13061 F382.8 ; V* 0.40, H* 14.81
G1 X142.500 Y121.540 Z5.924 E0.13061 F382.8 ; V* 0.40, H* 14.81
G1 X141.500 Y121.540 Z5.924 E0.13061 F382.8 ; V* 0.40, H* 14.81
G1 X140.500 Y121.540 Z5.924 E0.13061 F382.8 ; V* 0.40, H* 14.81
G0 X139.500 Y121.540 Z2.772 F3000.0 ; Parameter change travel move: V* 0.40->0.15, H* 14.81-> 6.93
G1 X138.500 Y121.540 Z2.772 E0.34830 F143.6 ; V* 0.15, H* 6.93
G1 X137.500 Y121.540 Z2.772 E0.34830 F143.6 ; V* 0.15, H* 6.93
G1 X136.500 Y121.540 Z2.772 E0.34830 F143.6 ; V* 0.15, H* 6.93
G1 X135.500 Y121.540 Z2.772 E0.34830 F143.6 ; V* 0.15, H* 6.93
G1 X134.500 Y121.540 Z2.772 E0.34830 F143.6 ; V* 0.15, H* 6.93
G1 X133.500 Y121.540 Z2.772 E0.34830 F143.6 ; V* 0.15, H* 6.93
G1 X132.500 Y121.540 Z2.772 E0.34830 F143.6 ; V* 0.15, H* 6.93
G1 X131.500 Y121.540 Z2.772 E0.34830 F143.6 ; V* 0.15, H* 6.93
G1 X130.500 Y121.540 Z2.772 E0.34830 F143.6 ; V* 0.15, H* 6.93
G1 X129.500 Y121.540 Z2.772 E0.34830 F143.6 ; V* 0.15, H* 6.93
G1 X128.500 Y121.540 Z2.772 E0.34830 F143.6 ; V* 0.15, H* 6.93
G1 X127.500 Y121.540 Z2.772 E0.34830 F143.6 ; V* 0.15, H* 6.93
G1 X126.500 Y121.540 Z2.772 E0.34830 F143.6 ; V* 0.15, H* 6.93
G1 X125.500 Y121.540 Z2.772 E0.34830 F143.6 ; V* 0.15, H* 6.93
G1 X124.500 Y121.540 Z2.772 E0.34830 F143.6 ; V* 0.15, H* 6.93
G1 X123.500 Y121.540 Z2.772 E0.34830 F143.6 ; V* 0.15, H* 6.93
G1 X122.500 Y121.540 Z2.772 E0.34830 F143.6 ; V* 0.15, H* 6.93
G1 X121.500 Y121.540 Z2.772 E0.34830 F143.6 ; V* 0.15, H* 6.93
G0 X120.500 Y121.540 Z5.924 F3000.0 ; Parameter change travel move: V* 0.15->0.40, H* 6.93-> 14.81
G1 X119.500 Y121.540 Z5.924 E0.13061 F382.8 ; V* 0.40, H* 14.81
G1 X118.500 Y121.540 Z5.924 E0.13061 F382.8 ; V* 0.40, H* 14.81
G0 X117.500 Y121.540 Z2.772 F3000.0 ; Parameter change travel move: V* 0.40->0.15, H* 14.81-> 6.93
G1 X116.500 Y121.540 Z2.772 E0.34830 F143.6 ; V* 0.15, H* 6.93
G1 X115.500 Y121.540 Z2.772 E0.34830 F143.6 ; V* 0.15, H* 6.93
G0 X114.500 Y121.540 Z5.924 F3000.0 ; Parameter change travel move: V* 0.15->0.40, H* 6.93-> 14.81
G0 X113.500 Y121.540 Z2.772 F3000.0 ; Parameter change travel move: V* 0.40->0.15, H* 14.81-> 6.93
G1 X112.500 Y121.540 Z2.772 E0.34830 F143.6 ; V* 0.15, H* 6.93
G1 X111.500 Y121.540 Z2.772 E0.34830 F143.6 ; V* 0.15, H* 6.93
G0 X110.500 Y121.540 Z5.924 F3000.0 ; Parameter change travel move: V* 0.15->0.40, H* 6.93-> 14.81
G1 X109.500 Y121.540 Z5.924 E0.13061 F382.8 ; V* 0.40, H* 14.81
G1 X108.500 Y121.540 Z5.924 E0.13061 F382.8 ; V* 0.40, H* 14.81
G1 X107.500 Y121.540 Z5.924 E0.13061 F382.8 ; V* 0.40, H* 14.81
G1 X106.500 Y121.540 Z5.924 E0.13061 F382.8 ; V* 0.40, H* 14.81
G1 X105.500 Y121.540 Z5.924 E0.13061 F382.8 ; V* 0.40, H* 14.81
G1 X104.500 Y121.540 Z5.924 E0.13061 F382.8 ; V* 0.40, H* 14.81
G1 X103.500 Y121.540 Z5.924 E0.13061 F382.8 ; V* 0.40, H* 14.81
G1 X102.500 Y121.540 Z5.924 E0.13061 F382.8 ; V* 0.40, H* 14.81
G1 X101.500 Y121.540 Z5.924 E0.13061 F382.8 ; V* 0.40, H* 14.81
G1 X100.500 Y121.540 Z5.924 E0.13061 F382.8 ; V* 0.40, H* 14.81
G1 X99.500 Y121.540 Z5.924 E0.13061 F382.8 ; V* 0.40, H* 14.81
G1 X98.500 Y121.540 Z5.924 E0.13061 F382.8 ; V* 0.40, H* 14.81
G1 X97.500 Y121.540 Z5.924 E0.13061 F382.8 ; V* 0.40, H* 14.81
G1 X97.500 Y122.540 Z5.924 E0.13061 F382.8 ; V* 0.40, H* 14.81
G1 X97.500 Y122.740 Z5.924 E0.02612 F382.8 ; V* 0.40, H* 14.81
G1 X98.500 Y122.740 Z5.924 E0.13061 F382.8 ; V* 0.40, H* 14.81
G1 X99.500 Y122.740 Z5.924 E0.13061 F382.8 ; V* 0.40, H* 14.81
G1 X100.500 Y122.740 Z5.924 E0.13061 F382.8 ; V* 0.40, H* 14.81
G1 X101.500 Y122.740 Z5.924 E0.13061 F382.8 ; V* 0.40, H* 14.81
G1 X102.500 Y122.740 Z5.924 E0.13061 F382.8 ; V* 0.40, H* 14.81
G1 X103.500 Y122.740 Z5.924 E0.13061 F382.8 ; V* 0.40, H* 14.81
G1 X104.500 Y122.740 Z5.924 E0.13061 F382.8 ; V* 0.40, H* 14.81
G1 X105.500 Y122.740 Z5.924 E0.13061 F382.8 ; V* 0.40, H* 14.81
G1 X106.500 Y122.740 Z5.924 E0.13061 F382.8 ; V* 0.40, H* 14.81
G1 X107.500 Y122.740 Z5.924 E0.13061 F382.8 ; V* 0.40, H* 14.81
G1 X108.500 Y122.740 Z5.924 E0.13061 F382.8 ; V* 0.40, H* 14.81
G1 X109.500 Y122.740 Z5.924 E0.13061 F382.8 ; V* 0.40, H* 14.81
G1 X110.500 Y122.740 Z5.924 E0.13061 F382.8 ; V* 0.40, H* 14.81
G0 X111.500 Y122.740 Z2.772 F3000.0 ; Parameter change travel move: V* 0.40->0.15, H* 14.81-> 6.93
G1 X112.500 Y122.740 Z2.772 E0.34830 F143.6 ; V* 0.15, H* 6.93
G0 X113.500 Y122.740 Z5.924 F3000.0 ; Parameter change travel move: V* 0.15->0.40, H* 6.93-> 14.81
G1 X114.500 Y122.740 Z5.924 E0.13061 F382.8 ; V* 0.40, H* 14.81
G1 X115.500 Y122.740 Z5.924 E0.13061 F382.8 ; V* 0.40, H* 14.81
G1 X116.500 Y122.740 Z5.924 E0.13061 F382.8 ; V* 0.40, H* 14.81
G1 X117.500 Y122.740 Z5.924 E0.13061 F382.8 ; V* 0.40, H* 14.81
G1 X118.500 Y122.740 Z5.924 E0.13061 F382.8 ; V* 0.40, H* 14.81
G1 X119.500 Y122.740 Z5.924 E0.13061 F382.8 ; V* 0.40, H* 14.81
G1 X120.500 Y122.740 Z5.924 E0.13061 F382.8 ; V* 0.40, H* 14.81
G1 X121.500 Y122.740 Z5.924 E0.13061 F382.8 ; V* 0.40, H* 14.81
G1 X122.500 Y122.740 Z5.924 E0.13061 F382.8 ; V* 0.40, H* 14.81
G0 X123.500 Y122.740 Z2.772 F3000.0 ; Parameter change travel move: V* 0.40->0.15, H* 14.81-> 6.93
G1 X124.500 Y122.740 Z2.772 E0.34830 F143.6 ; V* 0.15, H* 6.93
G0 X125.500 Y122.740 Z5.924 F3000.0 ; Parameter change travel move: V* 0.15->0.40, H* 6.93-> 14.81
G1 X126.500 Y122.740 Z5.924 E0.13061 F382.8 ; V* 0.40, H* 14.81
G1 X127.500 Y122.740 Z5.924 E0.13061 F382.8 ; V* 0.40, H* 14.81
G1 X128.500 Y122.740 Z5.924 E0.13061 F382.8 ; V* 0.40, H* 14.81
G1 X129.500 Y122.740 Z5.924 E0.13061 F382.8 ; V* 0.40, H* 14.81
G0 X130.500 Y122.740 Z2.772 F3000.0 ; Parameter change travel move: V* 0.40->0.15, H* 14.81-> 6.93
G1 X131.500 Y122.740 Z2.772 E0.34830 F143.6 ; V* 0.15, H* 6.93
G1 X132.500 Y122.740 Z2.772 E0.34830 F143.6 ; V* 0.15, H* 6.93
G1 X133.500 Y122.740 Z2.772 E0.34830 F143.6 ; V* 0.15, H* 6.93
G1 X134.500 Y122.740 Z2.772 E0.34830 F143.6 ; V* 0.15, H* 6.93
G1 X135.500 Y122.740 Z2.772 E0.34830 F143.6 ; V* 0.15, H* 6.93
G1 X136.500 Y122.740 Z2.772 E0.34830 F143.6 ; V* 0.15, H* 6.93
G1 X137.500 Y122.740 Z2.772 E0.34830 F143.6 ; V* 0.15, H* 6.93
G1 X138.500 Y122.740 Z2.772 E0.34830 F143.6 ; V* 0.15, H* 6.93
G1 X139.500 Y122.740 Z2.772 E0.34830 F143.6 ; V* 0.15, H* 6.93
G0 X140.500 Y122.740 Z5.924 F3000.0 ; Parameter change travel move: V* 0.15->0.40, H* 6.93-> 14.81
G1 X141.500 Y122.740 Z5.924 E0.13061 F382.8 ; V* 0.40, H* 14.81
G1 X142.500 Y122.740 Z5.924 E0.13061 F382.8 ; V* 0.40, H* 14.81
G1 X143.500 Y122.740 Z5.924 E0.13061 F382.8 ; V* 0.40, H* 14.81
G1 X144.500 Y122.740 Z5.924 E0.13061 F382.8 ; V* 0.40, H* 14.81
G1 X145.500 Y122.740 Z5.924 E0.13061 F382.8 ; V* 0.40, H* 14.81
G1 X146.500 Y122.740 Z5.924 E0.13061 F382.8 ; V* 0.40, H* 14.81
G1 X147.500 Y122.740 Z5.924 E0.13061 F382.8 ; V* 0.40, H* 14.81
G1 X148.500 Y122.740 Z5.924 E0.13061 F382.8 ; V* 0.40, H* 14.81
G1 X149.500 Y122.740 Z5.924 E0.13061 F382.8 ; V* 0.40, H* 14.81
G1 X150.500 Y122.740 Z5.924 E0.13061 F382.8 ; V* 0.40, H* 14.81
G1 X151.500 Y122.740 Z5.924 E0.13061 F382.8 ; V* 0.40, H* 14.81
G1 X152.500 Y122.740 Z5.924 E0.13061 F382.8 ; V* 0.40, H* 14.81
G1 X153.500 Y122.740 Z5.924 E0.13061 F382.8 ; V* 0.40, H* 14.81
G1 X154.500 Y122.740 Z5.924 E0.13061 F382.8 ; V* 0.40, H* 14.81
G1 X155.500 Y122.740 Z5.924 E0.13061 F382.8 ; V* 0.40, H* 14.81
G1 X156.500 Y122.740 Z5.924 E0.13061 F382.8 ; V* 0.40, H* 14.81
G1 X157.500 Y122.740 Z5.924 E0.13061 F382.8 ; V* 0.40, H* 14.81
G1 X157.500 Y123.740 Z5.924 E0.13061 F382.8 ; V* 0.40, H* 14.81
G1 X157.500 Y123.940 Z5.924 E0.02612 F382.8 ; V* 0.40, H* 14.81
G1 X156.500 Y123.940 Z5.924 E0.13061 F382.8 ; V* 0.40, H* 14.81
G1 X155.500 Y123.940 Z5.924 E0.13061 F382.8 ; V* 0.40, H* 14.81
G1 X154.500 Y123.940 Z5.924 E0.13061 F382.8 ; V* 0.40, H* 14.81
G1 X153.500 Y123.940 Z5.924 E0.13061 F382.8 ; V* 0.40, H* 14.81
G1 X152.500 Y123.940 Z5.924 E0.13061 F382.8 ; V* 0.40, H* 14.81
G1 X151.500 Y123.940 Z5.924 E0.13061 F382.8 ; V* 0.40, H* 14.81
G1 X150.500 Y123.940 Z5.924 E0.13061 F382.8 ; V* 0.40, H* 14.81
G1 X149.500 Y123.940 Z5.924 E0.13061 F382.8 ; V* 0.40, H* 14.81
G1 X148.500 Y123.940 Z5.924 E0.13061 F382.8 ; V* 0.40, H* 14.81
G1 X147.500 Y123.940 Z5.924 E0.13061 F382.8 ; V* 0.40, H* 14.81
G1 X146.500 Y123.940 Z5.924 E0.13061 F382.8 ; V* 0.40, H* 14.81
G1 X145.500 Y123.940 Z5.924 E0.13061 F382.8 ; V* 0.40, H* 14.81
G1 X144.500 Y123.940 Z5.924 E0.13061 F382.8 ; V* 0.40, H* 14.81
G1 X143.500 Y123.940 Z5.924 E0.13061 F382.8 ; V* 0.40, H* 14.81
G1 X142.500 Y123.940 Z5.924 E0.13061 F382.8 ; V* 0.40, H* 14.81
G1 X141.500 Y123.940 Z5.924 E0.13061 F382.8 ; V* 0.40, H* 14.81
G1 X140.500 Y123.940 Z5.924 E0.13061 F382.8 ; V* 0.40, H* 14.81
G0 X139.500 Y123.940 Z2.772 F3000.0 ; Parameter change travel move: V* 0.40->0.15, H* 14.81-> 6.93
G1 X138.500 Y123.940 Z2.772 E0.34830 F143.6 ; V* 0.15, H* 6.93
G1 X137.500 Y123.940 Z2.772 E0.34830 F143.6 ; V* 0.15, H* 6.93
G1 X136.500 Y123.940 Z2.772 E0.34830 F143.6 ; V* 0.15, H* 6.93
G1 X135.500 Y123.940 Z2.772 E0.34830 F143.6 ; V* 0.15, H* 6.93
G1 X134.500 Y123.940 Z2.772 E0.34830 F143.6 ; V* 0.15, H* 6.93
G1 X133.500 Y123.940 Z2.772 E0.34830 F143.6 ; V* 0.15, H* 6.93
G1 X132.500 Y123.940 Z2.772 E0.34830 F143.6 ; V* 0.15, H* 6.93
G1 X131.500 Y123.940 Z2.772 E0.34830 F143.6 ; V* 0.15, H* 6.93
G0 X130.500 Y123.940 Z5.924 F3000.0 ; Parameter change travel move: V* 0.15->0.40, H* 6.93-> 14.81
G1 X129.500 Y123.940 Z5.924 E0.13061 F382.8 ; V* 0.40, H* 14.81
G1 X128.500 Y123.940 Z5.924 E0.13061 F382.8 ; V* 0.40, H* 14.81
G1 X127.500 Y123.940 Z5.924 E0.13061 F382.8 ; V* 0.40, H* 14.81
G1 X126.500 Y123.940 Z5.924 E0.13061 F382.8 ; V* 0.40, H* 14.81
G1 X125.500 Y123.940 Z5.924 E0.13061 F382.8 ; V* 0.40, H* 14.81
G1 X124.500 Y123.940 Z5.924 E0.13061 F382.8 ; V* 0.40, H* 14.81
G1 X123.500 Y123.940 Z5.924 E0.13061 F382.8 ; V* 0.40, H* 14.81
G1 X122.500 Y123.940 Z5.924 E0.13061 F382.8 ; V* 0.40, H* 14.81
G1 X121.500 Y123.940 Z5.924 E0.13061 F382.8 ; V* 0.40, H* 14.81
G1 X120.500 Y123.940 Z5.924 E0.13061 F382.8 ; V* 0.40, H* 14.81
G1 X119.500 Y123.940 Z5.924 E0.13061 F382.8 ; V* 0.40, H* 14.81
G1 X118.500 Y123.940 Z5.924 E0.13061 F382.8 ; V* 0.40, H* 14.81
G1 X117.500 Y123.940 Z5.924 E0.13061 F382.8 ; V* 0.40, H* 14.81
G1 X116.500 Y123.940 Z5.924 E0.13061 F382.8 ; V* 0.40, H* 14.81
G1 X115.500 Y123.940 Z5.924 E0.13061 F382.8 ; V* 0.40, H* 14.81
G1 X114.500 Y123.940 Z5.924 E0.13061 F382.8 ; V* 0.40, H* 14.81
G1 X113.500 Y123.940 Z5.924 E0.13061 F382.8 ; V* 0.40, H* 14.81
G0 X112.500 Y123.940 Z2.772 F3000.0 ; Parameter change travel move: V* 0.40->0.15, H* 14.81-> 6.93
G1 X111.500 Y123.940 Z2.772 E0.34830 F143.6 ; V* 0.15, H* 6.93
G0 X110.500 Y123.940 Z5.924 F3000.0 ; Parameter change travel move: V* 0.15->0.40, H* 6.93-> 14.81
G1 X109.500 Y123.940 Z5.924 E0.13061 F382.8 ; V* 0.40, H* 14.81
G1 X108.500 Y123.940 Z5.924 E0.13061 F382.8 ; V* 0.40, H* 14.81
G1 X107.500 Y123.940 Z5.924 E0.13061 F382.8 ; V* 0.40, H* 14.81
G1 X106.500 Y123.940 Z5.924 E0.13061 F382.8 ; V* 0.40, H* 14.81
G1 X105.500 Y123.940 Z5.924 E0.13061 F382.8 ; V* 0.40, H* 14.81
G1 X104.500 Y123.940 Z5.924 E0.13061 F382.8 ; V* 0.40, H* 14.81
G1 X103.500 Y123.940 Z5.924 E0.13061 F382.8 ; V* 0.40, H* 14.81
G1 X102.500 Y123.940 Z5.924 E0.13061 F382.8 ; V* 0.40, H* 14.81
G1 X101.500 Y123.940 Z5.924 E0.13061 F382.8 ; V* 0.40, H* 14.81
G1 X100.500 Y123.940 Z5.924 E0.13061 F382.8 ; V* 0.40, H* 14.81
G1 X99.500 Y123.940 Z5.924 E0.13061 F382.8 ; V* 0.40, H* 14.81
G1 X98.500 Y123.940 Z5.924 E0.13061 F382.8 ; V* 0.40, H* 14.81
G1 X97.500 Y123.940 Z5.924 E0.13061 F382.8 ; V* 0.40, H* 14.81
G1 X97.500 Y124.940 Z5.924 E0.13061 F382.8 ; V* 0.40, H* 14.81
G1 X97.500 Y125.140 Z5.924 E0.02612 F382.8 ; V* 0.40, H* 14.81
G1 X98.500 Y125.140 Z5.924 E0.13061 F382.8 ; V* 0.40, H* 14.81
G1 X99.500 Y125.140 Z5.924 E0.13061 F382.8 ; V* 0.40, H* 14.81
G1 X100.500 Y125.140 Z5.924 E0.13061 F382.8 ; V* 0.40, H* 14.81
G1 X101.500 Y125.140 Z5.924 E0.13061 F382.8 ; V* 0.40, H* 14.81
G1 X102.500 Y125.140 Z5.924 E0.13061 F382.8 ; V* 0.40, H* 14.81
G1 X103.500 Y125.140 Z5.924 E0.13061 F382.8 ; V* 0.40, H* 14.81
G1 X104.500 Y125.140 Z5.924 E0.13061 F382.8 ; V* 0.40, H* 14.81
G1 X105.500 Y125.140 Z5.924 E0.13061 F382.8 ; V* 0.40, H* 14.81
G1 X106.500 Y125.140 Z5.924 E0.13061 F382.8 ; V* 0.40, H* 14.81
G1 X107.500 Y125.140 Z5.924 E0.13061 F382.8 ; V* 0.40, H* 14.81
G1 X108.500 Y125.140 Z5.924 E0.13061 F382.8 ; V* 0.40, H* 14.81
G1 X109.500 Y125.140 Z5.924 E0.13061 F382.8 ; V* 0.40, H* 14.81
G1 X110.500 Y125.140 Z5.924 E0.13061 F382.8 ; V* 0.40, H* 14.81
G0 X111.500 Y125.140 Z2.772 F3000.0 ; Parameter change travel move: V* 0.40->0.15, H* 14.81-> 6.93
G1 X112.500 Y125.140 Z2.772 E0.34830 F143.6 ; V* 0.15, H* 6.93
G0 X113.500 Y125.140 Z5.924 F3000.0 ; Parameter change travel move: V* 0.15->0.40, H* 6.93-> 14.81
G1 X114.500 Y125.140 Z5.924 E0.13061 F382.8 ; V* 0.40, H* 14.81
G1 X115.500 Y125.140 Z5.924 E0.13061 F382.8 ; V* 0.40, H* 14.81
G1 X116.500 Y125.140 Z5.924 E0.13061 F382.8 ; V* 0.40, H* 14.81
G1 X117.500 Y125.140 Z5.924 E0.13061 F382.8 ; V* 0.40, H* 14.81
G1 X118.500 Y125.140 Z5.924 E0.13061 F382.8 ; V* 0.40, H* 14.81
G1 X119.500 Y125.140 Z5.924 E0.13061 F382.8 ; V* 0.40, H* 14.81
G1 X120.500 Y125.140 Z5.924 E0.13061 F382.8 ; V* 0.40, H* 14.81
G1 X121.500 Y125.140 Z5.924 E0.13061 F382.8 ; V* 0.40, H* 14.81
G1 X122.500 Y125.140 Z5.924 E0.13061 F382.8 ; V* 0.40, H* 14.81
G1 X123.500 Y125.140 Z5.924 E0.13061 F382.8 ; V* 0.40, H* 14.81
G1 X124.500 Y125.140 Z5.924 E0.13061 F382.8 ; V* 0.40, H* 14.81
G1 X125.500 Y125.140 Z5.924 E0.13061 F382.8 ; V* 0.40, H* 14.81
G1 X126.500 Y125.140 Z5.924 E0.13061 F382.8 ; V* 0.40, H* 14.81
G1 X127.500 Y125.140 Z5.924 E0.13061 F382.8 ; V* 0.40, H* 14.81
G1 X128.500 Y125.140 Z5.924 E0.13061 F382.8 ; V* 0.40, H* 14.81
G1 X129.500 Y125.140 Z5.924 E0.13061 F382.8 ; V* 0.40, H* 14.81
G1 X130.500 Y125.140 Z5.924 E0.13061 F382.8 ; V* 0.40, H* 14.81
G0 X131.500 Y125.140 Z2.772 F3000.0 ; Parameter change travel move: V* 0.40->0.15, H* 14.81-> 6.93
G1 X132.500 Y125.140 Z2.772 E0.34830 F143.6 ; V* 0.15, H* 6.93
G1 X133.500 Y125.140 Z2.772 E0.34830 F143.6 ; V* 0.15, H* 6.93
G1 X134.500 Y125.140 Z2.772 E0.34830 F143.6 ; V* 0.15, H* 6.93
G1 X135.500 Y125.140 Z2.772 E0.34830 F143.6 ; V* 0.15, H* 6.93
G1 X136.500 Y125.140 Z2.772 E0.34830 F143.6 ; V* 0.15, H* 6.93
G1 X137.500 Y125.140 Z2.772 E0.34830 F143.6 ; V* 0.15, H* 6.93
G1 X138.500 Y125.140 Z2.772 E0.34830 F143.6 ; V* 0.15, H* 6.93
G1 X139.500 Y125.140 Z2.772 E0.34830 F143.6 ; V* 0.15, H* 6.93
G0 X140.500 Y125.140 Z5.924 F3000.0 ; Parameter change travel move: V* 0.15->0.40, H* 6.93-> 14.81
G1 X141.500 Y125.140 Z5.924 E0.13061 F382.8 ; V* 0.40, H* 14.81
G1 X142.500 Y125.140 Z5.924 E0.13061 F382.8 ; V* 0.40, H* 14.81
G1 X143.500 Y125.140 Z5.924 E0.13061 F382.8 ; V* 0.40, H* 14.81
G1 X144.500 Y125.140 Z5.924 E0.13061 F382.8 ; V* 0.40, H* 14.81
G1 X145.500 Y125.140 Z5.924 E0.13061 F382.8 ; V* 0.40, H* 14.81
G1 X146.500 Y125.140 Z5.924 E0.13061 F382.8 ; V* 0.40, H* 14.81
G1 X147.500 Y125.140 Z5.924 E0.13061 F382.8 ; V* 0.40, H* 14.81
G1 X148.500 Y125.140 Z5.924 E0.13061 F382.8 ; V* 0.40, H* 14.81
G1 X149.500 Y125.140 Z5.924 E0.13061 F382.8 ; V* 0.40, H* 14.81
G1 X150.500 Y125.140 Z5.924 E0.13061 F382.8 ; V* 0.40, H* 14.81
G1 X151.500 Y125.140 Z5.924 E0.13061 F382.8 ; V* 0.40, H* 14.81
G1 X152.500 Y125.140 Z5.924 E0.13061 F382.8 ; V* 0.40, H* 14.81
G1 X153.500 Y125.140 Z5.924 E0.13061 F382.8 ; V* 0.40, H* 14.81
G1 X154.500 Y125.140 Z5.924 E0.13061 F382.8 ; V* 0.40, H* 14.81
G1 X155.500 Y125.140 Z5.924 E0.13061 F382.8 ; V* 0.40, H* 14.81
G1 X156.500 Y125.140 Z5.924 E0.13061 F382.8 ; V* 0.40, H* 14.81
G1 X157.500 Y125.140 Z5.924 E0.13061 F382.8 ; V* 0.40, H* 14.81
G1 X157.500 Y126.140 Z5.924 E0.13061 F382.8 ; V* 0.40, H* 14.81
G1 X157.500 Y126.340 Z5.924 E0.02612 F382.8 ; V* 0.40, H* 14.81
G1 X156.500 Y126.340 Z5.924 E0.13061 F382.8 ; V* 0.40, H* 14.81
G1 X155.500 Y126.340 Z5.924 E0.13061 F382.8 ; V* 0.40, H* 14.81
G1 X154.500 Y126.340 Z5.924 E0.13061 F382.8 ; V* 0.40, H* 14.81
G1 X153.500 Y126.340 Z5.924 E0.13061 F382.8 ; V* 0.40, H* 14.81
G1 X152.500 Y126.340 Z5.924 E0.13061 F382.8 ; V* 0.40, H* 14.81
G1 X151.500 Y126.340 Z5.924 E0.13061 F382.8 ; V* 0.40, H* 14.81
G1 X150.500 Y126.340 Z5.924 E0.13061 F382.8 ; V* 0.40, H* 14.81
G1 X149.500 Y126.340 Z5.924 E0.13061 F382.8 ; V* 0.40, H* 14.81
G1 X148.500 Y126.340 Z5.924 E0.13061 F382.8 ; V* 0.40, H* 14.81
G1 X147.500 Y126.340 Z5.924 E0.13061 F382.8 ; V* 0.40, H* 14.81
G1 X146.500 Y126.340 Z5.924 E0.13061 F382.8 ; V* 0.40, H* 14.81
G1 X145.500 Y126.340 Z5.924 E0.13061 F382.8 ; V* 0.40, H* 14.81
G1 X144.500 Y126.340 Z5.924 E0.13061 F382.8 ; V* 0.40, H* 14.81
G1 X143.500 Y126.340 Z5.924 E0.13061 F382.8 ; V* 0.40, H* 14.81
G1 X142.500 Y126.340 Z5.924 E0.13061 F382.8 ; V* 0.40, H* 14.81
G1 X141.500 Y126.340 Z5.924 E0.13061 F382.8 ; V* 0.40, H* 14.81
G1 X140.500 Y126.340 Z5.924 E0.13061 F382.8 ; V* 0.40, H* 14.81
G1 X139.500 Y126.340 Z5.924 E0.13061 F382.8 ; V* 0.40, H* 14.81
G0 X138.500 Y126.340 Z2.772 F3000.0 ; Parameter change travel move: V* 0.40->0.15, H* 14.81-> 6.93
G1 X137.500 Y126.340 Z2.772 E0.34830 F143.6 ; V* 0.15, H* 6.93
G1 X136.500 Y126.340 Z2.772 E0.34830 F143.6 ; V* 0.15, H* 6.93
G1 X135.500 Y126.340 Z2.772 E0.34830 F143.6 ; V* 0.15, H* 6.93
G1 X134.500 Y126.340 Z2.772 E0.34830 F143.6 ; V* 0.15, H* 6.93
G1 X133.500 Y126.340 Z2.772 E0.34830 F143.6 ; V* 0.15, H* 6.93
G1 X132.500 Y126.340 Z2.772 E0.34830 F143.6 ; V* 0.15, H* 6.93
G1 X131.500 Y126.340 Z2.772 E0.34830 F143.6 ; V* 0.15, H* 6.93
G1 X130.500 Y126.340 Z2.772 E0.34830 F143.6 ; V* 0.15, H* 6.93
G0 X129.500 Y126.340 Z5.924 F3000.0 ; Parameter change travel move: V* 0.15->0.40, H* 6.93-> 14.81
G1 X128.500 Y126.340 Z5.924 E0.13061 F382.8 ; V* 0.40, H* 14.81
G1 X127.500 Y126.340 Z5.924 E0.13061 F382.8 ; V* 0.40, H* 14.81
G1 X126.500 Y126.340 Z5.924 E0.13061 F382.8 ; V* 0.40, H* 14.81
G1 X125.500 Y126.340 Z5.924 E0.13061 F382.8 ; V* 0.40, H* 14.81
G1 X124.500 Y126.340 Z5.924 E0.13061 F382.8 ; V* 0.40, H* 14.81
G1 X123.500 Y126.340 Z5.924 E0.13061 F382.8 ; V* 0.40, H* 14.81
G1 X122.500 Y126.340 Z5.924 E0.13061 F382.8 ; V* 0.40, H* 14.81
G1 X121.500 Y126.340 Z5.924 E0.13061 F382.8 ; V* 0.40, H* 14.81
G1 X120.500 Y126.340 Z5.924 E0.13061 F382.8 ; V* 0.40, H* 14.81
G1 X119.500 Y126.340 Z5.924 E0.13061 F382.8 ; V* 0.40, H* 14.81
G1 X118.500 Y126.340 Z5.924 E0.13061 F382.8 ; V* 0.40, H* 14.81
G1 X117.500 Y126.340 Z5.924 E0.13061 F382.8 ; V* 0.40, H* 14.81
G1 X116.500 Y126.340 Z5.924 E0.13061 F382.8 ; V* 0.40, H* 14.81
G1 X115.500 Y126.340 Z5.924 E0.13061 F382.8 ; V* 0.40, H* 14.81
G1 X114.500 Y126.340 Z5.924 E0.13061 F382.8 ; V* 0.40, H* 14.81
G0 X113.500 Y126.340 Z2.772 F3000.0 ; Parameter change travel move: V* 0.40->0.15, H* 14.81-> 6.93
G1 X112.500 Y126.340 Z2.772 E0.34830 F143.6 ; V* 0.15, H* 6.93
G1 X111.500 Y126.340 Z2.772 E0.34830 F143.6 ; V* 0.15, H* 6.93
G0 X110.500 Y126.340 Z5.924 F3000.0 ; Parameter change travel move: V* 0.15->0.40, H* 6.93-> 14.81
G1 X109.500 Y126.340 Z5.924 E0.13061 F382.8 ; V* 0.40, H* 14.81
G1 X108.500 Y126.340 Z5.924 E0.13061 F382.8 ; V* 0.40, H* 14.81
G1 X107.500 Y126.340 Z5.924 E0.13061 F382.8 ; V* 0.40, H* 14.81
G1 X106.500 Y126.340 Z5.924 E0.13061 F382.8 ; V* 0.40, H* 14.81
G1 X105.500 Y126.340 Z5.924 E0.13061 F382.8 ; V* 0.40, H* 14.81
G1 X104.500 Y126.340 Z5.924 E0.13061 F382.8 ; V* 0.40, H* 14.81
G1 X103.500 Y126.340 Z5.924 E0.13061 F382.8 ; V* 0.40, H* 14.81
G1 X102.500 Y126.340 Z5.924 E0.13061 F382.8 ; V* 0.40, H* 14.81
G1 X101.500 Y126.340 Z5.924 E0.13061 F382.8 ; V* 0.40, H* 14.81
G1 X100.500 Y126.340 Z5.924 E0.13061 F382.8 ; V* 0.40, H* 14.81
G1 X99.500 Y126.340 Z5.924 E0.13061 F382.8 ; V* 0.40, H* 14.81
G1 X98.500 Y126.340 Z5.924 E0.13061 F382.8 ; V* 0.40, H* 14.81
G1 X97.500 Y126.340 Z5.924 E0.13061 F382.8 ; V* 0.40, H* 14.81
G1 X97.500 Y127.340 Z5.924 E0.13061 F382.8 ; V* 0.40, H* 14.81
G1 X97.500 Y127.540 Z5.924 E0.02612 F382.8 ; V* 0.40, H* 14.81
G1 X98.500 Y127.540 Z5.924 E0.13061 F382.8 ; V* 0.40, H* 14.81
G1 X99.500 Y127.540 Z5.924 E0.13061 F382.8 ; V* 0.40, H* 14.81
G1 X100.500 Y127.540 Z5.924 E0.13061 F382.8 ; V* 0.40, H* 14.81
G1 X101.500 Y127.540 Z5.924 E0.13061 F382.8 ; V* 0.40, H* 14.81
G1 X102.500 Y127.540 Z5.924 E0.13061 F382.8 ; V* 0.40, H* 14.81
G1 X103.500 Y127.540 Z5.924 E0.13061 F382.8 ; V* 0.40, H* 14.81
G1 X104.500 Y127.540 Z5.924 E0.13061 F382.8 ; V* 0.40, H* 14.81
G1 X105.500 Y127.540 Z5.924 E0.13061 F382.8 ; V* 0.40, H* 14.81
G1 X106.500 Y127.540 Z5.924 E0.13061 F382.8 ; V* 0.40, H* 14.81
G1 X107.500 Y127.540 Z5.924 E0.13061 F382.8 ; V* 0.40, H* 14.81
G1 X108.500 Y127.540 Z5.924 E0.13061 F382.8 ; V* 0.40, H* 14.81
G1 X109.500 Y127.540 Z5.924 E0.13061 F382.8 ; V* 0.40, H* 14.81
G1 X110.500 Y127.540 Z5.924 E0.13061 F382.8 ; V* 0.40, H* 14.81
G1 X111.500 Y127.540 Z5.924 E0.13061 F382.8 ; V* 0.40, H* 14.81
G0 X112.500 Y127.540 Z2.772 F3000.0 ; Parameter change travel move: V* 0.40->0.15, H* 14.81-> 6.93
G1 X113.500 Y127.540 Z2.772 E0.34830 F143.6 ; V* 0.15, H* 6.93
G0 X114.500 Y127.540 Z5.924 F3000.0 ; Parameter change travel move: V* 0.15->0.40, H* 6.93-> 14.81
G1 X115.500 Y127.540 Z5.924 E0.13061 F382.8 ; V* 0.40, H* 14.81
G1 X116.500 Y127.540 Z5.924 E0.13061 F382.8 ; V* 0.40, H* 14.81
G1 X117.500 Y127.540 Z5.924 E0.13061 F382.8 ; V* 0.40, H* 14.81
G1 X118.500 Y127.540 Z5.924 E0.13061 F382.8 ; V* 0.40, H* 14.81
G1 X119.500 Y127.540 Z5.924 E0.13061 F382.8 ; V* 0.40, H* 14.81
G1 X120.500 Y127.540 Z5.924 E0.13061 F382.8 ; V* 0.40, H* 14.81
G1 X121.500 Y127.540 Z5.924 E0.13061 F382.8 ; V* 0.40, H* 14.81
G1 X122.500 Y127.540 Z5.924 E0.13061 F382.8 ; V* 0.40, H* 14.81
G1 X123.500 Y127.540 Z5.924 E0.13061 F382.8 ; V* 0.40, H* 14.81
G1 X124.500 Y127.540 Z5.924 E0.13061 F382.8 ; V* 0.40, H* 14.81
G1 X125.500 Y127.540 Z5.924 E0.13061 F382.8 ; V* 0.40, H* 14.81
G1 X126.500 Y127.540 Z5.924 E0.13061 F382.8 ; V* 0.40, H* 14.81
G1 X127.500 Y127.540 Z5.924 E0.13061 F382.8 ; V* 0.40, H* 14.81
G1 X128.500 Y127.540 Z5.924 E0.13061 F382.8 ; V* 0.40, H* 14.81
G0 X129.500 Y127.540 Z2.772 F3000.0 ; Parameter change travel move: V* 0.40->0.15, H* 14.81-> 6.93
G1 X130.500 Y127.540 Z2.772 E0.34830 F143.6 ; V* 0.15, H* 6.93
G1 X131.500 Y127.540 Z2.772 E0.34830 F143.6 ; V* 0.15, H* 6.93
G1 X132.500 Y127.540 Z2.772 E0.34830 F143.6 ; V* 0.15, H* 6.93
G1 X133.500 Y127.540 Z2.772 E0.34830 F143.6 ; V* 0.15, H* 6.93
G1 X134.500 Y127.540 Z2.772 E0.34830 F143.6 ; V* 0.15, H* 6.93
G1 X135.500 Y127.540 Z2.772 E0.34830 F143.6 ; V* 0.15, H* 6.93
G1 X136.500 Y127.540 Z2.772 E0.34830 F143.6 ; V* 0.15, H* 6.93
G1 X137.500 Y127.540 Z2.772 E0.34830 F143.6 ; V* 0.15, H* 6.93
G1 X138.500 Y127.540 Z2.772 E0.34830 F143.6 ; V* 0.15, H* 6.93
G0 X139.500 Y127.540 Z5.924 F3000.0 ; Parameter change travel move: V* 0.15->0.40, H* 6.93-> 14.81
G1 X140.500 Y127.540 Z5.924 E0.13061 F382.8 ; V* 0.40, H* 14.81
G1 X141.500 Y127.540 Z5.924 E0.13061 F382.8 ; V* 0.40, H* 14.81
G1 X142.500 Y127.540 Z5.924 E0.13061 F382.8 ; V* 0.40, H* 14.81
G1 X143.500 Y127.540 Z5.924 E0.13061 F382.8 ; V* 0.40, H* 14.81
G1 X144.500 Y127.540 Z5.924 E0.13061 F382.8 ; V* 0.40, H* 14.81
G1 X145.500 Y127.540 Z5.924 E0.13061 F382.8 ; V* 0.40, H* 14.81
G1 X146.500 Y127.540 Z5.924 E0.13061 F382.8 ; V* 0.40, H* 14.81
G1 X147.500 Y127.540 Z5.924 E0.13061 F382.8 ; V* 0.40, H* 14.81
G1 X148.500 Y127.540 Z5.924 E0.13061 F382.8 ; V* 0.40, H* 14.81
G1 X149.500 Y127.540 Z5.924 E0.13061 F382.8 ; V* 0.40, H* 14.81
G1 X150.500 Y127.540 Z5.924 E0.13061 F382.8 ; V* 0.40, H* 14.81
G1 X151.500 Y127.540 Z5.924 E0.13061 F382.8 ; V* 0.40, H* 14.81
G1 X152.500 Y127.540 Z5.924 E0.13061 F382.8 ; V* 0.40, H* 14.81
G1 X153.500 Y127.540 Z5.924 E0.13061 F382.8 ; V* 0.40, H* 14.81
G1 X154.500 Y127.540 Z5.924 E0.13061 F382.8 ; V* 0.40, H* 14.81
G1 X155.500 Y127.540 Z5.924 E0.13061 F382.8 ; V* 0.40, H* 14.81
G1 X156.500 Y127.540 Z5.924 E0.13061 F382.8 ; V* 0.40, H* 14.81
G1 X157.500 Y127.540 Z5.924 E0.13061 F382.8 ; V* 0.40, H* 14.81
G1 X157.500 Y128.540 Z5.924 E0.13061 F382.8 ; V* 0.40, H* 14.81
G1 X157.500 Y128.740 Z5.924 E0.02612 F382.8 ; V* 0.40, H* 14.81
G1 X156.500 Y128.740 Z5.924 E0.13061 F382.8 ; V* 0.40, H* 14.81
G1 X155.500 Y128.740 Z5.924 E0.13061 F382.8 ; V* 0.40, H* 14.81
G1 X154.500 Y128.740 Z5.924 E0.13061 F382.8 ; V* 0.40, H* 14.81
G1 X153.500 Y128.740 Z5.924 E0.13061 F382.8 ; V* 0.40, H* 14.81
G1 X152.500 Y128.740 Z5.924 E0.13061 F382.8 ; V* 0.40, H* 14.81
G1 X151.500 Y128.740 Z5.924 E0.13061 F382.8 ; V* 0.40, H* 14.81
G1 X150.500 Y128.740 Z5.924 E0.13061 F382.8 ; V* 0.40, H* 14.81
G1 X149.500 Y128.740 Z5.924 E0.13061 F382.8 ; V* 0.40, H* 14.81
G1 X148.500 Y128.740 Z5.924 E0.13061 F382.8 ; V* 0.40, H* 14.81
G1 X147.500 Y128.740 Z5.924 E0.13061 F382.8 ; V* 0.40, H* 14.81
G1 X146.500 Y128.740 Z5.924 E0.13061 F382.8 ; V* 0.40, H* 14.81
G1 X145.500 Y128.740 Z5.924 E0.13061 F382.8 ; V* 0.40, H* 14.81
G1 X144.500 Y128.740 Z5.924 E0.13061 F382.8 ; V* 0.40, H* 14.81
G1 X143.500 Y128.740 Z5.924 E0.13061 F382.8 ; V* 0.40, H* 14.81
G1 X142.500 Y128.740 Z5.924 E0.13061 F382.8 ; V* 0.40, H* 14.81
G1 X141.500 Y128.740 Z5.924 E0.13061 F382.8 ; V* 0.40, H* 14.81
G1 X140.500 Y128.740 Z5.924 E0.13061 F382.8 ; V* 0.40, H* 14.81
G1 X139.500 Y128.740 Z5.924 E0.13061 F382.8 ; V* 0.40, H* 14.81
G0 X138.500 Y128.740 Z2.772 F3000.0 ; Parameter change travel move: V* 0.40->0.15, H* 14.81-> 6.93
G1 X137.500 Y128.740 Z2.772 E0.34830 F143.6 ; V* 0.15, H* 6.93
G1 X136.500 Y128.740 Z2.772 E0.34830 F143.6 ; V* 0.15, H* 6.93
G1 X135.500 Y128.740 Z2.772 E0.34830 F143.6 ; V* 0.15, H* 6.93
G1 X134.500 Y128.740 Z2.772 E0.34830 F143.6 ; V* 0.15, H* 6.93
G1 X133.500 Y128.740 Z2.772 E0.34830 F143.6 ; V* 0.15, H* 6.93
G1 X132.500 Y128.740 Z2.772 E0.34830 F143.6 ; V* 0.15, H* 6.93
G1 X131.500 Y128.740 Z2.772 E0.34830 F143.6 ; V* 0.15, H* 6.93
G1 X130.500 Y128.740 Z2.772 E0.34830 F143.6 ; V* 0.15, H* 6.93
G1 X129.500 Y128.740 Z2.772 E0.34830 F143.6 ; V* 0.15, H* 6.93
G1 X128.500 Y128.740 Z2.772 E0.34830 F143.6 ; V* 0.15, H* 6.93
G0 X127.500 Y128.740 Z5.924 F3000.0 ; Parameter change travel move: V* 0.15->0.40, H* 6.93-> 14.81
G1 X126.500 Y128.740 Z5.924 E0.13061 F382.8 ; V* 0.40, H* 14.81
G1 X125.500 Y128.740 Z5.924 E0.13061 F382.8 ; V* 0.40, H* 14.81
G1 X124.500 Y128.740 Z5.924 E0.13061 F382.8 ; V* 0.40, H* 14.81
G1 X123.500 Y128.740 Z5.924 E0.13061 F382.8 ; V* 0.40, H* 14.81
G1 X122.500 Y128.740 Z5.924 E0.13061 F382.8 ; V* 0.40, H* 14.81
G1 X121.500 Y128.740 Z5.924 E0.13061 F382.8 ; V* 0.40, H* 14.81
G1 X120.500 Y128.740 Z5.924 E0.13061 F382.8 ; V* 0.40, H* 14.81
G1 X119.500 Y128.740 Z5.924 E0.13061 F382.8 ; V* 0.40, H* 14.81
G1 X118.500 Y128.740 Z5.924 E0.13061 F382.8 ; V* 0.40, H* 14.81
G1 X117.500 Y128.740 Z5.924 E0.13061 F382.8 ; V* 0.40, H* 14.81
G1 X116.500 Y128.740 Z5.924 E0.13061 F382.8 ; V* 0.40, H* 14.81
G1 X115.500 Y128.740 Z5.924 E0.13061 F382.8 ; V* 0.40, H* 14.81
G1 X114.500 Y128.740 Z5.924 E0.13061 F382.8 ; V* 0.40, H* 14.81
G1 X113.500 Y128.740 Z5.924 E0.13061 F382.8 ; V* 0.40, H* 14.81
G1 X112.500 Y128.740 Z5.924 E0.13061 F382.8 ; V* 0.40, H* 14.81
G1 X111.500 Y128.740 Z5.924 E0.13061 F382.8 ; V* 0.40, H* 14.81
G1 X110.500 Y128.740 Z5.924 E0.13061 F382.8 ; V* 0.40, H* 14.81
G1 X109.500 Y128.740 Z5.924 E0.13061 F382.8 ; V* 0.40, H* 14.81
G1 X108.500 Y128.740 Z5.924 E0.13061 F382.8 ; V* 0.40, H* 14.81
G1 X107.500 Y128.740 Z5.924 E0.13061 F382.8 ; V* 0.40, H* 14.81
G1 X106.500 Y128.740 Z5.924 E0.13061 F382.8 ; V* 0.40, H* 14.81
G1 X105.500 Y128.740 Z5.924 E0.13061 F382.8 ; V* 0.40, H* 14.81
G1 X104.500 Y128.740 Z5.924 E0.13061 F382.8 ; V* 0.40, H* 14.81
G1 X103.500 Y128.740 Z5.924 E0.13061 F382.8 ; V* 0.40, H* 14.81
G1 X102.500 Y128.740 Z5.924 E0.13061 F382.8 ; V* 0.40, H* 14.81
G1 X101.500 Y128.740 Z5.924 E0.13061 F382.8 ; V* 0.40, H* 14.81
G1 X100.500 Y128.740 Z5.924 E0.13061 F382.8 ; V* 0.40, H* 14.81
G1 X99.500 Y128.740 Z5.924 E0.13061 F382.8 ; V* 0.40, H* 14.81
G1 X98.500 Y128.740 Z5.924 E0.13061 F382.8 ; V* 0.40, H* 14.81
G1 X97.500 Y128.740 Z5.924 E0.13061 F382.8 ; V* 0.40, H* 14.81
G1 X97.500 Y129.740 Z5.924 E0.13061 F382.8 ; V* 0.40, H* 14.81
G1 X97.500 Y129.940 Z5.924 E0.02612 F382.8 ; V* 0.40, H* 14.81
G1 X98.500 Y129.940 Z5.924 E0.13061 F382.8 ; V* 0.40, H* 14.81
G1 X99.500 Y129.940 Z5.924 E0.13061 F382.8 ; V* 0.40, H* 14.81
G1 X100.500 Y129.940 Z5.924 E0.13061 F382.8 ; V* 0.40, H* 14.81
G1 X101.500 Y129.940 Z5.924 E0.13061 F382.8 ; V* 0.40, H* 14.81
G1 X102.500 Y129.940 Z5.924 E0.13061 F382.8 ; V* 0.40, H* 14.81
G1 X103.500 Y129.940 Z5.924 E0.13061 F382.8 ; V* 0.40, H* 14.81
G1 X104.500 Y129.940 Z5.924 E0.13061 F382.8 ; V* 0.40, H* 14.81
G1 X105.500 Y129.940 Z5.924 E0.13061 F382.8 ; V* 0.40, H* 14.81
G1 X106.500 Y129.940 Z5.924 E0.13061 F382.8 ; V* 0.40, H* 14.81
G1 X107.500 Y129.940 Z5.924 E0.13061 F382.8 ; V* 0.40, H* 14.81
G1 X108.500 Y129.940 Z5.924 E0.13061 F382.8 ; V* 0.40, H* 14.81
G1 X109.500 Y129.940 Z5.924 E0.13061 F382.8 ; V* 0.40, H* 14.81
G1 X110.500 Y129.940 Z5.924 E0.13061 F382.8 ; V* 0.40, H* 14.81
G1 X111.500 Y129.940 Z5.924 E0.13061 F382.8 ; V* 0.40, H* 14.81
G1 X112.500 Y129.940 Z5.924 E0.13061 F382.8 ; V* 0.40, H* 14.81
G1 X113.500 Y129.940 Z5.924 E0.13061 F382.8 ; V* 0.40, H* 14.81
G1 X114.500 Y129.940 Z5.924 E0.13061 F382.8 ; V* 0.40, H* 14.81
G1 X115.500 Y129.940 Z5.924 E0.13061 F382.8 ; V* 0.40, H* 14.81
G1 X116.500 Y129.940 Z5.924 E0.13061 F382.8 ; V* 0.40, H* 14.81
G1 X117.500 Y129.940 Z5.924 E0.13061 F382.8 ; V* 0.40, H* 14.81
G1 X118.500 Y129.940 Z5.924 E0.13061 F382.8 ; V* 0.40, H* 14.81
G1 X119.500 Y129.940 Z5.924 E0.13061 F382.8 ; V* 0.40, H* 14.81
G1 X120.500 Y129.940 Z5.924 E0.13061 F382.8 ; V* 0.40, H* 14.81
G1 X121.500 Y129.940 Z5.924 E0.13061 F382.8 ; V* 0.40, H* 14.81
G1 X122.500 Y129.940 Z5.924 E0.13061 F382.8 ; V* 0.40, H* 14.81
G1 X123.500 Y129.940 Z5.924 E0.13061 F382.8 ; V* 0.40, H* 14.81
G1 X124.500 Y129.940 Z5.924 E0.13061 F382.8 ; V* 0.40, H* 14.81
G1 X125.500 Y129.940 Z5.924 E0.13061 F382.8 ; V* 0.40, H* 14.81
G1 X126.500 Y129.940 Z5.924 E0.13061 F382.8 ; V* 0.40, H* 14.81
G0 X127.500 Y129.940 Z2.772 F3000.0 ; Parameter change travel move: V* 0.40->0.15, H* 14.81-> 6.93
G1 X128.500 Y129.940 Z2.772 E0.34830 F143.6 ; V* 0.15, H* 6.93
G1 X129.500 Y129.940 Z2.772 E0.34830 F143.6 ; V* 0.15, H* 6.93
G1 X130.500 Y129.940 Z2.772 E0.34830 F143.6 ; V* 0.15, H* 6.93
G1 X131.500 Y129.940 Z2.772 E0.34830 F143.6 ; V* 0.15, H* 6.93
G1 X132.500 Y129.940 Z2.772 E0.34830 F143.6 ; V* 0.15, H* 6.93
G1 X133.500 Y129.940 Z2.772 E0.34830 F143.6 ; V* 0.15, H* 6.93
G1 X134.500 Y129.940 Z2.772 E0.34830 F143.6 ; V* 0.15, H* 6.93
G1 X135.500 Y129.940 Z2.772 E0.34830 F143.6 ; V* 0.15, H* 6.93
G1 X136.500 Y129.940 Z2.772 E0.34830 F143.6 ; V* 0.15, H* 6.93
G1 X137.500 Y129.940 Z2.772 E0.34830 F143.6 ; V* 0.15, H* 6.93
G0 X138.500 Y129.940 Z5.924 F3000.0 ; Parameter change travel move: V* 0.15->0.40, H* 6.93-> 14.81
G1 X139.500 Y129.940 Z5.924 E0.13061 F382.8 ; V* 0.40, H* 14.81
G1 X140.500 Y129.940 Z5.924 E0.13061 F382.8 ; V* 0.40, H* 14.81
G1 X141.500 Y129.940 Z5.924 E0.13061 F382.8 ; V* 0.40, H* 14.81
G1 X142.500 Y129.940 Z5.924 E0.13061 F382.8 ; V* 0.40, H* 14.81
G1 X143.500 Y129.940 Z5.924 E0.13061 F382.8 ; V* 0.40, H* 14.81
G1 X144.500 Y129.940 Z5.924 E0.13061 F382.8 ; V* 0.40, H* 14.81
G1 X145.500 Y129.940 Z5.924 E0.13061 F382.8 ; V* 0.40, H* 14.81
G1 X146.500 Y129.940 Z5.924 E0.13061 F382.8 ; V* 0.40, H* 14.81
G1 X147.500 Y129.940 Z5.924 E0.13061 F382.8 ; V* 0.40, H* 14.81
G1 X148.500 Y129.940 Z5.924 E0.13061 F382.8 ; V* 0.40, H* 14.81
G1 X149.500 Y129.940 Z5.924 E0.13061 F382.8 ; V* 0.40, H* 14.81
G1 X150.500 Y129.940 Z5.924 E0.13061 F382.8 ; V* 0.40, H* 14.81
G1 X151.500 Y129.940 Z5.924 E0.13061 F382.8 ; V* 0.40, H* 14.81
G1 X152.500 Y129.940 Z5.924 E0.13061 F382.8 ; V* 0.40, H* 14.81
G1 X153.500 Y129.940 Z5.924 E0.13061 F382.8 ; V* 0.40, H* 14.81
G1 X154.500 Y129.940 Z5.924 E0.13061 F382.8 ; V* 0.40, H* 14.81
G1 X155.500 Y129.940 Z5.924 E0.13061 F382.8 ; V* 0.40, H* 14.81
G1 X156.500 Y129.940 Z5.924 E0.13061 F382.8 ; V* 0.40, H* 14.81
G1 X157.500 Y129.940 Z5.924 E0.13061 F382.8 ; V* 0.40, H* 14.81
G1 X157.500 Y130.940 Z5.924 E0.13061 F382.8 ; V* 0.40, H* 14.81
G1 X157.500 Y131.140 Z5.924 E0.02612 F382.8 ; V* 0.40, H* 14.81
G1 X156.500 Y131.140 Z5.924 E0.13061 F382.8 ; V* 0.40, H* 14.81
G1 X155.500 Y131.140 Z5.924 E0.13061 F382.8 ; V* 0.40, H* 14.81
G1 X154.500 Y131.140 Z5.924 E0.13061 F382.8 ; V* 0.40, H* 14.81
G1 X153.500 Y131.140 Z5.924 E0.13061 F382.8 ; V* 0.40, H* 14.81
G1 X152.500 Y131.140 Z5.924 E0.13061 F382.8 ; V* 0.40, H* 14.81
G1 X151.500 Y131.140 Z5.924 E0.13061 F382.8 ; V* 0.40, H* 14.81
G1 X150.500 Y131.140 Z5.924 E0.13061 F382.8 ; V* 0.40, H* 14.81
G1 X149.500 Y131.140 Z5.924 E0.13061 F382.8 ; V* 0.40, H* 14.81
G1 X148.500 Y131.140 Z5.924 E0.13061 F382.8 ; V* 0.40, H* 14.81
G1 X147.500 Y131.140 Z5.924 E0.13061 F382.8 ; V* 0.40, H* 14.81
G1 X146.500 Y131.140 Z5.924 E0.13061 F382.8 ; V* 0.40, H* 14.81
G1 X145.500 Y131.140 Z5.924 E0.13061 F382.8 ; V* 0.40, H* 14.81
G1 X144.500 Y131.140 Z5.924 E0.13061 F382.8 ; V* 0.40, H* 14.81
G1 X143.500 Y131.140 Z5.924 E0.13061 F382.8 ; V* 0.40, H* 14.81
G1 X142.500 Y131.140 Z5.924 E0.13061 F382.8 ; V* 0.40, H* 14.81
G1 X141.500 Y131.140 Z5.924 E0.13061 F382.8 ; V* 0.40, H* 14.81
G1 X140.500 Y131.140 Z5.924 E0.13061 F382.8 ; V* 0.40, H* 14.81
G1 X139.500 Y131.140 Z5.924 E0.13061 F382.8 ; V* 0.40, H* 14.81
G1 X138.500 Y131.140 Z5.924 E0.13061 F382.8 ; V* 0.40, H* 14.81
G0 X137.500 Y131.140 Z2.772 F3000.0 ; Parameter change travel move: V* 0.40->0.15, H* 14.81-> 6.93
G1 X136.500 Y131.140 Z2.772 E0.34830 F143.6 ; V* 0.15, H* 6.93
G1 X135.500 Y131.140 Z2.772 E0.34830 F143.6 ; V* 0.15, H* 6.93
G1 X134.500 Y131.140 Z2.772 E0.34830 F143.6 ; V* 0.15, H* 6.93
G1 X133.500 Y131.140 Z2.772 E0.34830 F143.6 ; V* 0.15, H* 6.93
G1 X132.500 Y131.140 Z2.772 E0.34830 F143.6 ; V* 0.15, H* 6.93
G1 X131.500 Y131.140 Z2.772 E0.34830 F143.6 ; V* 0.15, H* 6.93
G1 X130.500 Y131.140 Z2.772 E0.34830 F143.6 ; V* 0.15, H* 6.93
G1 X129.500 Y131.140 Z2.772 E0.34830 F143.6 ; V* 0.15, H* 6.93
G1 X128.500 Y131.140 Z2.772 E0.34830 F143.6 ; V* 0.15, H* 6.93
G1 X127.500 Y131.140 Z2.772 E0.34830 F143.6 ; V* 0.15, H* 6.93
G1 X126.500 Y131.140 Z2.772 E0.34830 F143.6 ; V* 0.15, H* 6.93
G0 X125.500 Y131.140 Z5.924 F3000.0 ; Parameter change travel move: V* 0.15->0.40, H* 6.93-> 14.81
G1 X124.500 Y131.140 Z5.924 E0.13061 F382.8 ; V* 0.40, H* 14.81
G1 X123.500 Y131.140 Z5.924 E0.13061 F382.8 ; V* 0.40, H* 14.81
G1 X122.500 Y131.140 Z5.924 E0.13061 F382.8 ; V* 0.40, H* 14.81
G1 X121.500 Y131.140 Z5.924 E0.13061 F382.8 ; V* 0.40, H* 14.81
G1 X120.500 Y131.140 Z5.924 E0.13061 F382.8 ; V* 0.40, H* 14.81
G1 X119.500 Y131.140 Z5.924 E0.13061 F382.8 ; V* 0.40, H* 14.81
G1 X118.500 Y131.140 Z5.924 E0.13061 F382.8 ; V* 0.40, H* 14.81
G1 X117.500 Y131.140 Z5.924 E0.13061 F382.8 ; V* 0.40, H* 14.81
G1 X116.500 Y131.140 Z5.924 E0.13061 F382.8 ; V* 0.40, H* 14.81
G0 X115.500 Y131.140 Z2.772 F3000.0 ; Parameter change travel move: V* 0.40->0.15, H* 14.81-> 6.93
G1 X114.500 Y131.140 Z2.772 E0.34830 F143.6 ; V* 0.15, H* 6.93
G0 X113.500 Y131.140 Z5.924 F3000.0 ; Parameter change travel move: V* 0.15->0.40, H* 6.93-> 14.81
G1 X112.500 Y131.140 Z5.924 E0.13061 F382.8 ; V* 0.40, H* 14.81
G1 X111.500 Y131.140 Z5.924 E0.13061 F382.8 ; V* 0.40, H* 14.81
G1 X110.500 Y131.140 Z5.924 E0.13061 F382.8 ; V* 0.40, H* 14.81
G1 X109.500 Y131.140 Z5.924 E0.13061 F382.8 ; V* 0.40, H* 14.81
G1 X108.500 Y131.140 Z5.924 E0.13061 F382.8 ; V* 0.40, H* 14.81
G1 X107.500 Y131.140 Z5.924 E0.13061 F382.8 ; V* 0.40, H* 14.81
G1 X106.500 Y131.140 Z5.924 E0.13061 F382.8 ; V* 0.40, H* 14.81
G1 X105.500 Y131.140 Z5.924 E0.13061 F382.8 ; V* 0.40, H* 14.81
G1 X104.500 Y131.140 Z5.924 E0.13061 F382.8 ; V* 0.40, H* 14.81
G1 X103.500 Y131.140 Z5.924 E0.13061 F382.8 ; V* 0.40, H* 14.81
G1 X102.500 Y131.140 Z5.924 E0.13061 F382.8 ; V* 0.40, H* 14.81
G1 X101.500 Y131.140 Z5.924 E0.13061 F382.8 ; V* 0.40, H* 14.81
G1 X100.500 Y131.140 Z5.924 E0.13061 F382.8 ; V* 0.40, H* 14.81
G1 X99.500 Y131.140 Z5.924 E0.13061 F382.8 ; V* 0.40, H* 14.81
G1 X98.500 Y131.140 Z5.924 E0.13061 F382.8 ; V* 0.40, H* 14.81
G1 X97.500 Y131.140 Z5.924 E0.13061 F382.8 ; V* 0.40, H* 14.81
G1 X97.500 Y132.140 Z5.924 E0.13061 F382.8 ; V* 0.40, H* 14.81
G1 X97.500 Y132.340 Z5.924 E0.02612 F382.8 ; V* 0.40, H* 14.81
G1 X98.500 Y132.340 Z5.924 E0.13061 F382.8 ; V* 0.40, H* 14.81
G1 X99.500 Y132.340 Z5.924 E0.13061 F382.8 ; V* 0.40, H* 14.81
G1 X100.500 Y132.340 Z5.924 E0.13061 F382.8 ; V* 0.40, H* 14.81
G1 X101.500 Y132.340 Z5.924 E0.13061 F382.8 ; V* 0.40, H* 14.81
G1 X102.500 Y132.340 Z5.924 E0.13061 F382.8 ; V* 0.40, H* 14.81
G1 X103.500 Y132.340 Z5.924 E0.13061 F382.8 ; V* 0.40, H* 14.81
G1 X104.500 Y132.340 Z5.924 E0.13061 F382.8 ; V* 0.40, H* 14.81
G1 X105.500 Y132.340 Z5.924 E0.13061 F382.8 ; V* 0.40, H* 14.81
G1 X106.500 Y132.340 Z5.924 E0.13061 F382.8 ; V* 0.40, H* 14.81
G1 X107.500 Y132.340 Z5.924 E0.13061 F382.8 ; V* 0.40, H* 14.81
G1 X108.500 Y132.340 Z5.924 E0.13061 F382.8 ; V* 0.40, H* 14.81
G1 X109.500 Y132.340 Z5.924 E0.13061 F382.8 ; V* 0.40, H* 14.81
G1 X110.500 Y132.340 Z5.924 E0.13061 F382.8 ; V* 0.40, H* 14.81
G1 X111.500 Y132.340 Z5.924 E0.13061 F382.8 ; V* 0.40, H* 14.81
G1 X112.500 Y132.340 Z5.924 E0.13061 F382.8 ; V* 0.40, H* 14.81
G1 X113.500 Y132.340 Z5.924 E0.13061 F382.8 ; V* 0.40, H* 14.81
G0 X114.500 Y132.340 Z2.772 F3000.0 ; Parameter change travel move: V* 0.40->0.15, H* 14.81-> 6.93
G1 X115.500 Y132.340 Z2.772 E0.34830 F143.6 ; V* 0.15, H* 6.93
G1 X116.500 Y132.340 Z2.772 E0.34830 F143.6 ; V* 0.15, H* 6.93
G1 X117.500 Y132.340 Z2.772 E0.34830 F143.6 ; V* 0.15, H* 6.93
G0 X118.500 Y132.340 Z5.924 F3000.0 ; Parameter change travel move: V* 0.15->0.40, H* 6.93-> 14.81
G1 X119.500 Y132.340 Z5.924 E0.13061 F382.8 ; V* 0.40, H* 14.81
G1 X120.500 Y132.340 Z5.924 E0.13061 F382.8 ; V* 0.40, H* 14.81
G1 X121.500 Y132.340 Z5.924 E0.13061 F382.8 ; V* 0.40, H* 14.81
G1 X122.500 Y132.340 Z5.924 E0.13061 F382.8 ; V* 0.40, H* 14.81
G0 X123.500 Y132.340 Z2.772 F3000.0 ; Parameter change travel move: V* 0.40->0.15, H* 14.81-> 6.93
G1 X124.500 Y132.340 Z2.772 E0.34830 F143.6 ; V* 0.15, H* 6.93
G1 X125.500 Y132.340 Z2.772 E0.34830 F143.6 ; V* 0.15, H* 6.93
G1 X126.500 Y132.340 Z2.772 E0.34830 F143.6 ; V* 0.15, H* 6.93
G1 X127.500 Y132.340 Z2.772 E0.34830 F143.6 ; V* 0.15, H* 6.93
G1 X128.500 Y132.340 Z2.772 E0.34830 F143.6 ; V* 0.15, H* 6.93
G1 X129.500 Y132.340 Z2.772 E0.34830 F143.6 ; V* 0.15, H* 6.93
G1 X130.500 Y132.340 Z2.772 E0.34830 F143.6 ; V* 0.15, H* 6.93
G1 X131.500 Y132.340 Z2.772 E0.34830 F143.6 ; V* 0.15, H* 6.93
G1 X132.500 Y132.340 Z2.772 E0.34830 F143.6 ; V* 0.15, H* 6.93
G1 X133.500 Y132.340 Z2.772 E0.34830 F143.6 ; V* 0.15, H* 6.93
G1 X134.500 Y132.340 Z2.772 E0.34830 F143.6 ; V* 0.15, H* 6.93
G1 X135.500 Y132.340 Z2.772 E0.34830 F143.6 ; V* 0.15, H* 6.93
G1 X136.500 Y132.340 Z2.772 E0.34830 F143.6 ; V* 0.15, H* 6.93
G0 X137.500 Y132.340 Z5.924 F3000.0 ; Parameter change travel move: V* 0.15->0.40, H* 6.93-> 14.81
G1 X138.500 Y132.340 Z5.924 E0.13061 F382.8 ; V* 0.40, H* 14.81
G1 X139.500 Y132.340 Z5.924 E0.13061 F382.8 ; V* 0.40, H* 14.81
G1 X140.500 Y132.340 Z5.924 E0.13061 F382.8 ; V* 0.40, H* 14.81
G1 X141.500 Y132.340 Z5.924 E0.13061 F382.8 ; V* 0.40, H* 14.81
G1 X142.500 Y132.340 Z5.924 E0.13061 F382.8 ; V* 0.40, H* 14.81
G1 X143.500 Y132.340 Z5.924 E0.13061 F382.8 ; V* 0.40, H* 14.81
G1 X144.500 Y132.340 Z5.924 E0.13061 F382.8 ; V* 0.40, H* 14.81
G1 X145.500 Y132.340 Z5.924 E0.13061 F382.8 ; V* 0.40, H* 14.81
G1 X146.500 Y132.340 Z5.924 E0.13061 F382.8 ; V* 0.40, H* 14.81
G1 X147.500 Y132.340 Z5.924 E0.13061 F382.8 ; V* 0.40, H* 14.81
G1 X148.500 Y132.340 Z5.924 E0.13061 F382.8 ; V* 0.40, H* 14.81
G1 X149.500 Y132.340 Z5.924 E0.13061 F382.8 ; V* 0.40, H* 14.81
G1 X150.500 Y132.340 Z5.924 E0.13061 F382.8 ; V* 0.40, H* 14.81
G1 X151.500 Y132.340 Z5.924 E0.13061 F382.8 ; V* 0.40, H* 14.81
G1 X152.500 Y132.340 Z5.924 E0.13061 F382.8 ; V* 0.40, H* 14.81
G1 X153.500 Y132.340 Z5.924 E0.13061 F382.8 ; V* 0.40, H* 14.81
G1 X154.500 Y132.340 Z5.924 E0.13061 F382.8 ; V* 0.40, H* 14.81
G1 X155.500 Y132.340 Z5.924 E0.13061 F382.8 ; V* 0.40, H* 14.81
G1 X156.500 Y132.340 Z5.924 E0.13061 F382.8 ; V* 0.40, H* 14.81
G1 X157.500 Y132.340 Z5.924 E0.13061 F382.8 ; V* 0.40, H* 14.81
G1 X157.500 Y133.340 Z5.924 E0.13061 F382.8 ; V* 0.40, H* 14.81
G1 X157.500 Y133.540 Z5.924 E0.02612 F382.8 ; V* 0.40, H* 14.81
G1 X156.500 Y133.540 Z5.924 E0.13061 F382.8 ; V* 0.40, H* 14.81
G1 X155.500 Y133.540 Z5.924 E0.13061 F382.8 ; V* 0.40, H* 14.81
G1 X154.500 Y133.540 Z5.924 E0.13061 F382.8 ; V* 0.40, H* 14.81
G1 X153.500 Y133.540 Z5.924 E0.13061 F382.8 ; V* 0.40, H* 14.81
G1 X152.500 Y133.540 Z5.924 E0.13061 F382.8 ; V* 0.40, H* 14.81
G1 X151.500 Y133.540 Z5.924 E0.13061 F382.8 ; V* 0.40, H* 14.81
G1 X150.500 Y133.540 Z5.924 E0.13061 F382.8 ; V* 0.40, H* 14.81
G1 X149.500 Y133.540 Z5.924 E0.13061 F382.8 ; V* 0.40, H* 14.81
G1 X148.500 Y133.540 Z5.924 E0.13061 F382.8 ; V* 0.40, H* 14.81
G1 X147.500 Y133.540 Z5.924 E0.13061 F382.8 ; V* 0.40, H* 14.81
G1 X146.500 Y133.540 Z5.924 E0.13061 F382.8 ; V* 0.40, H* 14.81
G1 X145.500 Y133.540 Z5.924 E0.13061 F382.8 ; V* 0.40, H* 14.81
G1 X144.500 Y133.540 Z5.924 E0.13061 F382.8 ; V* 0.40, H* 14.81
G1 X143.500 Y133.540 Z5.924 E0.13061 F382.8 ; V* 0.40, H* 14.81
G1 X142.500 Y133.540 Z5.924 E0.13061 F382.8 ; V* 0.40, H* 14.81
G1 X141.500 Y133.540 Z5.924 E0.13061 F382.8 ; V* 0.40, H* 14.81
G1 X140.500 Y133.540 Z5.924 E0.13061 F382.8 ; V* 0.40, H* 14.81
G1 X139.500 Y133.540 Z5.924 E0.13061 F382.8 ; V* 0.40, H* 14.81
G1 X138.500 Y133.540 Z5.924 E0.13061 F382.8 ; V* 0.40, H* 14.81
G1 X137.500 Y133.540 Z5.924 E0.13061 F382.8 ; V* 0.40, H* 14.81
G1 X136.500 Y133.540 Z5.924 E0.13061 F382.8 ; V* 0.40, H* 14.81
G0 X135.500 Y133.540 Z2.772 F3000.0 ; Parameter change travel move: V* 0.40->0.15, H* 14.81-> 6.93
G1 X134.500 Y133.540 Z2.772 E0.34830 F143.6 ; V* 0.15, H* 6.93
G1 X133.500 Y133.540 Z2.772 E0.34830 F143.6 ; V* 0.15, H* 6.93
G1 X132.500 Y133.540 Z2.772 E0.34830 F143.6 ; V* 0.15, H* 6.93
G1 X131.500 Y133.540 Z2.772 E0.34830 F143.6 ; V* 0.15, H* 6.93
G1 X130.500 Y133.540 Z2.772 E0.34830 F143.6 ; V* 0.15, H* 6.93
G1 X129.500 Y133.540 Z2.772 E0.34830 F143.6 ; V* 0.15, H* 6.93
G1 X128.500 Y133.540 Z2.772 E0.34830 F143.6 ; V* 0.15, H* 6.93
G1 X127.500 Y133.540 Z2.772 E0.34830 F143.6 ; V* 0.15, H* 6.93
G1 X126.500 Y133.540 Z2.772 E0.34830 F143.6 ; V* 0.15, H* 6.93
G1 X125.500 Y133.540 Z2.772 E0.34830 F143.6 ; V* 0.15, H* 6.93
G1 X124.500 Y133.540 Z2.772 E0.34830 F143.6 ; V* 0.15, H* 6.93
G1 X123.500 Y133.540 Z2.772 E0.34830 F143.6 ; V* 0.15, H* 6.93
G1 X122.500 Y133.540 Z2.772 E0.34830 F143.6 ; V* 0.15, H* 6.93
G1 X121.500 Y133.540 Z2.772 E0.34830 F143.6 ; V* 0.15, H* 6.93
G1 X120.500 Y133.540 Z2.772 E0.34830 F143.6 ; V* 0.15, H* 6.93
G1 X119.500 Y133.540 Z2.772 E0.34830 F143.6 ; V* 0.15, H* 6.93
G1 X118.500 Y133.540 Z2.772 E0.34830 F143.6 ; V* 0.15, H* 6.93
G1 X117.500 Y133.540 Z2.772 E0.34830 F143.6 ; V* 0.15, H* 6.93
G1 X116.500 Y133.540 Z2.772 E0.34830 F143.6 ; V* 0.15, H* 6.93
G1 X115.500 Y133.540 Z2.772 E0.34830 F143.6 ; V* 0.15, H* 6.93
G0 X114.500 Y133.540 Z5.924 F3000.0 ; Parameter change travel move: V* 0.15->0.40, H* 6.93-> 14.81
G1 X113.500 Y133.540 Z5.924 E0.13061 F382.8 ; V* 0.40, H* 14.81
G1 X112.500 Y133.540 Z5.924 E0.13061 F382.8 ; V* 0.40, H* 14.81
G1 X111.500 Y133.540 Z5.924 E0.13061 F382.8 ; V* 0.40, H* 14.81
G1 X110.500 Y133.540 Z5.924 E0.13061 F382.8 ; V* 0.40, H* 14.81
G1 X109.500 Y133.540 Z5.924 E0.13061 F382.8 ; V* 0.40, H* 14.81
G1 X108.500 Y133.540 Z5.924 E0.13061 F382.8 ; V* 0.40, H* 14.81
G1 X107.500 Y133.540 Z5.924 E0.13061 F382.8 ; V* 0.40, H* 14.81
G1 X106.500 Y133.540 Z5.924 E0.13061 F382.8 ; V* 0.40, H* 14.81
G1 X105.500 Y133.540 Z5.924 E0.13061 F382.8 ; V* 0.40, H* 14.81
G1 X104.500 Y133.540 Z5.924 E0.13061 F382.8 ; V* 0.40, H* 14.81
G1 X103.500 Y133.540 Z5.924 E0.13061 F382.8 ; V* 0.40, H* 14.81
G1 X102.500 Y133.540 Z5.924 E0.13061 F382.8 ; V* 0.40, H* 14.81
G1 X101.500 Y133.540 Z5.924 E0.13061 F382.8 ; V* 0.40, H* 14.81
G1 X100.500 Y133.540 Z5.924 E0.13061 F382.8 ; V* 0.40, H* 14.81
G1 X99.500 Y133.540 Z5.924 E0.13061 F382.8 ; V* 0.40, H* 14.81
G1 X98.500 Y133.540 Z5.924 E0.13061 F382.8 ; V* 0.40, H* 14.81
G1 X97.500 Y133.540 Z5.924 E0.13061 F382.8 ; V* 0.40, H* 14.81
G1 X97.500 Y134.540 Z5.924 E0.13061 F382.8 ; V* 0.40, H* 14.81
G1 X97.500 Y134.740 Z5.924 E0.02612 F382.8 ; V* 0.40, H* 14.81
G1 X98.500 Y134.740 Z5.924 E0.13061 F382.8 ; V* 0.40, H* 14.81
G1 X99.500 Y134.740 Z5.924 E0.13061 F382.8 ; V* 0.40, H* 14.81
G1 X100.500 Y134.740 Z5.924 E0.13061 F382.8 ; V* 0.40, H* 14.81
G1 X101.500 Y134.740 Z5.924 E0.13061 F382.8 ; V* 0.40, H* 14.81
G1 X102.500 Y134.740 Z5.924 E0.13061 F382.8 ; V* 0.40, H* 14.81
G1 X103.500 Y134.740 Z5.924 E0.13061 F382.8 ; V* 0.40, H* 14.81
G1 X104.500 Y134.740 Z5.924 E0.13061 F382.8 ; V* 0.40, H* 14.81
G1 X105.500 Y134.740 Z5.924 E0.13061 F382.8 ; V* 0.40, H* 14.81
G1 X106.500 Y134.740 Z5.924 E0.13061 F382.8 ; V* 0.40, H* 14.81
G1 X107.500 Y134.740 Z5.924 E0.13061 F382.8 ; V* 0.40, H* 14.81
G1 X108.500 Y134.740 Z5.924 E0.13061 F382.8 ; V* 0.40, H* 14.81
G1 X109.500 Y134.740 Z5.924 E0.13061 F382.8 ; V* 0.40, H* 14.81
G1 X110.500 Y134.740 Z5.924 E0.13061 F382.8 ; V* 0.40, H* 14.81
G1 X111.500 Y134.740 Z5.924 E0.13061 F382.8 ; V* 0.40, H* 14.81
G1 X112.500 Y134.740 Z5.924 E0.13061 F382.8 ; V* 0.40, H* 14.81
G1 X113.500 Y134.740 Z5.924 E0.13061 F382.8 ; V* 0.40, H* 14.81
G1 X114.500 Y134.740 Z5.924 E0.13061 F382.8 ; V* 0.40, H* 14.81
G1 X115.500 Y134.740 Z5.924 E0.13061 F382.8 ; V* 0.40, H* 14.81
G0 X116.500 Y134.740 Z2.772 F3000.0 ; Parameter change travel move: V* 0.40->0.15, H* 14.81-> 6.93
G1 X117.500 Y134.740 Z2.772 E0.34830 F143.6 ; V* 0.15, H* 6.93
G1 X118.500 Y134.740 Z2.772 E0.34830 F143.6 ; V* 0.15, H* 6.93
G1 X119.500 Y134.740 Z2.772 E0.34830 F143.6 ; V* 0.15, H* 6.93
G0 X120.500 Y134.740 Z5.924 F3000.0 ; Parameter change travel move: V* 0.15->0.40, H* 6.93-> 14.81
G0 X121.500 Y134.740 Z2.772 F3000.0 ; Parameter change travel move: V* 0.40->0.15, H* 14.81-> 6.93
G1 X122.500 Y134.740 Z2.772 E0.34830 F143.6 ; V* 0.15, H* 6.93
G1 X123.500 Y134.740 Z2.772 E0.34830 F143.6 ; V* 0.15, H* 6.93
G1 X124.500 Y134.740 Z2.772 E0.34830 F143.6 ; V* 0.15, H* 6.93
G1 X125.500 Y134.740 Z2.772 E0.34830 F143.6 ; V* 0.15, H* 6.93
G1 X126.500 Y134.740 Z2.772 E0.34830 F143.6 ; V* 0.15, H* 6.93
G1 X127.500 Y134.740 Z2.772 E0.34830 F143.6 ; V* 0.15, H* 6.93
G1 X128.500 Y134.740 Z2.772 E0.34830 F143.6 ; V* 0.15, H* 6.93
G1 X129.500 Y134.740 Z2.772 E0.34830 F143.6 ; V* 0.15, H* 6.93
G1 X130.500 Y134.740 Z2.772 E0.34830 F143.6 ; V* 0.15, H* 6.93
G1 X131.500 Y134.740 Z2.772 E0.34830 F143.6 ; V* 0.15, H* 6.93
G1 X132.500 Y134.740 Z2.772 E0.34830 F143.6 ; V* 0.15, H* 6.93
G1 X133.500 Y134.740 Z2.772 E0.34830 F143.6 ; V* 0.15, H* 6.93
G0 X134.500 Y134.740 Z5.924 F3000.0 ; Parameter change travel move: V* 0.15->0.40, H* 6.93-> 14.81
G1 X135.500 Y134.740 Z5.924 E0.13061 F382.8 ; V* 0.40, H* 14.81
G1 X136.500 Y134.740 Z5.924 E0.13061 F382.8 ; V* 0.40, H* 14.81
G1 X137.500 Y134.740 Z5.924 E0.13061 F382.8 ; V* 0.40, H* 14.81
G1 X138.500 Y134.740 Z5.924 E0.13061 F382.8 ; V* 0.40, H* 14.81
G1 X139.500 Y134.740 Z5.924 E0.13061 F382.8 ; V* 0.40, H* 14.81
G1 X140.500 Y134.740 Z5.924 E0.13061 F382.8 ; V* 0.40, H* 14.81
G1 X141.500 Y134.740 Z5.924 E0.13061 F382.8 ; V* 0.40, H* 14.81
G1 X142.500 Y134.740 Z5.924 E0.13061 F382.8 ; V* 0.40, H* 14.81
G1 X143.500 Y134.740 Z5.924 E0.13061 F382.8 ; V* 0.40, H* 14.81
G1 X144.500 Y134.740 Z5.924 E0.13061 F382.8 ; V* 0.40, H* 14.81
G1 X145.500 Y134.740 Z5.924 E0.13061 F382.8 ; V* 0.40, H* 14.81
G1 X146.500 Y134.740 Z5.924 E0.13061 F382.8 ; V* 0.40, H* 14.81
G1 X147.500 Y134.740 Z5.924 E0.13061 F382.8 ; V* 0.40, H* 14.81
G1 X148.500 Y134.740 Z5.924 E0.13061 F382.8 ; V* 0.40, H* 14.81
G1 X149.500 Y134.740 Z5.924 E0.13061 F382.8 ; V* 0.40, H* 14.81
G1 X150.500 Y134.740 Z5.924 E0.13061 F382.8 ; V* 0.40, H* 14.81
G1 X151.500 Y134.740 Z5.924 E0.13061 F382.8 ; V* 0.40, H* 14.81
G1 X152.500 Y134.740 Z5.924 E0.13061 F382.8 ; V* 0.40, H* 14.81
G1 X153.500 Y134.740 Z5.924 E0.13061 F382.8 ; V* 0.40, H* 14.81
G1 X154.500 Y134.740 Z5.924 E0.13061 F382.8 ; V* 0.40, H* 14.81
G1 X155.500 Y134.740 Z5.924 E0.13061 F382.8 ; V* 0.40, H* 14.81
G1 X156.500 Y134.740 Z5.924 E0.13061 F382.8 ; V* 0.40, H* 14.81
G1 X157.500 Y134.740 Z5.924 E0.13061 F382.8 ; V* 0.40, H* 14.81
G1 X157.500 Y135.740 Z5.924 E0.13061 F382.8 ; V* 0.40, H* 14.81
G1 X157.500 Y135.940 Z5.924 E0.02612 F382.8 ; V* 0.40, H* 14.81
G1 X156.500 Y135.940 Z5.924 E0.13061 F382.8 ; V* 0.40, H* 14.81
G1 X155.500 Y135.940 Z5.924 E0.13061 F382.8 ; V* 0.40, H* 14.81
G1 X154.500 Y135.940 Z5.924 E0.13061 F382.8 ; V* 0.40, H* 14.81
G1 X153.500 Y135.940 Z5.924 E0.13061 F382.8 ; V* 0.40, H* 14.81
G1 X152.500 Y135.940 Z5.924 E0.13061 F382.8 ; V* 0.40, H* 14.81
G1 X151.500 Y135.940 Z5.924 E0.13061 F382.8 ; V* 0.40, H* 14.81
G1 X150.500 Y135.940 Z5.924 E0.13061 F382.8 ; V* 0.40, H* 14.81
G1 X149.500 Y135.940 Z5.924 E0.13061 F382.8 ; V* 0.40, H* 14.81
G1 X148.500 Y135.940 Z5.924 E0.13061 F382.8 ; V* 0.40, H* 14.81
G1 X147.500 Y135.940 Z5.924 E0.13061 F382.8 ; V* 0.40, H* 14.81
G1 X146.500 Y135.940 Z5.924 E0.13061 F382.8 ; V* 0.40, H* 14.81
G1 X145.500 Y135.940 Z5.924 E0.13061 F382.8 ; V* 0.40, H* 14.81
G1 X144.500 Y135.940 Z5.924 E0.13061 F382.8 ; V* 0.40, H* 14.81
G1 X143.500 Y135.940 Z5.924 E0.13061 F382.8 ; V* 0.40, H* 14.81
G1 X142.500 Y135.940 Z5.924 E0.13061 F382.8 ; V* 0.40, H* 14.81
G1 X141.500 Y135.940 Z5.924 E0.13061 F382.8 ; V* 0.40, H* 14.81
G1 X140.500 Y135.940 Z5.924 E0.13061 F382.8 ; V* 0.40, H* 14.81
G1 X139.500 Y135.940 Z5.924 E0.13061 F382.8 ; V* 0.40, H* 14.81
G1 X138.500 Y135.940 Z5.924 E0.13061 F382.8 ; V* 0.40, H* 14.81
G1 X137.500 Y135.940 Z5.924 E0.13061 F382.8 ; V* 0.40, H* 14.81
G1 X136.500 Y135.940 Z5.924 E0.13061 F382.8 ; V* 0.40, H* 14.81
G1 X135.500 Y135.940 Z5.924 E0.13061 F382.8 ; V* 0.40, H* 14.81
G1 X134.500 Y135.940 Z5.924 E0.13061 F382.8 ; V* 0.40, H* 14.81
G1 X133.500 Y135.940 Z5.924 E0.13061 F382.8 ; V* 0.40, H* 14.81
G0 X132.500 Y135.940 Z2.772 F3000.0 ; Parameter change travel move: V* 0.40->0.15, H* 14.81-> 6.93
G1 X131.500 Y135.940 Z2.772 E0.34830 F143.6 ; V* 0.15, H* 6.93
G1 X130.500 Y135.940 Z2.772 E0.34830 F143.6 ; V* 0.15, H* 6.93
G1 X129.500 Y135.940 Z2.772 E0.34830 F143.6 ; V* 0.15, H* 6.93
G1 X128.500 Y135.940 Z2.772 E0.34830 F143.6 ; V* 0.15, H* 6.93
G1 X127.500 Y135.940 Z2.772 E0.34830 F143.6 ; V* 0.15, H* 6.93
G1 X126.500 Y135.940 Z2.772 E0.34830 F143.6 ; V* 0.15, H* 6.93
G1 X125.500 Y135.940 Z2.772 E0.34830 F143.6 ; V* 0.15, H* 6.93
G1 X124.500 Y135.940 Z2.772 E0.34830 F143.6 ; V* 0.15, H* 6.93
G1 X123.500 Y135.940 Z2.772 E0.34830 F143.6 ; V* 0.15, H* 6.93
G1 X122.500 Y135.940 Z2.772 E0.34830 F143.6 ; V* 0.15, H* 6.93
G1 X121.500 Y135.940 Z2.772 E0.34830 F143.6 ; V* 0.15, H* 6.93
G1 X120.500 Y135.940 Z2.772 E0.34830 F143.6 ; V* 0.15, H* 6.93
G1 X119.500 Y135.940 Z2.772 E0.34830 F143.6 ; V* 0.15, H* 6.93
G1 X118.500 Y135.940 Z2.772 E0.34830 F143.6 ; V* 0.15, H* 6.93
G0 X117.500 Y135.940 Z5.924 F3000.0 ; Parameter change travel move: V* 0.15->0.40, H* 6.93-> 14.81
G1 X116.500 Y135.940 Z5.924 E0.13061 F382.8 ; V* 0.40, H* 14.81
G1 X115.500 Y135.940 Z5.924 E0.13061 F382.8 ; V* 0.40, H* 14.81
G1 X114.500 Y135.940 Z5.924 E0.13061 F382.8 ; V* 0.40, H* 14.81
G1 X113.500 Y135.940 Z5.924 E0.13061 F382.8 ; V* 0.40, H* 14.81
G1 X112.500 Y135.940 Z5.924 E0.13061 F382.8 ; V* 0.40, H* 14.81
G1 X111.500 Y135.940 Z5.924 E0.13061 F382.8 ; V* 0.40, H* 14.81
G1 X110.500 Y135.940 Z5.924 E0.13061 F382.8 ; V* 0.40, H* 14.81
G1 X109.500 Y135.940 Z5.924 E0.13061 F382.8 ; V* 0.40, H* 14.81
G1 X108.500 Y135.940 Z5.924 E0.13061 F382.8 ; V* 0.40, H* 14.81
G1 X107.500 Y135.940 Z5.924 E0.13061 F382.8 ; V* 0.40, H* 14.81
G1 X106.500 Y135.940 Z5.924 E0.13061 F382.8 ; V* 0.40, H* 14.81
G1 X105.500 Y135.940 Z5.924 E0.13061 F382.8 ; V* 0.40, H* 14.81
G1 X104.500 Y135.940 Z5.924 E0.13061 F382.8 ; V* 0.40, H* 14.81
G1 X103.500 Y135.940 Z5.924 E0.13061 F382.8 ; V* 0.40, H* 14.81
G1 X102.500 Y135.940 Z5.924 E0.13061 F382.8 ; V* 0.40, H* 14.81
G1 X101.500 Y135.940 Z5.924 E0.13061 F382.8 ; V* 0.40, H* 14.81
G1 X100.500 Y135.940 Z5.924 E0.13061 F382.8 ; V* 0.40, H* 14.81
G1 X99.500 Y135.940 Z5.924 E0.13061 F382.8 ; V* 0.40, H* 14.81
G1 X98.500 Y135.940 Z5.924 E0.13061 F382.8 ; V* 0.40, H* 14.81
G1 X97.500 Y135.940 Z5.924 E0.13061 F382.8 ; V* 0.40, H* 14.81
G1 X97.500 Y136.940 Z5.924 E0.13061 F382.8 ; V* 0.40, H* 14.81
G1 X97.500 Y137.140 Z5.924 E0.02612 F382.8 ; V* 0.40, H* 14.81
G1 X98.500 Y137.140 Z5.924 E0.13061 F382.8 ; V* 0.40, H* 14.81
G1 X99.500 Y137.140 Z5.924 E0.13061 F382.8 ; V* 0.40, H* 14.81
G1 X100.500 Y137.140 Z5.924 E0.13061 F382.8 ; V* 0.40, H* 14.81
G1 X101.500 Y137.140 Z5.924 E0.13061 F382.8 ; V* 0.40, H* 14.81
G1 X102.500 Y137.140 Z5.924 E0.13061 F382.8 ; V* 0.40, H* 14.81
G1 X103.500 Y137.140 Z5.924 E0.13061 F382.8 ; V* 0.40, H* 14.81
G1 X104.500 Y137.140 Z5.924 E0.13061 F382.8 ; V* 0.40, H* 14.81
G1 X105.500 Y137.140 Z5.924 E0.13061 F382.8 ; V* 0.40, H* 14.81
G1 X106.500 Y137.140 Z5.924 E0.13061 F382.8 ; V* 0.40, H* 14.81
G1 X107.500 Y137.140 Z5.924 E0.13061 F382.8 ; V* 0.40, H* 14.81
G1 X108.500 Y137.140 Z5.924 E0.13061 F382.8 ; V* 0.40, H* 14.81
G1 X109.500 Y137.140 Z5.924 E0.13061 F382.8 ; V* 0.40, H* 14.81
G1 X110.500 Y137.140 Z5.924 E0.13061 F382.8 ; V* 0.40, H* 14.81
G1 X111.500 Y137.140 Z5.924 E0.13061 F382.8 ; V* 0.40, H* 14.81
G1 X112.500 Y137.140 Z5.924 E0.13061 F382.8 ; V* 0.40, H* 14.81
G1 X113.500 Y137.140 Z5.924 E0.13061 F382.8 ; V* 0.40, H* 14.81
G1 X114.500 Y137.140 Z5.924 E0.13061 F382.8 ; V* 0.40, H* 14.81
G1 X115.500 Y137.140 Z5.924 E0.13061 F382.8 ; V* 0.40, H* 14.81
G1 X116.500 Y137.140 Z5.924 E0.13061 F382.8 ; V* 0.40, H* 14.81
G1 X117.500 Y137.140 Z5.924 E0.13061 F382.8 ; V* 0.40, H* 14.81
G1 X118.500 Y137.140 Z5.924 E0.13061 F382.8 ; V* 0.40, H* 14.81
G1 X119.500 Y137.140 Z5.924 E0.13061 F382.8 ; V* 0.40, H* 14.81
G0 X120.500 Y137.140 Z2.772 F3000.0 ; Parameter change travel move: V* 0.40->0.15, H* 14.81-> 6.93
G1 X121.500 Y137.140 Z2.772 E0.34830 F143.6 ; V* 0.15, H* 6.93
G1 X122.500 Y137.140 Z2.772 E0.34830 F143.6 ; V* 0.15, H* 6.93
G1 X123.500 Y137.140 Z2.772 E0.34830 F143.6 ; V* 0.15, H* 6.93
G1 X124.500 Y137.140 Z2.772 E0.34830 F143.6 ; V* 0.15, H* 6.93
G1 X125.500 Y137.140 Z2.772 E0.34830 F143.6 ; V* 0.15, H* 6.93
G1 X126.500 Y137.140 Z2.772 E0.34830 F143.6 ; V* 0.15, H* 6.93
G1 X127.500 Y137.140 Z2.772 E0.34830 F143.6 ; V* 0.15, H* 6.93
G1 X128.500 Y137.140 Z2.772 E0.34830 F143.6 ; V* 0.15, H* 6.93
G1 X129.500 Y137.140 Z2.772 E0.34830 F143.6 ; V* 0.15, H* 6.93
G0 X130.500 Y137.140 Z5.924 F3000.0 ; Parameter change travel move: V* 0.15->0.40, H* 6.93-> 14.81
G1 X131.500 Y137.140 Z5.924 E0.13061 F382.8 ; V* 0.40, H* 14.81
G1 X132.500 Y137.140 Z5.924 E0.13061 F382.8 ; V* 0.40, H* 14.81
G1 X133.500 Y137.140 Z5.924 E0.13061 F382.8 ; V* 0.40, H* 14.81
G1 X134.500 Y137.140 Z5.924 E0.13061 F382.8 ; V* 0.40, H* 14.81
G1 X135.500 Y137.140 Z5.924 E0.13061 F382.8 ; V* 0.40, H* 14.81
G1 X136.500 Y137.140 Z5.924 E0.13061 F382.8 ; V* 0.40, H* 14.81
G1 X137.500 Y137.140 Z5.924 E0.13061 F382.8 ; V* 0.40, H* 14.81
G1 X138.500 Y137.140 Z5.924 E0.13061 F382.8 ; V* 0.40, H* 14.81
G1 X139.500 Y137.140 Z5.924 E0.13061 F382.8 ; V* 0.40, H* 14.81
G1 X140.500 Y137.140 Z5.924 E0.13061 F382.8 ; V* 0.40, H* 14.81
G1 X141.500 Y137.140 Z5.924 E0.13061 F382.8 ; V* 0.40, H* 14.81
G1 X142.500 Y137.140 Z5.924 E0.13061 F382.8 ; V* 0.40, H* 14.81
G1 X143.500 Y137.140 Z5.924 E0.13061 F382.8 ; V* 0.40, H* 14.81
G1 X144.500 Y137.140 Z5.924 E0.13061 F382.8 ; V* 0.40, H* 14.81
G1 X145.500 Y137.140 Z5.924 E0.13061 F382.8 ; V* 0.40, H* 14.81
G1 X146.500 Y137.140 Z5.924 E0.13061 F382.8 ; V* 0.40, H* 14.81
G1 X147.500 Y137.140 Z5.924 E0.13061 F382.8 ; V* 0.40, H* 14.81
G1 X148.500 Y137.140 Z5.924 E0.13061 F382.8 ; V* 0.40, H* 14.81
G1 X149.500 Y137.140 Z5.924 E0.13061 F382.8 ; V* 0.40, H* 14.81
G1 X150.500 Y137.140 Z5.924 E0.13061 F382.8 ; V* 0.40, H* 14.81
G1 X151.500 Y137.140 Z5.924 E0.13061 F382.8 ; V* 0.40, H* 14.81
G1 X152.500 Y137.140 Z5.924 E0.13061 F382.8 ; V* 0.40, H* 14.81
G1 X153.500 Y137.140 Z5.924 E0.13061 F382.8 ; V* 0.40, H* 14.81
G1 X154.500 Y137.140 Z5.924 E0.13061 F382.8 ; V* 0.40, H* 14.81
G1 X155.500 Y137.140 Z5.924 E0.13061 F382.8 ; V* 0.40, H* 14.81
G1 X156.500 Y137.140 Z5.924 E0.13061 F382.8 ; V* 0.40, H* 14.81
G1 X157.500 Y137.140 Z5.924 E0.13061 F382.8 ; V* 0.40, H* 14.81
G1 X157.500 Y136.140 Z7.194 E0.13061 F382.8 ; V* 0.40, H* 14.81
G1 X157.500 Y135.140 Z7.194 E0.13061 F382.8 ; V* 0.40, H* 14.81
G1 X157.500 Y134.140 Z7.194 E0.13061 F382.8 ; V* 0.40, H* 14.81
G1 X157.500 Y133.140 Z7.194 E0.13061 F382.8 ; V* 0.40, H* 14.81
G1 X157.500 Y132.140 Z7.194 E0.13061 F382.8 ; V* 0.40, H* 14.81
G1 X157.500 Y131.140 Z7.194 E0.13061 F382.8 ; V* 0.40, H* 14.81
G1 X157.500 Y130.140 Z7.194 E0.13061 F382.8 ; V* 0.40, H* 14.81
G1 X157.500 Y129.140 Z7.194 E0.13061 F382.8 ; V* 0.40, H* 14.81
G1 X157.500 Y128.140 Z7.194 E0.13061 F382.8 ; V* 0.40, H* 14.81
G1 X157.500 Y127.140 Z7.194 E0.13061 F382.8 ; V* 0.40, H* 14.81
G1 X157.500 Y126.140 Z7.194 E0.13061 F382.8 ; V* 0.40, H* 14.81
G1 X157.500 Y125.140 Z7.194 E0.13061 F382.8 ; V* 0.40, H* 14.81
G1 X157.500 Y124.140 Z7.194 E0.13061 F382.8 ; V* 0.40, H* 14.81
G1 X157.500 Y123.140 Z7.194 E0.13061 F382.8 ; V* 0.40, H* 14.81
G1 X157.500 Y122.140 Z7.194 E0.13061 F382.8 ; V* 0.40, H* 14.81
G1 X157.500 Y121.140 Z7.194 E0.13061 F382.8 ; V* 0.40, H* 14.81
G1 X157.500 Y120.140 Z7.194 E0.13061 F382.8 ; V* 0.40, H* 14.81
G1 X157.500 Y119.140 Z7.194 E0.13061 F382.8 ; V* 0.40, H* 14.81
G1 X157.500 Y118.140 Z7.194 E0.13061 F382.8 ; V* 0.40, H* 14.81
G1 X157.500 Y117.140 Z7.194 E0.13061 F382.8 ; V* 0.40, H* 14.81
G1 X157.500 Y116.140 Z7.194 E0.13061 F382.8 ; V* 0.40, H* 14.81
G1 X157.500 Y115.140 Z7.194 E0.13061 F382.8 ; V* 0.40, H* 14.81
G1 X157.500 Y114.140 Z7.194 E0.13061 F382.8 ; V* 0.40, H* 14.81
G1 X157.500 Y113.140 Z7.194 E0.13061 F382.8 ; V* 0.40, H* 14.81
G1 X157.500 Y112.140 Z7.194 E0.13061 F382.8 ; V* 0.40, H* 14.81
G1 X157.500 Y111.140 Z7.194 E0.13061 F382.8 ; V* 0.40, H* 14.81
G1 X157.500 Y110.140 Z7.194 E0.13061 F382.8 ; V* 0.40, H* 14.81
G1 X157.500 Y109.140 Z7.194 E0.13061 F382.8 ; V* 0.40, H* 14.81
G1 X157.500 Y108.140 Z7.194 E0.13061 F382.8 ; V* 0.40, H* 14.81
G1 X157.500 Y107.140 Z7.194 E0.13061 F382.8 ; V* 0.40, H* 14.81
G1 X157.500 Y106.140 Z7.194 E0.13061 F382.8 ; V* 0.40, H* 14.81
G1 X157.500 Y105.140 Z7.194 E0.13061 F382.8 ; V* 0.40, H* 14.81
G1 X157.500 Y104.140 Z7.194 E0.13061 F382.8 ; V* 0.40, H* 14.81
G1 X157.500 Y103.140 Z7.194 E0.13061 F382.8 ; V* 0.40, H* 14.81
G1 X157.500 Y102.140 Z7.194 E0.13061 F382.8 ; V* 0.40, H* 14.81
G1 X157.500 Y101.140 Z7.194 E0.13061 F382.8 ; V* 0.40, H* 14.81
G1 X157.500 Y100.140 Z7.194 E0.13061 F382.8 ; V* 0.40, H* 14.81
G1 X157.500 Y99.140 Z7.194 E0.13061 F382.8 ; V* 0.40, H* 14.81
G1 X157.500 Y98.140 Z7.194 E0.13061 F382.8 ; V* 0.40, H* 14.81
G1 X157.500 Y97.140 Z7.194 E0.13061 F382.8 ; V* 0.40, H* 14.81
G1 X157.500 Y96.140 Z7.194 E0.13061 F382.8 ; V* 0.40, H* 14.81
G1 X157.500 Y95.140 Z7.194 E0.13061 F382.8 ; V* 0.40, H* 14.81
G1 X157.500 Y94.140 Z7.194 E0.13061 F382.8 ; V* 0.40, H* 14.81
G1 X157.500 Y93.140 Z7.194 E0.13061 F382.8 ; V* 0.40, H* 14.81
G1 X157.500 Y92.140 Z7.194 E0.13061 F382.8 ; V* 0.40, H* 14.81
G1 X157.500 Y91.140 Z7.194 E0.13061 F382.8 ; V* 0.40, H* 14.81
G1 X157.500 Y90.140 Z7.194 E0.13061 F382.8 ; V* 0.40, H* 14.81
G1 X157.500 Y89.140 Z7.194 E0.13061 F382.8 ; V* 0.40, H* 14.81
G1 X157.500 Y88.140 Z7.194 E0.13061 F382.8 ; V* 0.40, H* 14.81
G1 X157.500 Y87.140 Z7.194 E0.13061 F382.8 ; V* 0.40, H* 14.81
G1 X157.500 Y86.140 Z7.194 E0.13061 F382.8 ; V* 0.40, H* 14.81
G1 X157.500 Y85.140 Z7.194 E0.13061 F382.8 ; V* 0.40, H* 14.81
G1 X157.500 Y84.140 Z7.194 E0.13061 F382.8 ; V* 0.40, H* 14.81
G1 X157.500 Y83.140 Z7.194 E0.13061 F382.8 ; V* 0.40, H* 14.81
G1 X157.500 Y82.140 Z7.194 E0.13061 F382.8 ; V* 0.40, H* 14.81
G1 X157.500 Y81.140 Z7.194 E0.13061 F382.8 ; V* 0.40, H* 14.81
G1 X157.500 Y80.140 Z7.194 E0.13061 F382.8 ; V* 0.40, H* 14.81
G1 X157.500 Y79.140 Z7.194 E0.13061 F382.8 ; V* 0.40, H* 14.81
G1 X157.500 Y78.140 Z7.194 E0.13061 F382.8 ; V* 0.40, H* 14.81
G1 X157.500 Y77.140 Z7.194 E0.13061 F382.8 ; V* 0.40, H* 14.81
G1 X157.500 Y76.140 Z7.194 E0.13061 F382.8 ; V* 0.40, H* 14.81
G1 X157.500 Y75.140 Z7.194 E0.13061 F382.8 ; V* 0.40, H* 14.81
G1 X157.500 Y74.140 Z7.194 E0.13061 F382.8 ; V* 0.40, H* 14.81
G1 X157.500 Y73.140 Z7.194 E0.13061 F382.8 ; V* 0.40, H* 14.81
G1 X157.500 Y72.340 Z7.194 E0.10449 F382.8 ; V* 0.40, H* 14.81
G1 X156.500 Y72.340 Z7.194 E0.13061 F382.8 ; V* 0.40, H* 14.81
G1 X156.300 Y72.340 Z7.194 E0.02612 F382.8 ; V* 0.40, H* 14.81
G1 X156.300 Y73.340 Z7.194 E0.13061 F382.8 ; V* 0.40, H* 14.81
G1 X156.300 Y74.340 Z7.194 E0.13061 F382.8 ; V* 0.40, H* 14.81
G1 X156.300 Y75.340 Z7.194 E0.13061 F382.8 ; V* 0.40, H* 14.81
G1 X156.300 Y76.340 Z7.194 E0.13061 F382.8 ; V* 0.40, H* 14.81
G1 X156.300 Y77.340 Z7.194 E0.13061 F382.8 ; V* 0.40, H* 14.81
G1 X156.300 Y78.340 Z7.194 E0.13061 F382.8 ; V* 0.40, H* 14.81
G1 X156.300 Y79.340 Z7.194 E0.13061 F382.8 ; V* 0.40, H* 14.81
G1 X156.300 Y80.340 Z7.194 E0.13061 F382.8 ; V* 0.40, H* 14.81
G1 X156.300 Y81.340 Z7.194 E0.13061 F382.8 ; V* 0.40, H* 14.81
G1 X156.300 Y82.340 Z7.194 E0.13061 F382.8 ; V* 0.40, H* 14.81
G1 X156.300 Y83.340 Z7.194 E0.13061 F382.8 ; V* 0.40, H* 14.81
G0 X156.300 Y84.340 Z4.042 F3000.0 ; Parameter change travel move: V* 0.40->0.15, H* 14.81-> 6.93
G1 X156.300 Y85.340 Z4.042 E0.34830 F143.6 ; V* 0.15, H* 6.93
G0 X156.300 Y86.340 Z7.194 F3000.0 ; Parameter change travel move: V* 0.15->0.40, H* 6.93-> 14.81
G1 X156.300 Y87.340 Z7.194 E0.13061 F382.8 ; V* 0.40, H* 14.81
G1 X156.300 Y88.340 Z7.194 E0.13061 F382.8 ; V* 0.40, H* 14.81
G1 X156.300 Y89.340 Z7.194 E0.13061 F382.8 ; V* 0.40, H* 14.81
G1 X156.300 Y90.340 Z7.194 E0.13061 F382.8 ; V* 0.40, H* 14.81
G1 X156.300 Y91.340 Z7.194 E0.13061 F382.8 ; V* 0.40, H* 14.81
G1 X156.300 Y92.340 Z7.194 E0.13061 F382.8 ; V* 0.40, H* 14.81
G1 X156.300 Y93.340 Z7.194 E0.13061 F382.8 ; V* 0.40, H* 14.81
G1 X156.300 Y94.340 Z7.194 E0.13061 F382.8 ; V* 0.40, H* 14.81
G1 X156.300 Y95.340 Z7.194 E0.13061 F382.8 ; V* 0.40, H* 14.81
G1 X156.300 Y96.340 Z7.194 E0.13061 F382.8 ; V* 0.40, H* 14.81
G1 X156.300 Y97.340 Z7.194 E0.13061 F382.8 ; V* 0.40, H* 14.81
G1 X156.300 Y98.340 Z7.194 E0.13061 F382.8 ; V* 0.40, H* 14.81
G1 X156.300 Y99.340 Z7.194 E0.13061 F382.8 ; V* 0.40, H* 14.81
G1 X156.300 Y100.340 Z7.194 E0.13061 F382.8 ; V* 0.40, H* 14.81
G1 X156.300 Y101.340 Z7.194 E0.13061 F382.8 ; V* 0.40, H* 14.81
G1 X156.300 Y102.340 Z7.194 E0.13061 F382.8 ; V* 0.40, H* 14.81
G1 X156.300 Y103.340 Z7.194 E0.13061 F382.8 ; V* 0.40, H* 14.81
G1 X156.300 Y104.340 Z7.194 E0.13061 F382.8 ; V* 0.40, H* 14.81
G1 X156.300 Y105.340 Z7.194 E0.13061 F382.8 ; V* 0.40, H* 14.81
G1 X156.300 Y106.340 Z7.194 E0.13061 F382.8 ; V* 0.40, H* 14.81
G1 X156.300 Y107.340 Z7.194 E0.13061 F382.8 ; V* 0.40, H* 14.81
G1 X156.300 Y108.340 Z7.194 E0.13061 F382.8 ; V* 0.40, H* 14.81
G1 X156.300 Y109.340 Z7.194 E0.13061 F382.8 ; V* 0.40, H* 14.81
G1 X156.300 Y110.340 Z7.194 E0.13061 F382.8 ; V* 0.40, H* 14.81
G1 X156.300 Y111.340 Z7.194 E0.13061 F382.8 ; V* 0.40, H* 14.81
G1 X156.300 Y112.340 Z7.194 E0.13061 F382.8 ; V* 0.40, H* 14.81
G1 X156.300 Y113.340 Z7.194 E0.13061 F382.8 ; V* 0.40, H* 14.81
G1 X156.300 Y114.340 Z7.194 E0.13061 F382.8 ; V* 0.40, H* 14.81
G1 X156.300 Y115.340 Z7.194 E0.13061 F382.8 ; V* 0.40, H* 14.81
G1 X156.300 Y116.340 Z7.194 E0.13061 F382.8 ; V* 0.40, H* 14.81
G1 X156.300 Y117.340 Z7.194 E0.13061 F382.8 ; V* 0.40, H* 14.81
G1 X156.300 Y118.340 Z7.194 E0.13061 F382.8 ; V* 0.40, H* 14.81
G1 X156.300 Y119.340 Z7.194 E0.13061 F382.8 ; V* 0.40, H* 14.81
G1 X156.300 Y120.340 Z7.194 E0.13061 F382.8 ; V* 0.40, H* 14.81
G1 X156.300 Y121.340 Z7.194 E0.13061 F382.8 ; V* 0.40, H* 14.81
G1 X156.300 Y122.340 Z7.194 E0.13061 F382.8 ; V* 0.40, H* 14.81
G1 X156.300 Y123.340 Z7.194 E0.13061 F382.8 ; V* 0.40, H* 14.81
G1 X156.300 Y124.340 Z7.194 E0.13061 F382.8 ; V* 0.40, H* 14.81
G1 X156.300 Y125.340 Z7.194 E0.13061 F382.8 ; V* 0.40, H* 14.81
G1 X156.300 Y126.340 Z7.194 E0.13061 F382.8 ; V* 0.40, H* 14.81
G1 X156.300 Y127.340 Z7.194 E0.13061 F382.8 ; V* 0.40, H* 14.81
G1 X156.300 Y128.340 Z7.194 E0.13061 F382.8 ; V* 0.40, H* 14.81
G1 X156.300 Y129.340 Z7.194 E0.13061 F382.8 ; V* 0.40, H* 14.81
G1 X156.300 Y130.340 Z7.194 E0.13061 F382.8 ; V* 0.40, H* 14.81
G1 X156.300 Y131.340 Z7.194 E0.13061 F382.8 ; V* 0.40, H* 14.81
G1 X156.300 Y132.340 Z7.194 E0.13061 F382.8 ; V* 0.40, H* 14.81
G1 X156.300 Y133.340 Z7.194 E0.13061 F382.8 ; V* 0.40, H* 14.81
G1 X156.300 Y134.340 Z7.194 E0.13061 F382.8 ; V* 0.40, H* 14.81
G1 X156.300 Y135.340 Z7.194 E0.13061 F382.8 ; V* 0.40, H* 14.81
G1 X156.300 Y136.340 Z7.194 E0.13061 F382.8 ; V* 0.40, H* 14.81
G1 X156.300 Y137.340 Z7.194 E0.13061 F382.8 ; V* 0.40, H* 14.81
G1 X156.300 Y137.660 Z7.194 E0.04168 F382.8 ; V* 0.40, H* 14.81
G1 X155.300 Y137.660 Z7.194 E0.13061 F382.8 ; V* 0.40, H* 14.81
G1 X155.100 Y137.660 Z7.194 E0.02612 F382.8 ; V* 0.40, H* 14.81
G1 X155.100 Y136.660 Z7.194 E0.13061 F382.8 ; V* 0.40, H* 14.81
G1 X155.100 Y135.660 Z7.194 E0.13061 F382.8 ; V* 0.40, H* 14.81
G1 X155.100 Y134.660 Z7.194 E0.13061 F382.8 ; V* 0.40, H* 14.81
G1 X155.100 Y133.660 Z7.194 E0.13061 F382.8 ; V* 0.40, H* 14.81
G1 X155.100 Y132.660 Z7.194 E0.13061 F382.8 ; V* 0.40, H* 14.81
G1 X155.100 Y131.660 Z7.194 E0.13061 F382.8 ; V* 0.40, H* 14.81
G1 X155.100 Y130.660 Z7.194 E0.13061 F382.8 ; V* 0.40, H* 14.81
G1 X155.100 Y129.660 Z7.194 E0.13061 F382.8 ; V* 0.40, H* 14.81
G1 X155.100 Y128.660 Z7.194 E0.13061 F382.8 ; V* 0.40, H* 14.81
G1 X155.100 Y127.660 Z7.194 E0.13061 F382.8 ; V* 0.40, H* 14.81
G1 X155.100 Y126.660 Z7.194 E0.13061 F382.8 ; V* 0.40, H* 14.81
G1 X155.100 Y125.660 Z7.194 E0.13061 F382.8 ; V* 0.40, H* 14.81
G1 X155.100 Y124.660 Z7.194 E0.13061 F382.8 ; V* 0.40, H* 14.81
G1 X155.100 Y123.660 Z7.194 E0.13061 F382.8 ; V* 0.40, H* 14.81
G1 X155.100 Y122.660 Z7.194 E0.13061 F382.8 ; V* 0.40, H* 14.81
G1 X155.100 Y121.660 Z7.194 E0.13061 F382.8 ; V* 0.40, H* 14.81
G1 X155.100 Y120.660 Z7.194 E0.13061 F382.8 ; V* 0.40, H* 14.81
G1 X155.100 Y119.660 Z7.194 E0.13061 F382.8 ; V* 0.40, H* 14.81
G1 X155.100 Y118.660 Z7.194 E0.13061 F382.8 ; V* 0.40, H* 14.81
G1 X155.100 Y117.660 Z7.194 E0.13061 F382.8 ; V* 0.40, H* 14.81
G1 X155.100 Y116.660 Z7.194 E0.13061 F382.8 ; V* 0.40, H* 14.81
G1 X155.100 Y115.660 Z7.194 E0.13061 F382.8 ; V* 0.40, H* 14.81
G1 X155.100 Y114.660 Z7.194 E0.13061 F382.8 ; V* 0.40, H* 14.81
G1 X155.100 Y113.660 Z7.194 E0.13061 F382.8 ; V* 0.40, H* 14.81
G1 X155.100 Y112.660 Z7.194 E0.13061 F382.8 ; V* 0.40, H* 14.81
G1 X155.100 Y111.660 Z7.194 E0.13061 F382.8 ; V* 0.40, H* 14.81
G1 X155.100 Y110.660 Z7.194 E0.13061 F382.8 ; V* 0.40, H* 14.81
G1 X155.100 Y109.660 Z7.194 E0.13061 F382.8 ; V* 0.40, H* 14.81
G1 X155.100 Y108.660 Z7.194 E0.13061 F382.8 ; V* 0.40, H* 14.81
G1 X155.100 Y107.660 Z7.194 E0.13061 F382.8 ; V* 0.40, H* 14.81
G1 X155.100 Y106.660 Z7.194 E0.13061 F382.8 ; V* 0.40, H* 14.81
G1 X155.100 Y105.660 Z7.194 E0.13061 F382.8 ; V* 0.40, H* 14.81
G1 X155.100 Y104.660 Z7.194 E0.13061 F382.8 ; V* 0.40, H* 14.81
G1 X155.100 Y103.660 Z7.194 E0.13061 F382.8 ; V* 0.40, H* 14.81
G1 X155.100 Y102.660 Z7.194 E0.13061 F382.8 ; V* 0.40, H* 14.81
G1 X155.100 Y101.660 Z7.194 E0.13061 F382.8 ; V* 0.40, H* 14.81
G1 X155.100 Y100.660 Z7.194 E0.13061 F382.8 ; V* 0.40, H* 14.81
G1 X155.100 Y99.660 Z7.194 E0.13061 F382.8 ; V* 0.40, H* 14.81
G1 X155.100 Y98.660 Z7.194 E0.13061 F382.8 ; V* 0.40, H* 14.81
G1 X155.100 Y97.660 Z7.194 E0.13061 F382.8 ; V* 0.40, H* 14.81
G1 X155.100 Y96.660 Z7.194 E0.13061 F382.8 ; V* 0.40, H* 14.81
G1 X155.100 Y95.660 Z7.194 E0.13061 F382.8 ; V* 0.40, H* 14.81
G1 X155.100 Y94.660 Z7.194 E0.13061 F382.8 ; V* 0.40, H* 14.81
G1 X155.100 Y93.660 Z7.194 E0.13061 F382.8 ; V* 0.40, H* 14.81
G1 X155.100 Y92.660 Z7.194 E0.13061 F382.8 ; V* 0.40, H* 14.81
G1 X155.100 Y91.660 Z7.194 E0.13061 F382.8 ; V* 0.40, H* 14.81
G1 X155.100 Y90.660 Z7.194 E0.13061 F382.8 ; V* 0.40, H* 14.81
G1 X155.100 Y89.660 Z7.194 E0.13061 F382.8 ; V* 0.40, H* 14.81
G1 X155.100 Y88.660 Z7.194 E0.13061 F382.8 ; V* 0.40, H* 14.81
G1 X155.100 Y87.660 Z7.194 E0.13061 F382.8 ; V* 0.40, H* 14.81
G0 X155.100 Y86.660 Z4.042 F3000.0 ; Parameter change travel move: V* 0.40->0.15, H* 14.81-> 6.93
G1 X155.100 Y85.660 Z4.042 E0.34830 F143.6 ; V* 0.15, H* 6.93
G1 X155.100 Y84.660 Z4.042 E0.34830 F143.6 ; V* 0.15, H* 6.93
G0 X155.100 Y83.660 Z7.194 F3000.0 ; Parameter change travel move: V* 0.15->0.40, H* 6.93-> 14.81
G1 X155.100 Y82.660 Z7.194 E0.13061 F382.8 ; V* 0.40, H* 14.81
G1 X155.100 Y81.660 Z7.194 E0.13061 F382.8 ; V* 0.40, H* 14.81
G1 X155.100 Y80.660 Z7.194 E0.13061 F382.8 ; V* 0.40, H* 14.81
G1 X155.100 Y79.660 Z7.194 E0.13061 F382.8 ; V* 0.40, H* 14.81
G1 X155.100 Y78.660 Z7.194 E0.13061 F382.8 ; V* 0.40, H* 14.81
G1 X155.100 Y77.660 Z7.194 E0.13061 F382.8 ; V* 0.40, H* 14.81
G1 X155.100 Y76.660 Z7.194 E0.13061 F382.8 ; V* 0.40, H* 14.81
G1 X155.100 Y75.660 Z7.194 E0.13061 F382.8 ; V* 0.40, H* 14.81
G1 X155.100 Y74.660 Z7.194 E0.13061 F382.8 ; V* 0.40, H* 14.81
G1 X155.100 Y73.660 Z7.194 E0.13061 F382.8 ; V* 0.40, H* 14.81
G1 X155.100 Y72.660 Z7.194 E0.13061 F382.8 ; V* 0.40, H* 14.81
G1 X155.100 Y72.340 Z7.194 E0.04168 F382.8 ; V* 0.40, H* 14.81
G1 X154.100 Y72.340 Z7.194 E0.13061 F382.8 ; V* 0.40, H* 14.81
G1 X153.900 Y72.340 Z7.194 E0.02612 F382.8 ; V* 0.40, H* 14.81
G1 X153.900 Y73.340 Z7.194 E0.13061 F382.8 ; V* 0.40, H* 14.81
G1 X153.900 Y74.340 Z7.194 E0.13061 F382.8 ; V* 0.40, H* 14.81
G1 X153.900 Y75.340 Z7.194 E0.13061 F382.8 ; V* 0.40, H* 14.81
G1 X153.900 Y76.340 Z7.194 E0.13061 F382.8 ; V* 0.40, H* 14.81
G1 X153.900 Y77.340 Z7.194 E0.13061 F382.8 ; V* 0.40, H* 14.81
G1 X153.900 Y78.340 Z7.194 E0.13061 F382.8 ; V* 0.40, H* 14.81
G1 X153.900 Y79.340 Z7.194 E0.13061 F382.8 ; V* 0.40, H* 14.81
G1 X153.900 Y80.340 Z7.194 E0.13061 F382.8 ; V* 0.40, H* 14.81
G1 X153.900 Y81.340 Z7.194 E0.13061 F382.8 ; V* 0.40, H* 14.81
G1 X153.900 Y82.340 Z7.194 E0.13061 F382.8 ; V* 0.40, H* 14.81
G1 X153.900 Y83.340 Z7.194 E0.13061 F382.8 ; V* 0.40, H* 14.81
G0 X153.900 Y84.340 Z4.042 F3000.0 ; Parameter change travel move: V* 0.40->0.15, H* 14.81-> 6.93
G1 X153.900 Y85.340 Z4.042 E0.34830 F143.6 ; V* 0.15, H* 6.93
G1 X153.900 Y86.340 Z4.042 E0.34830 F143.6 ; V* 0.15, H* 6.93
G1 X153.900 Y87.340 Z4.042 E0.34830 F143.6 ; V* 0.15, H* 6.93
G0 X153.900 Y88.340 Z7.194 F3000.0 ; Parameter change travel move: V* 0.15->0.40, H* 6.93-> 14.81
G1 X153.900 Y89.340 Z7.194 E0.13061 F382.8 ; V* 0.40, H* 14.81
G1 X153.900 Y90.340 Z7.194 E0.13061 F382.8 ; V* 0.40, H* 14.81
G1 X153.900 Y91.340 Z7.194 E0.13061 F382.8 ; V* 0.40, H* 14.81
G1 X153.900 Y92.340 Z7.194 E0.13061 F382.8 ; V* 0.40, H* 14.81
G1 X153.900 Y93.340 Z7.194 E0.13061 F382.8 ; V* 0.40, H* 14.81
G1 X153.900 Y94.340 Z7.194 E0.13061 F382.8 ; V* 0.40, H* 14.81
G1 X153.900 Y95.340 Z7.194 E0.13061 F382.8 ; V* 0.40, H* 14.81
G1 X153.900 Y96.340 Z7.194 E0.13061 F382.8 ; V* 0.40, H* 14.81
G1 X153.900 Y97.340 Z7.194 E0.13061 F382.8 ; V* 0.40, H* 14.81
G1 X153.900 Y98.340 Z7.194 E0.13061 F382.8 ; V* 0.40, H* 14.81
G1 X153.900 Y99.340 Z7.194 E0.13061 F382.8 ; V* 0.40, H* 14.81
G1 X153.900 Y100.340 Z7.194 E0.13061 F382.8 ; V* 0.40, H* 14.81
G1 X153.900 Y101.340 Z7.194 E0.13061 F382.8 ; V* 0.40, H* 14.81
G1 X153.900 Y102.340 Z7.194 E0.13061 F382.8 ; V* 0.40, H* 14.81
G1 X153.900 Y103.340 Z7.194 E0.13061 F382.8 ; V* 0.40, H* 14.81
G1 X153.900 Y104.340 Z7.194 E0.13061 F382.8 ; V* 0.40, H* 14.81
G1 X153.900 Y105.340 Z7.194 E0.13061 F382.8 ; V* 0.40, H* 14.81
G1 X153.900 Y106.340 Z7.194 E0.13061 F382.8 ; V* 0.40, H* 14.81
G1 X153.900 Y107.340 Z7.194 E0.13061 F382.8 ; V* 0.40, H* 14.81
G1 X153.900 Y108.340 Z7.194 E0.13061 F382.8 ; V* 0.40, H* 14.81
G1 X153.900 Y109.340 Z7.194 E0.13061 F382.8 ; V* 0.40, H* 14.81
G1 X153.900 Y110.340 Z7.194 E0.13061 F382.8 ; V* 0.40, H* 14.81
G1 X153.900 Y111.340 Z7.194 E0.13061 F382.8 ; V* 0.40, H* 14.81
G1 X153.900 Y112.340 Z7.194 E0.13061 F382.8 ; V* 0.40, H* 14.81
G1 X153.900 Y113.340 Z7.194 E0.13061 F382.8 ; V* 0.40, H* 14.81
G1 X153.900 Y114.340 Z7.194 E0.13061 F382.8 ; V* 0.40, H* 14.81
G1 X153.900 Y115.340 Z7.194 E0.13061 F382.8 ; V* 0.40, H* 14.81
G1 X153.900 Y116.340 Z7.194 E0.13061 F382.8 ; V* 0.40, H* 14.81
G1 X153.900 Y117.340 Z7.194 E0.13061 F382.8 ; V* 0.40, H* 14.81
G1 X153.900 Y118.340 Z7.194 E0.13061 F382.8 ; V* 0.40, H* 14.81
G1 X153.900 Y119.340 Z7.194 E0.13061 F382.8 ; V* 0.40, H* 14.81
G1 X153.900 Y120.340 Z7.194 E0.13061 F382.8 ; V* 0.40, H* 14.81
G1 X153.900 Y121.340 Z7.194 E0.13061 F382.8 ; V* 0.40, H* 14.81
G1 X153.900 Y122.340 Z7.194 E0.13061 F382.8 ; V* 0.40, H* 14.81
G1 X153.900 Y123.340 Z7.194 E0.13061 F382.8 ; V* 0.40, H* 14.81
G1 X153.900 Y124.340 Z7.194 E0.13061 F382.8 ; V* 0.40, H* 14.81
G1 X153.900 Y125.340 Z7.194 E0.13061 F382.8 ; V* 0.40, H* 14.81
G1 X153.900 Y126.340 Z7.194 E0.13061 F382.8 ; V* 0.40, H* 14.81
G1 X153.900 Y127.340 Z7.194 E0.13061 F382.8 ; V* 0.40, H* 14.81
G1 X153.900 Y128.340 Z7.194 E0.13061 F382.8 ; V* 0.40, H* 14.81
G1 X153.900 Y129.340 Z7.194 E0.13061 F382.8 ; V* 0.40, H* 14.81
G1 X153.900 Y130.340 Z7.194 E0.13061 F382.8 ; V* 0.40, H* 14.81
G1 X153.900 Y131.340 Z7.194 E0.13061 F382.8 ; V* 0.40, H* 14.81
G1 X153.900 Y132.340 Z7.194 E0.13061 F382.8 ; V* 0.40, H* 14.81
G1 X153.900 Y133.340 Z7.194 E0.13061 F382.8 ; V* 0.40, H* 14.81
G1 X153.900 Y134.340 Z7.194 E0.13061 F382.8 ; V* 0.40, H* 14.81
G1 X153.900 Y135.340 Z7.194 E0.13061 F382.8 ; V* 0.40, H* 14.81
G1 X153.900 Y136.340 Z7.194 E0.13061 F382.8 ; V* 0.40, H* 14.81
G1 X153.900 Y137.340 Z7.194 E0.13061 F382.8 ; V* 0.40, H* 14.81
G1 X153.900 Y137.660 Z7.194 E0.04168 F382.8 ; V* 0.40, H* 14.81
G1 X152.900 Y137.660 Z7.194 E0.13061 F382.8 ; V* 0.40, H* 14.81
G1 X152.700 Y137.660 Z7.194 E0.02612 F382.8 ; V* 0.40, H* 14.81
G1 X152.700 Y136.660 Z7.194 E0.13061 F382.8 ; V* 0.40, H* 14.81
G1 X152.700 Y135.660 Z7.194 E0.13061 F382.8 ; V* 0.40, H* 14.81
G1 X152.700 Y134.660 Z7.194 E0.13061 F382.8 ; V* 0.40, H* 14.81
G1 X152.700 Y133.660 Z7.194 E0.13061 F382.8 ; V* 0.40, H* 14.81
G1 X152.700 Y132.660 Z7.194 E0.13061 F382.8 ; V* 0.40, H* 14.81
G1 X152.700 Y131.660 Z7.194 E0.13061 F382.8 ; V* 0.40, H* 14.81
G1 X152.700 Y130.660 Z7.194 E0.13061 F382.8 ; V* 0.40, H* 14.81
G1 X152.700 Y129.660 Z7.194 E0.13061 F382.8 ; V* 0.40, H* 14.81
G1 X152.700 Y128.660 Z7.194 E0.13061 F382.8 ; V* 0.40, H* 14.81
G1 X152.700 Y127.660 Z7.194 E0.13061 F382.8 ; V* 0.40, H* 14.81
G1 X152.700 Y126.660 Z7.194 E0.13061 F382.8 ; V* 0.40, H* 14.81
G1 X152.700 Y125.660 Z7.194 E0.13061 F382.8 ; V* 0.40, H* 14.81
G1 X152.700 Y124.660 Z7.194 E0.13061 F382.8 ; V* 0.40, H* 14.81
G1 X152.700 Y123.660 Z7.194 E0.13061 F382.8 ; V* 0.40, H* 14.81
G1 X152.700 Y122.660 Z7.194 E0.13061 F382.8 ; V* 0.40, H* 14.81
G1 X152.700 Y121.660 Z7.194 E0.13061 F382.8 ; V* 0.40, H* 14.81
G1 X152.700 Y120.660 Z7.194 E0.13061 F382.8 ; V* 0.40, H* 14.81
G1 X152.700 Y119.660 Z7.194 E0.13061 F382.8 ; V* 0.40, H* 14.81
G1 X152.700 Y118.660 Z7.194 E0.13061 F382.8 ; V* 0.40, H* 14.81
G1 X152.700 Y117.660 Z7.194 E0.13061 F382.8 ; V* 0.40, H* 14.81
G1 X152.700 Y116.660 Z7.194 E0.13061 F382.8 ; V* 0.40, H* 14.81
G1 X152.700 Y115.660 Z7.194 E0.13061 F382.8 ; V* 0.40, H* 14.81
G1 X152.700 Y114.660 Z7.194 E0.13061 F382.8 ; V* 0.40, H* 14.81
G1 X152.700 Y113.660 Z7.194 E0.13061 F382.8 ; V* 0.40, H* 14.81
G1 X152.700 Y112.660 Z7.194 E0.13061 F382.8 ; V* 0.40, H* 14.81
G1 X152.700 Y111.660 Z7.194 E0.13061 F382.8 ; V* 0.40, H* 14.81
G1 X152.700 Y110.660 Z7.194 E0.13061 F382.8 ; V* 0.40, H* 14.81
G1 X152.700 Y109.660 Z7.194 E0.13061 F382.8 ; V* 0.40, H* 14.81
G1 X152.700 Y108.660 Z7.194 E0.13061 F382.8 ; V* 0.40, H* 14.81
G1 X152.700 Y107.660 Z7.194 E0.13061 F382.8 ; V* 0.40, H* 14.81
G1 X152.700 Y106.660 Z7.194 E0.13061 F382.8 ; V* 0.40, H* 14.81
G1 X152.700 Y105.660 Z7.194 E0.13061 F382.8 ; V* 0.40, H* 14.81
G1 X152.700 Y104.660 Z7.194 E0.13061 F382.8 ; V* 0.40, H* 14.81
G1 X152.700 Y103.660 Z7.194 E0.13061 F382.8 ; V* 0.40, H* 14.81
G1 X152.700 Y102.660 Z7.194 E0.13061 F382.8 ; V* 0.40, H* 14.81
G1 X152.700 Y101.660 Z7.194 E0.13061 F382.8 ; V* 0.40, H* 14.81
G1 X152.700 Y100.660 Z7.194 E0.13061 F382.8 ; V* 0.40, H* 14.81
G1 X152.700 Y99.660 Z7.194 E0.13061 F382.8 ; V* 0.40, H* 14.81
G1 X152.700 Y98.660 Z7.194 E0.13061 F382.8 ; V* 0.40, H* 14.81
G1 X152.700 Y97.660 Z7.194 E0.13061 F382.8 ; V* 0.40, H* 14.81
G1 X152.700 Y96.660 Z7.194 E0.13061 F382.8 ; V* 0.40, H* 14.81
G1 X152.700 Y95.660 Z7.194 E0.13061 F382.8 ; V* 0.40, H* 14.81
G1 X152.700 Y94.660 Z7.194 E0.13061 F382.8 ; V* 0.40, H* 14.81
G1 X152.700 Y93.660 Z7.194 E0.13061 F382.8 ; V* 0.40, H* 14.81
G1 X152.700 Y92.660 Z7.194 E0.13061 F382.8 ; V* 0.40, H* 14.81
G1 X152.700 Y91.660 Z7.194 E0.13061 F382.8 ; V* 0.40, H* 14.81
G1 X152.700 Y90.660 Z7.194 E0.13061 F382.8 ; V* 0.40, H* 14.81
G1 X152.700 Y89.660 Z7.194 E0.13061 F382.8 ; V* 0.40, H* 14.81
G0 X152.700 Y88.660 Z4.042 F3000.0 ; Parameter change travel move: V* 0.40->0.15, H* 14.81-> 6.93
G1 X152.700 Y87.660 Z4.042 E0.34830 F143.6 ; V* 0.15, H* 6.93
G1 X152.700 Y86.660 Z4.042 E0.34830 F143.6 ; V* 0.15, H* 6.93
G1 X152.700 Y85.660 Z4.042 E0.34830 F143.6 ; V* 0.15, H* 6.93
G1 X152.700 Y84.660 Z4.042 E0.34830 F143.6 ; V* 0.15, H* 6.93
G1 X152.700 Y83.660 Z4.042 E0.34830 F143.6 ; V* 0.15, H* 6.93
G0 X152.700 Y82.660 Z7.194 F3000.0 ; Parameter change travel move: V* 0.15->0.40, H* 6.93-> 14.81
G1 X152.700 Y81.660 Z7.194 E0.13061 F382.8 ; V* 0.40, H* 14.81
G1 X152.700 Y80.660 Z7.194 E0.13061 F382.8 ; V* 0.40, H* 14.81
G1 X152.700 Y79.660 Z7.194 E0.13061 F382.8 ; V* 0.40, H* 14.81
G1 X152.700 Y78.660 Z7.194 E0.13061 F382.8 ; V* 0.40, H* 14.81
G1 X152.700 Y77.660 Z7.194 E0.13061 F382.8 ; V* 0.40, H* 14.81
G1 X152.700 Y76.660 Z7.194 E0.13061 F382.8 ; V* 0.40, H* 14.81
G1 X152.700 Y75.660 Z7.194 E0.13061 F382.8 ; V* 0.40, H* 14.81
G1 X152.700 Y74.660 Z7.194 E0.13061 F382.8 ; V* 0.40, H* 14.81
G1 X152.700 Y73.660 Z7.194 E0.13061 F382.8 ; V* 0.40, H* 14.81
G1 X152.700 Y72.660 Z7.194 E0.13061 F382.8 ; V* 0.40, H* 14.81
G1 X152.700 Y72.340 Z7.194 E0.04168 F382.8 ; V* 0.40, H* 14.81
G1 X151.700 Y72.340 Z7.194 E0.13061 F382.8 ; V* 0.40, H* 14.81
G1 X151.500 Y72.340 Z7.194 E0.02612 F382.8 ; V* 0.40, H* 14.81
G1 X151.500 Y73.340 Z7.194 E0.13061 F382.8 ; V* 0.40, H* 14.81
G1 X151.500 Y74.340 Z7.194 E0.13061 F382.8 ; V* 0.40, H* 14.81
G1 X151.500 Y75.340 Z7.194 E0.13061 F382.8 ; V* 0.40, H* 14.81
G1 X151.500 Y76.340 Z7.194 E0.13061 F382.8 ; V* 0.40, H* 14.81
G1 X151.500 Y77.340 Z7.194 E0.13061 F382.8 ; V* 0.40, H* 14.81
G1 X151.500 Y78.340 Z7.194 E0.13061 F382.8 ; V* 0.40, H* 14.81
G1 X151.500 Y79.340 Z7.194 E0.13061 F382.8 ; V* 0.40, H* 14.81
G1 X151.500 Y80.340 Z7.194 E0.13061 F382.8 ; V* 0.40, H* 14.81
G1 X151.500 Y81.340 Z7.194 E0.13061 F382.8 ; V* 0.40, H* 14.81
G1 X151.500 Y82.340 Z7.194 E0.13061 F382.8 ; V* 0.40, H* 14.81
G0 X151.500 Y83.340 Z4.042 F3000.0 ; Parameter change travel move: V* 0.40->0.15, H* 14.81-> 6.93
G1 X151.500 Y84.340 Z4.042 E0.34830 F143.6 ; V* 0.15, H* 6.93
G1 X151.500 Y85.340 Z4.042 E0.34830 F143.6 ; V* 0.15, H* 6.93
G1 X151.500 Y86.340 Z4.042 E0.34830 F143.6 ; V* 0.15, H* 6.93
G1 X151.500 Y87.340 Z4.042 E0.34830 F143.6 ; V* 0.15, H* 6.93
G1 X151.500 Y88.340 Z4.042 E0.34830 F143.6 ; V* 0.15, H* 6.93
G1 X151.500 Y89.340 Z4.042 E0.34830 F143.6 ; V* 0.15, H* 6.93
G0 X151.500 Y90.340 Z7.194 F3000.0 ; Parameter change travel move: V* 0.15->0.40, H* 6.93-> 14.81
G1 X151.500 Y91.340 Z7.194 E0.13061 F382.8 ; V* 0.40, H* 14.81
G1 X151.500 Y92.340 Z7.194 E0.13061 F382.8 ; V* 0.40, H* 14.81
G1 X151.500 Y93.340 Z7.194 E0.13061 F382.8 ; V* 0.40, H* 14.81
G1 X151.500 Y94.340 Z7.194 E0.13061 F382.8 ; V* 0.40, H* 14.81
G1 X151.500 Y95.340 Z7.194 E0.13061 F382.8 ; V* 0.40, H* 14.81
G1 X151.500 Y96.340 Z7.194 E0.13061 F382.8 ; V* 0.40, H* 14.81
G1 X151.500 Y97.340 Z7.194 E0.13061 F382.8 ; V* 0.40, H* 14.81
G1 X151.500 Y98.340 Z7.194 E0.13061 F382.8 ; V* 0.40, H* 14.81
G1 X151.500 Y99.340 Z7.194 E0.13061 F382.8 ; V* 0.40, H* 14.81
G1 X151.500 Y100.340 Z7.194 E0.13061 F382.8 ; V* 0.40, H* 14.81
G1 X151.500 Y101.340 Z7.194 E0.13061 F382.8 ; V* 0.40, H* 14.81
G1 X151.500 Y102.340 Z7.194 E0.13061 F382.8 ; V* 0.40, H* 14.81
G1 X151.500 Y103.340 Z7.194 E0.13061 F382.8 ; V* 0.40, H* 14.81
G1 X151.500 Y104.340 Z7.194 E0.13061 F382.8 ; V* 0.40, H* 14.81
G1 X151.500 Y105.340 Z7.194 E0.13061 F382.8 ; V* 0.40, H* 14.81
G1 X151.500 Y106.340 Z7.194 E0.13061 F382.8 ; V* 0.40, H* 14.81
G1 X151.500 Y107.340 Z7.194 E0.13061 F382.8 ; V* 0.40, H* 14.81
G1 X151.500 Y108.340 Z7.194 E0.13061 F382.8 ; V* 0.40, H* 14.81
G1 X151.500 Y109.340 Z7.194 E0.13061 F382.8 ; V* 0.40, H* 14.81
G1 X151.500 Y110.340 Z7.194 E0.13061 F382.8 ; V* 0.40, H* 14.81
G1 X151.500 Y111.340 Z7.194 E0.13061 F382.8 ; V* 0.40, H* 14.81
G1 X151.500 Y112.340 Z7.194 E0.13061 F382.8 ; V* 0.40, H* 14.81
G1 X151.500 Y113.340 Z7.194 E0.13061 F382.8 ; V* 0.40, H* 14.81
G1 X151.500 Y114.340 Z7.194 E0.13061 F382.8 ; V* 0.40, H* 14.81
G1 X151.500 Y115.340 Z7.194 E0.13061 F382.8 ; V* 0.40, H* 14.81
G1 X151.500 Y116.340 Z7.194 E0.13061 F382.8 ; V* 0.40, H* 14.81
G1 X151.500 Y117.340 Z7.194 E0.13061 F382.8 ; V* 0.40, H* 14.81
G1 X151.500 Y118.340 Z7.194 E0.13061 F382.8 ; V* 0.40, H* 14.81
G1 X151.500 Y119.340 Z7.194 E0.13061 F382.8 ; V* 0.40, H* 14.81
G1 X151.500 Y120.340 Z7.194 E0.13061 F382.8 ; V* 0.40, H* 14.81
G1 X151.500 Y121.340 Z7.194 E0.13061 F382.8 ; V* 0.40, H* 14.81
G1 X151.500 Y122.340 Z7.194 E0.13061 F382.8 ; V* 0.40, H* 14.81
G1 X151.500 Y123.340 Z7.194 E0.13061 F382.8 ; V* 0.40, H* 14.81
G1 X151.500 Y124.340 Z7.194 E0.13061 F382.8 ; V* 0.40, H* 14.81
G1 X151.500 Y125.340 Z7.194 E0.13061 F382.8 ; V* 0.40, H* 14.81
G1 X151.500 Y126.340 Z7.194 E0.13061 F382.8 ; V* 0.40, H* 14.81
G1 X151.500 Y127.340 Z7.194 E0.13061 F382.8 ; V* 0.40, H* 14.81
G1 X151.500 Y128.340 Z7.194 E0.13061 F382.8 ; V* 0.40, H* 14.81
G1 X151.500 Y129.340 Z7.194 E0.13061 F382.8 ; V* 0.40, H* 14.81
G1 X151.500 Y130.340 Z7.194 E0.13061 F382.8 ; V* 0.40, H* 14.81
G1 X151.500 Y131.340 Z7.194 E0.13061 F382.8 ; V* 0.40, H* 14.81
G1 X151.500 Y132.340 Z7.194 E0.13061 F382.8 ; V* 0.40, H* 14.81
G1 X151.500 Y133.340 Z7.194 E0.13061 F382.8 ; V* 0.40, H* 14.81
G1 X151.500 Y134.340 Z7.194 E0.13061 F382.8 ; V* 0.40, H* 14.81
G1 X151.500 Y135.340 Z7.194 E0.13061 F382.8 ; V* 0.40, H* 14.81
G1 X151.500 Y136.340 Z7.194 E0.13061 F382.8 ; V* 0.40, H* 14.81
G1 X151.500 Y137.340 Z7.194 E0.13061 F382.8 ; V* 0.40, H* 14.81
G1 X151.500 Y137.660 Z7.194 E0.04168 F382.8 ; V* 0.40, H* 14.81
G1 X150.500 Y137.660 Z7.194 E0.13061 F382.8 ; V* 0.40, H* 14.81
G1 X150.300 Y137.660 Z7.194 E0.02612 F382.8 ; V* 0.40, H* 14.81
G1 X150.300 Y136.660 Z7.194 E0.13061 F382.8 ; V* 0.40, H* 14.81
G1 X150.300 Y135.660 Z7.194 E0.13061 F382.8 ; V* 0.40, H* 14.81
G1 X150.300 Y134.660 Z7.194 E0.13061 F382.8 ; V* 0.40, H* 14.81
G1 X150.300 Y133.660 Z7.194 E0.13061 F382.8 ; V* 0.40, H* 14.81
G1 X150.300 Y132.660 Z7.194 E0.13061 F382.8 ; V* 0.40, H* 14.81
G1 X150.300 Y131.660 Z7.194 E0.13061 F382.8 ; V* 0.40, H* 14.81
G1 X150.300 Y130.660 Z7.194 E0.13061 F382.8 ; V* 0.40, H* 14.81
G1 X150.300 Y129.660 Z7.194 E0.13061 F382.8 ; V* 0.40, H* 14.81
G1 X150.300 Y128.660 Z7.194 E0.13061 F382.8 ; V* 0.40, H* 14.81
G1 X150.300 Y127.660 Z7.194 E0.13061 F382.8 ; V* 0.40, H* 14.81
G1 X150.300 Y126.660 Z7.194 E0.13061 F382.8 ; V* 0.40, H* 14.81
G1 X150.300 Y125.660 Z7.194 E0.13061 F382.8 ; V* 0.40, H* 14.81
G1 X150.300 Y124.660 Z7.194 E0.13061 F382.8 ; V* 0.40, H* 14.81
G1 X150.300 Y123.660 Z7.194 E0.13061 F382.8 ; V* 0.40, H* 14.81
G1 X150.300 Y122.660 Z7.194 E0.13061 F382.8 ; V* 0.40, H* 14.81
G1 X150.300 Y121.660 Z7.194 E0.13061 F382.8 ; V* 0.40, H* 14.81
G1 X150.300 Y120.660 Z7.194 E0.13061 F382.8 ; V* 0.40, H* 14.81
G1 X150.300 Y119.660 Z7.194 E0.13061 F382.8 ; V* 0.40, H* 14.81
G1 X150.300 Y118.660 Z7.194 E0.13061 F382.8 ; V* 0.40, H* 14.81
G1 X150.300 Y117.660 Z7.194 E0.13061 F382.8 ; V* 0.40, H* 14.81
G1 X150.300 Y116.660 Z7.194 E0.13061 F382.8 ; V* 0.40, H* 14.81
G1 X150.300 Y115.660 Z7.194 E0.13061 F382.8 ; V* 0.40, H* 14.81
G1 X150.300 Y114.660 Z7.194 E0.13061 F382.8 ; V* 0.40, H* 14.81
G1 X150.300 Y113.660 Z7.194 E0.13061 F382.8 ; V* 0.40, H* 14.81
G1 X150.300 Y112.660 Z7.194 E0.13061 F382.8 ; V* 0.40, H* 14.81
G1 X150.300 Y111.660 Z7.194 E0.13061 F382.8 ; V* 0.40, H* 14.81
G1 X150.300 Y110.660 Z7.194 E0.13061 F382.8 ; V* 0.40, H* 14.81
G1 X150.300 Y109.660 Z7.194 E0.13061 F382.8 ; V* 0.40, H* 14.81
G1 X150.300 Y108.660 Z7.194 E0.13061 F382.8 ; V* 0.40, H* 14.81
G1 X150.300 Y107.660 Z7.194 E0.13061 F382.8 ; V* 0.40, H* 14.81
G1 X150.300 Y106.660 Z7.194 E0.13061 F382.8 ; V* 0.40, H* 14.81
G1 X150.300 Y105.660 Z7.194 E0.13061 F382.8 ; V* 0.40, H* 14.81
G1 X150.300 Y104.660 Z7.194 E0.13061 F382.8 ; V* 0.40, H* 14.81
G1 X150.300 Y103.660 Z7.194 E0.13061 F382.8 ; V* 0.40, H* 14.81
G1 X150.300 Y102.660 Z7.194 E0.13061 F382.8 ; V* 0.40, H* 14.81
G1 X150.300 Y101.660 Z7.194 E0.13061 F382.8 ; V* 0.40, H* 14.81
G1 X150.300 Y100.660 Z7.194 E0.13061 F382.8 ; V* 0.40, H* 14.81
G1 X150.300 Y99.660 Z7.194 E0.13061 F382.8 ; V* 0.40, H* 14.81
G1 X150.300 Y98.660 Z7.194 E0.13061 F382.8 ; V* 0.40, H* 14.81
G1 X150.300 Y97.660 Z7.194 E0.13061 F382.8 ; V* 0.40, H* 14.81
G1 X150.300 Y96.660 Z7.194 E0.13061 F382.8 ; V* 0.40, H* 14.81
G1 X150.300 Y95.660 Z7.194 E0.13061 F382.8 ; V* 0.40, H* 14.81
G1 X150.300 Y94.660 Z7.194 E0.13061 F382.8 ; V* 0.40, H* 14.81
G1 X150.300 Y93.660 Z7.194 E0.13061 F382.8 ; V* 0.40, H* 14.81
G1 X150.300 Y92.660 Z7.194 E0.13061 F382.8 ; V* 0.40, H* 14.81
G1 X150.300 Y91.660 Z7.194 E0.13061 F382.8 ; V* 0.40, H* 14.81
G1 X150.300 Y90.660 Z7.194 E0.13061 F382.8 ; V* 0.40, H* 14.81
G0 X150.300 Y89.660 Z4.042 F3000.0 ; Parameter change travel move: V* 0.40->0.15, H* 14.81-> 6.93
G1 X150.300 Y88.660 Z4.042 E0.34830 F143.6 ; V* 0.15, H* 6.93
G1 X150.300 Y87.660 Z4.042 E0.34830 F143.6 ; V* 0.15, H* 6.93
G1 X150.300 Y86.660 Z4.042 E0.34830 F143.6 ; V* 0.15, H* 6.93
G1 X150.300 Y85.660 Z4.042 E0.34830 F143.6 ; V* 0.15, H* 6.93
G1 X150.300 Y84.660 Z4.042 E0.34830 F143.6 ; V* 0.15, H* 6.93
G1 X150.300 Y83.660 Z4.042 E0.34830 F143.6 ; V* 0.15, H* 6.93
G1 X150.300 Y82.660 Z4.042 E0.34830 F143.6 ; V* 0.15, H* 6.93
G1 X150.300 Y81.660 Z4.042 E0.34830 F143.6 ; V* 0.15, H* 6.93
G0 X150.300 Y80.660 Z7.194 F3000.0 ; Parameter change travel move: V* 0.15->0.40, H* 6.93-> 14.81
G1 X150.300 Y79.660 Z7.194 E0.13061 F382.8 ; V* 0.40, H* 14.81
G1 X150.300 Y78.660 Z7.194 E0.13061 F382.8 ; V* 0.40, H* 14.81
G1 X150.300 Y77.660 Z7.194 E0.13061 F382.8 ; V* 0.40, H* 14.81
G1 X150.300 Y76.660 Z7.194 E0.13061 F382.8 ; V* 0.40, H* 14.81
G1 X150.300 Y75.660 Z7.194 E0.13061 F382.8 ; V* 0.40, H* 14.81
G1 X150.300 Y74.660 Z7.194 E0.13061 F382.8 ; V* 0.40, H* 14.81
G1 X150.300 Y73.660 Z7.194 E0.13061 F382.8 ; V* 0.40, H* 14.81
G1 X150.300 Y72.660 Z7.194 E0.13061 F382.8 ; V* 0.40, H* 14.81
G1 X150.300 Y72.340 Z7.194 E0.04168 F382.8 ; V* 0.40, H* 14.81
G1 X149.300 Y72.340 Z7.194 E0.13061 F382.8 ; V* 0.40, H* 14.81
G1 X149.100 Y72.340 Z7.194 E0.02612 F382.8 ; V* 0.40, H* 14.81
G1 X149.100 Y73.340 Z7.194 E0.13061 F382.8 ; V* 0.40, H* 14.81
G1 X149.100 Y74.340 Z7.194 E0.13061 F382.8 ; V* 0.40, H* 14.81
G1 X149.100 Y75.340 Z7.194 E0.13061 F382.8 ; V* 0.40, H* 14.81
G1 X149.100 Y76.340 Z7.194 E0.13061 F382.8 ; V* 0.40, H* 14.81
G1 X149.100 Y77.340 Z7.194 E0.13061 F382.8 ; V* 0.40, H* 14.81
G1 X149.100 Y78.340 Z7.194 E0.13061 F382.8 ; V* 0.40, H* 14.81
G1 X149.100 Y79.340 Z7.194 E0.13061 F382.8 ; V* 0.40, H* 14.81
G1 X149.100 Y80.340 Z7.194 E0.13061 F382.8 ; V* 0.40, H* 14.81
G0 X149.100 Y81.340 Z4.042 F3000.0 ; Parameter change travel move: V* 0.40->0.15, H* 14.81-> 6.93
G1 X149.100 Y82.340 Z4.042 E0.34830 F143.6 ; V* 0.15, H* 6.93
G1 X149.100 Y83.340 Z4.042 E0.34830 F143.6 ; V* 0.15, H* 6.93
G1 X149.100 Y84.340 Z4.042 E0.34830 F143.6 ; V* 0.15, H* 6.93
G1 X149.100 Y85.340 Z4.042 E0.34830 F143.6 ; V* 0.15, H* 6.93
G1 X149.100 Y86.340 Z4.042 E0.34830 F143.6 ; V* 0.15, H* 6.93
G1 X149.100 Y87.340 Z4.042 E0.34830 F143.6 ; V* 0.15, H* 6.93
G1 X149.100 Y88.340 Z4.042 E0.34830 F143.6 ; V* 0.15, H* 6.93
G1 X149.100 Y89.340 Z4.042 E0.34830 F143.6 ; V* 0.15, H* 6.93
G1 X149.100 Y90.340 Z4.042 E0.34830 F143.6 ; V* 0.15, H* 6.93
G0 X149.100 Y91.340 Z7.194 F3000.0 ; Parameter change travel move: V* 0.15->0.40, H* 6.93-> 14.81
G1 X149.100 Y92.340 Z7.194 E0.13061 F382.8 ; V* 0.40, H* 14.81
G1 X149.100 Y93.340 Z7.194 E0.13061 F382.8 ; V* 0.40, H* 14.81
G1 X149.100 Y94.340 Z7.194 E0.13061 F382.8 ; V* 0.40, H* 14.81
G1 X149.100 Y95.340 Z7.194 E0.13061 F382.8 ; V* 0.40, H* 14.81
G1 X149.100 Y96.340 Z7.194 E0.13061 F382.8 ; V* 0.40, H* 14.81
G1 X149.100 Y97.340 Z7.194 E0.13061 F382.8 ; V* 0.40, H* 14.81
G1 X149.100 Y98.340 Z7.194 E0.13061 F382.8 ; V* 0.40, H* 14.81
G1 X149.100 Y99.340 Z7.194 E0.13061 F382.8 ; V* 0.40, H* 14.81
G1 X149.100 Y100.340 Z7.194 E0.13061 F382.8 ; V* 0.40, H* 14.81
G1 X149.100 Y101.340 Z7.194 E0.13061 F382.8 ; V* 0.40, H* 14.81
G1 X149.100 Y102.340 Z7.194 E0.13061 F382.8 ; V* 0.40, H* 14.81
G1 X149.100 Y103.340 Z7.194 E0.13061 F382.8 ; V* 0.40, H* 14.81
G1 X149.100 Y104.340 Z7.194 E0.13061 F382.8 ; V* 0.40, H* 14.81
G1 X149.100 Y105.340 Z7.194 E0.13061 F382.8 ; V* 0.40, H* 14.81
G1 X149.100 Y106.340 Z7.194 E0.13061 F382.8 ; V* 0.40, H* 14.81
G1 X149.100 Y107.340 Z7.194 E0.13061 F382.8 ; V* 0.40, H* 14.81
G1 X149.100 Y108.340 Z7.194 E0.13061 F382.8 ; V* 0.40, H* 14.81
G1 X149.100 Y109.340 Z7.194 E0.13061 F382.8 ; V* 0.40, H* 14.81
G1 X149.100 Y110.340 Z7.194 E0.13061 F382.8 ; V* 0.40, H* 14.81
G1 X149.100 Y111.340 Z7.194 E0.13061 F382.8 ; V* 0.40, H* 14.81
G1 X149.100 Y112.340 Z7.194 E0.13061 F382.8 ; V* 0.40, H* 14.81
G1 X149.100 Y113.340 Z7.194 E0.13061 F382.8 ; V* 0.40, H* 14.81
G1 X149.100 Y114.340 Z7.194 E0.13061 F382.8 ; V* 0.40, H* 14.81
G1 X149.100 Y115.340 Z7.194 E0.13061 F382.8 ; V* 0.40, H* 14.81
G1 X149.100 Y116.340 Z7.194 E0.13061 F382.8 ; V* 0.40, H* 14.81
G1 X149.100 Y117.340 Z7.194 E0.13061 F382.8 ; V* 0.40, H* 14.81
G1 X149.100 Y118.340 Z7.194 E0.13061 F382.8 ; V* 0.40, H* 14.81
G1 X149.100 Y119.340 Z7.194 E0.13061 F382.8 ; V* 0.40, H* 14.81
G1 X149.100 Y120.340 Z7.194 E0.13061 F382.8 ; V* 0.40, H* 14.81
G1 X149.100 Y121.340 Z7.194 E0.13061 F382.8 ; V* 0.40, H* 14.81
G1 X149.100 Y122.340 Z7.194 E0.13061 F382.8 ; V* 0.40, H* 14.81
G1 X149.100 Y123.340 Z7.194 E0.13061 F382.8 ; V* 0.40, H* 14.81
G1 X149.100 Y124.340 Z7.194 E0.13061 F382.8 ; V* 0.40, H* 14.81
G1 X149.100 Y125.340 Z7.194 E0.13061 F382.8 ; V* 0.40, H* 14.81
G1 X149.100 Y126.340 Z7.194 E0.13061 F382.8 ; V* 0.40, H* 14.81
G1 X149.100 Y127.340 Z7.194 E0.13061 F382.8 ; V* 0.40, H* 14.81
G1 X149.100 Y128.340 Z7.194 E0.13061 F382.8 ; V* 0.40, H* 14.81
G1 X149.100 Y129.340 Z7.194 E0.13061 F382.8 ; V* 0.40, H* 14.81
G1 X149.100 Y130.340 Z7.194 E0.13061 F382.8 ; V* 0.40, H* 14.81
G1 X149.100 Y131.340 Z7.194 E0.13061 F382.8 ; V* 0.40, H* 14.81
G1 X149.100 Y132.340 Z7.194 E0.13061 F382.8 ; V* 0.40, H* 14.81
G1 X149.100 Y133.340 Z7.194 E0.13061 F382.8 ; V* 0.40, H* 14.81
G1 X149.100 Y134.340 Z7.194 E0.13061 F382.8 ; V* 0.40, H* 14.81
G1 X149.100 Y135.340 Z7.194 E0.13061 F382.8 ; V* 0.40, H* 14.81
G1 X149.100 Y136.340 Z7.194 E0.13061 F382.8 ; V* 0.40, H* 14.81
G1 X149.100 Y137.340 Z7.194 E0.13061 F382.8 ; V* 0.40, H* 14.81
G1 X149.100 Y137.660 Z7.194 E0.04168 F382.8 ; V* 0.40, H* 14.81
G1 X148.100 Y137.660 Z7.194 E0.13061 F382.8 ; V* 0.40, H* 14.81
G1 X147.900 Y137.660 Z7.194 E0.02612 F382.8 ; V* 0.40, H* 14.81
G1 X147.900 Y136.660 Z7.194 E0.13061 F382.8 ; V* 0.40, H* 14.81
G1 X147.900 Y135.660 Z7.194 E0.13061 F382.8 ; V* 0.40, H* 14.81
G1 X147.900 Y134.660 Z7.194 E0.13061 F382.8 ; V* 0.40, H* 14.81
G1 X147.900 Y133.660 Z7.194 E0.13061 F382.8 ; V* 0.40, H* 14.81
G1 X147.900 Y132.660 Z7.194 E0.13061 F382.8 ; V* 0.40, H* 14.81
G1 X147.900 Y131.660 Z7.194 E0.13061 F382.8 ; V* 0.40, H* 14.81
G1 X147.900 Y130.660 Z7.194 E0.13061 F382.8 ; V* 0.40, H* 14.81
G1 X147.900 Y129.660 Z7.194 E0.13061 F382.8 ; V* 0.40, H* 14.81
G1 X147.900 Y128.660 Z7.194 E0.13061 F382.8 ; V* 0.40, H* 14.81
G1 X147.900 Y127.660 Z7.194 E0.13061 F382.8 ; V* 0.40, H* 14.81
G1 X147.900 Y126.660 Z7.194 E0.13061 F382.8 ; V* 0.40, H* 14.81
G1 X147.900 Y125.660 Z7.194 E0.13061 F382.8 ; V* 0.40, H* 14.81
G1 X147.900 Y124.660 Z7.194 E0.13061 F382.8 ; V* 0.40, H* 14.81
G1 X147.900 Y123.660 Z7.194 E0.13061 F382.8 ; V* 0.40, H* 14.81
G1 X147.900 Y122.660 Z7.194 E0.13061 F382.8 ; V* 0.40, H* 14.81
G1 X147.900 Y121.660 Z7.194 E0.13061 F382.8 ; V* 0.40, H* 14.81
G1 X147.900 Y120.660 Z7.194 E0.13061 F382.8 ; V* 0.40, H* 14.81
G1 X147.900 Y119.660 Z7.194 E0.13061 F382.8 ; V* 0.40, H* 14.81
G1 X147.900 Y118.660 Z7.194 E0.13061 F382.8 ; V* 0.40, H* 14.81
G1 X147.900 Y117.660 Z7.194 E0.13061 F382.8 ; V* 0.40, H* 14.81
G1 X147.900 Y116.660 Z7.194 E0.13061 F382.8 ; V* 0.40, H* 14.81
G1 X147.900 Y115.660 Z7.194 E0.13061 F382.8 ; V* 0.40, H* 14.81
G1 X147.900 Y114.660 Z7.194 E0.13061 F382.8 ; V* 0.40, H* 14.81
G1 X147.900 Y113.660 Z7.194 E0.13061 F382.8 ; V* 0.40, H* 14.81
G1 X147.900 Y112.660 Z7.194 E0.13061 F382.8 ; V* 0.40, H* 14.81
G1 X147.900 Y111.660 Z7.194 E0.13061 F382.8 ; V* 0.40, H* 14.81
G1 X147.900 Y110.660 Z7.194 E0.13061 F382.8 ; V* 0.40, H* 14.81
G1 X147.900 Y109.660 Z7.194 E0.13061 F382.8 ; V* 0.40, H* 14.81
G1 X147.900 Y108.660 Z7.194 E0.13061 F382.8 ; V* 0.40, H* 14.81
G1 X147.900 Y107.660 Z7.194 E0.13061 F382.8 ; V* 0.40, H* 14.81
G1 X147.900 Y106.660 Z7.194 E0.13061 F382.8 ; V* 0.40, H* 14.81
G1 X147.900 Y105.660 Z7.194 E0.13061 F382.8 ; V* 0.40, H* 14.81
G1 X147.900 Y104.660 Z7.194 E0.13061 F382.8 ; V* 0.40, H* 14.81
G1 X147.900 Y103.660 Z7.194 E0.13061 F382.8 ; V* 0.40, H* 14.81
G1 X147.900 Y102.660 Z7.194 E0.13061 F382.8 ; V* 0.40, H* 14.81
G1 X147.900 Y101.660 Z7.194 E0.13061 F382.8 ; V* 0.40, H* 14.81
G1 X147.900 Y100.660 Z7.194 E0.13061 F382.8 ; V* 0.40, H* 14.81
G1 X147.900 Y99.660 Z7.194 E0.13061 F382.8 ; V* 0.40, H* 14.81
G1 X147.900 Y98.660 Z7.194 E0.13061 F382.8 ; V* 0.40, H* 14.81
G1 X147.900 Y97.660 Z7.194 E0.13061 F382.8 ; V* 0.40, H* 14.81
G1 X147.900 Y96.660 Z7.194 E0.13061 F382.8 ; V* 0.40, H* 14.81
G1 X147.900 Y95.660 Z7.194 E0.13061 F382.8 ; V* 0.40, H* 14.81
G1 X147.900 Y94.660 Z7.194 E0.13061 F382.8 ; V* 0.40, H* 14.81
G1 X147.900 Y93.660 Z7.194 E0.13061 F382.8 ; V* 0.40, H* 14.81
G1 X147.900 Y92.660 Z7.194 E0.13061 F382.8 ; V* 0.40, H* 14.81
G1 X147.900 Y91.660 Z7.194 E0.13061 F382.8 ; V* 0.40, H* 14.81
G0 X147.900 Y90.660 Z4.042 F3000.0 ; Parameter change travel move: V* 0.40->0.15, H* 14.81-> 6.93
G1 X147.900 Y89.660 Z4.042 E0.34830 F143.6 ; V* 0.15, H* 6.93
G0 X147.900 Y88.660 Z7.194 F3000.0 ; Parameter change travel move: V* 0.15->0.40, H* 6.93-> 14.81
G0 X147.900 Y87.660 Z4.042 F3000.0 ; Parameter change travel move: V* 0.40->0.15, H* 14.81-> 6.93
G1 X147.900 Y86.660 Z4.042 E0.34830 F143.6 ; V* 0.15, H* 6.93
G1 X147.900 Y85.660 Z4.042 E0.34830 F143.6 ; V* 0.15, H* 6.93
G1 X147.900 Y84.660 Z4.042 E0.34830 F143.6 ; V* 0.15, H* 6.93
G1 X147.900 Y83.660 Z4.042 E0.34830 F143.6 ; V* 0.15, H* 6.93
G1 X147.900 Y82.660 Z4.042 E0.34830 F143.6 ; V* 0.15, H* 6.93
G1 X147.900 Y81.660 Z4.042 E0.34830 F143.6 ; V* 0.15, H* 6.93
G1 X147.900 Y80.660 Z4.042 E0.34830 F143.6 ; V* 0.15, H* 6.93
G1 X147.900 Y79.660 Z4.042 E0.34830 F143.6 ; V* 0.15, H* 6.93
G0 X147.900 Y78.660 Z7.194 F3000.0 ; Parameter change travel move: V* 0.15->0.40, H* 6.93-> 14.81
G1 X147.900 Y77.660 Z7.194 E0.13061 F382.8 ; V* 0.40, H* 14.81
G1 X147.900 Y76.660 Z7.194 E0.13061 F382.8 ; V* 0.40, H* 14.81
G1 X147.900 Y75.660 Z7.194 E0.13061 F382.8 ; V* 0.40, H* 14.81
G1 X147.900 Y74.660 Z7.194 E0.13061 F382.8 ; V* 0.40, H* 14.81
G1 X147.900 Y73.660 Z7.194 E0.13061 F382.8 ; V* 0.40, H* 14.81
G1 X147.900 Y72.660 Z7.194 E0.13061 F382.8 ; V* 0.40, H* 14.81
G1 X147.900 Y72.340 Z7.194 E0.04168 F382.8 ; V* 0.40, H* 14.81
G1 X146.900 Y72.340 Z7.194 E0.13061 F382.8 ; V* 0.40, H* 14.81
G1 X146.700 Y72.340 Z7.194 E0.02612 F382.8 ; V* 0.40, H* 14.81
G1 X146.700 Y73.340 Z7.194 E0.13061 F382.8 ; V* 0.40, H* 14.81
G1 X146.700 Y74.340 Z7.194 E0.13061 F382.8 ; V* 0.40, H* 14.81
G1 X146.700 Y75.340 Z7.194 E0.13061 F382.8 ; V* 0.40, H* 14.81
G1 X146.700 Y76.340 Z7.194 E0.13061 F382.8 ; V* 0.40, H* 14.81
G1 X146.700 Y77.340 Z7.194 E0.13061 F382.8 ; V* 0.40, H* 14.81
G1 X146.700 Y78.340 Z7.194 E0.13061 F382.8 ; V* 0.40, H* 14.81
G0 X146.700 Y79.340 Z4.042 F3000.0 ; Parameter change travel move: V* 0.40->0.15, H* 14.81-> 6.93
G1 X146.700 Y80.340 Z4.042 E0.34830 F143.6 ; V* 0.15, H* 6.93
G1 X146.700 Y81.340 Z4.042 E0.34830 F143.6 ; V* 0.15, H* 6.93
G1 X146.700 Y82.340 Z4.042 E0.34830 F143.6 ; V* 0.15, H* 6.93
G1 X146.700 Y83.340 Z4.042 E0.34830 F143.6 ; V* 0.15, H* 6.93
G1 X146.700 Y84.340 Z4.042 E0.34830 F143.6 ; V* 0.15, H* 6.93
G1 X146.700 Y85.340 Z4.042 E0.34830 F143.6 ; V* 0.15, H* 6.93
G1 X146.700 Y86.340 Z4.042 E0.34830 F143.6 ; V* 0.15, H* 6.93
G1 X146.700 Y87.340 Z4.042 E0.34830 F143.6 ; V* 0.15, H* 6.93
G0 X146.700 Y88.340 Z7.194 F3000.0 ; Parameter change travel move: V* 0.15->0.40, H* 6.93-> 14.81
G1 X146.700 Y89.340 Z7.194 E0.13061 F382.8 ; V* 0.40, H* 14.81
G0 X146.700 Y90.340 Z4.042 F3000.0 ; Parameter change travel move: V* 0.40->0.15, H* 14.81-> 6.93
G0 X146.700 Y91.340 Z7.194 F3000.0 ; Parameter change travel move: V* 0.15->0.40, H* 6.93-> 14.81
G0 X146.700 Y92.340 Z4.042 F3000.0 ; Parameter change travel move: V* 0.40->0.15, H* 14.81-> 6.93
G1 X146.700 Y93.340 Z4.042 E0.34830 F143.6 ; V* 0.15, H* 6.93
G0 X146.700 Y94.340 Z7.194 F3000.0 ; Parameter change travel move: V* 0.15->0.40, H* 6.93-> 14.81
G1 X146.700 Y95.340 Z7.194 E0.13061 F382.8 ; V* 0.40, H* 14.81
G1 X146.700 Y96.340 Z7.194 E0.13061 F382.8 ; V* 0.40, H* 14.81
G1 X146.700 Y97.340 Z7.194 E0.13061 F382.8 ; V* 0.40, H* 14.81
G1 X146.700 Y98.340 Z7.194 E0.13061 F382.8 ; V* 0.40, H* 14.81
G1 X146.700 Y99.340 Z7.194 E0.13061 F382.8 ; V* 0.40, H* 14.81
G1 X146.700 Y100.340 Z7.194 E0.13061 F382.8 ; V* 0.40, H* 14.81
G1 X146.700 Y101.340 Z7.194 E0.13061 F382.8 ; V* 0.40, H* 14.81
G1 X146.700 Y102.340 Z7.194 E0.13061 F382.8 ; V* 0.40, H* 14.81
G1 X146.700 Y103.340 Z7.194 E0.13061 F382.8 ; V* 0.40, H* 14.81
G1 X146.700 Y104.340 Z7.194 E0.13061 F382.8 ; V* 0.40, H* 14.81
G1 X146.700 Y105.340 Z7.194 E0.13061 F382.8 ; V* 0.40, H* 14.81
G1 X146.700 Y106.340 Z7.194 E0.13061 F382.8 ; V* 0.40, H* 14.81
G1 X146.700 Y107.340 Z7.194 E0.13061 F382.8 ; V* 0.40, H* 14.81
G1 X146.700 Y108.340 Z7.194 E0.13061 F382.8 ; V* 0.40, H* 14.81
G1 X146.700 Y109.340 Z7.194 E0.13061 F382.8 ; V* 0.40, H* 14.81
G1 X146.700 Y110.340 Z7.194 E0.13061 F382.8 ; V* 0.40, H* 14.81
G1 X146.700 Y111.340 Z7.194 E0.13061 F382.8 ; V* 0.40, H* 14.81
G1 X146.700 Y112.340 Z7.194 E0.13061 F382.8 ; V* 0.40, H* 14.81
G1 X146.700 Y113.340 Z7.194 E0.13061 F382.8 ; V* 0.40, H* 14.81
G1 X146.700 Y114.340 Z7.194 E0.13061 F382.8 ; V* 0.40, H* 14.81
G1 X146.700 Y115.340 Z7.194 E0.13061 F382.8 ; V* 0.40, H* 14.81
G1 X146.700 Y116.340 Z7.194 E0.13061 F382.8 ; V* 0.40, H* 14.81
G1 X146.700 Y117.340 Z7.194 E0.13061 F382.8 ; V* 0.40, H* 14.81
G1 X146.700 Y118.340 Z7.194 E0.13061 F382.8 ; V* 0.40, H* 14.81
G1 X146.700 Y119.340 Z7.194 E0.13061 F382.8 ; V* 0.40, H* 14.81
G1 X146.700 Y120.340 Z7.194 E0.13061 F382.8 ; V* 0.40, H* 14.81
G1 X146.700 Y121.340 Z7.194 E0.13061 F382.8 ; V* 0.40, H* 14.81
G1 X146.700 Y122.340 Z7.194 E0.13061 F382.8 ; V* 0.40, H* 14.81
G1 X146.700 Y123.340 Z7.194 E0.13061 F382.8 ; V* 0.40, H* 14.81
G1 X146.700 Y124.340 Z7.194 E0.13061 F382.8 ; V* 0.40, H* 14.81
G1 X146.700 Y125.340 Z7.194 E0.13061 F382.8 ; V* 0.40, H* 14.81
G1 X146.700 Y126.340 Z7.194 E0.13061 F382.8 ; V* 0.40, H* 14.81
G1 X146.700 Y127.340 Z7.194 E0.13061 F382.8 ; V* 0.40, H* 14.81
G1 X146.700 Y128.340 Z7.194 E0.13061 F382.8 ; V* 0.40, H* 14.81
G1 X146.700 Y129.340 Z7.194 E0.13061 F382.8 ; V* 0.40, H* 14.81
G1 X146.700 Y130.340 Z7.194 E0.13061 F382.8 ; V* 0.40, H* 14.81
G1 X146.700 Y131.340 Z7.194 E0.13061 F382.8 ; V* 0.40, H* 14.81
G1 X146.700 Y132.340 Z7.194 E0.13061 F382.8 ; V* 0.40, H* 14.81
G1 X146.700 Y133.340 Z7.194 E0.13061 F382.8 ; V* 0.40, H* 14.81
G1 X146.700 Y134.340 Z7.194 E0.13061 F382.8 ; V* 0.40, H* 14.81
G1 X146.700 Y135.340 Z7.194 E0.13061 F382.8 ; V* 0.40, H* 14.81
G1 X146.700 Y136.340 Z7.194 E0.13061 F382.8 ; V* 0.40, H* 14.81
G1 X146.700 Y137.340 Z7.194 E0.13061 F382.8 ; V* 0.40, H* 14.81
G1 X146.700 Y137.660 Z7.194 E0.04168 F382.8 ; V* 0.40, H* 14.81
G1 X145.700 Y137.660 Z7.194 E0.13061 F382.8 ; V* 0.40, H* 14.81
G1 X145.500 Y137.660 Z7.194 E0.02612 F382.8 ; V* 0.40, H* 14.81
G1 X145.500 Y136.660 Z7.194 E0.13061 F382.8 ; V* 0.40, H* 14.81
G1 X145.500 Y135.660 Z7.194 E0.13061 F382.8 ; V* 0.40, H* 14.81
G1 X145.500 Y134.660 Z7.194 E0.13061 F382.8 ; V* 0.40, H* 14.81
G1 X145.500 Y133.660 Z7.194 E0.13061 F382.8 ; V* 0.40, H* 14.81
G1 X145.500 Y132.660 Z7.194 E0.13061 F382.8 ; V* 0.40, H* 14.81
G1 X145.500 Y131.660 Z7.194 E0.13061 F382.8 ; V* 0.40, H* 14.81
G1 X145.500 Y130.660 Z7.194 E0.13061 F382.8 ; V* 0.40, H* 14.81
G1 X145.500 Y129.660 Z7.194 E0.13061 F382.8 ; V* 0.40, H* 14.81
G1 X145.500 Y128.660 Z7.194 E0.13061 F382.8 ; V* 0.40, H* 14.81
G1 X145.500 Y127.660 Z7.194 E0.13061 F382.8 ; V* 0.40, H* 14.81
G1 X145.500 Y126.660 Z7.194 E0.13061 F382.8 ; V* 0.40, H* 14.81
G1 X145.500 Y125.660 Z7.194 E0.13061 F382.8 ; V* 0.40, H* 14.81
G1 X145.500 Y124.660 Z7.194 E0.13061 F382.8 ; V* 0.40, H* 14.81
G1 X145.500 Y123.660 Z7.194 E0.13061 F382.8 ; V* 0.40, H* 14.81
G1 X145.500 Y122.660 Z7.194 E0.13061 F382.8 ; V* 0.40, H* 14.81
G1 X145.500 Y121.660 Z7.194 E0.13061 F382.8 ; V* 0.40, H* 14.81
G1 X145.500 Y120.660 Z7.194 E0.13061 F382.8 ; V* 0.40, H* 14.81
G1 X145.500 Y119.660 Z7.194 E0.13061 F382.8 ; V* 0.40, H* 14.81
G1 X145.500 Y118.660 Z7.194 E0.13061 F382.8 ; V* 0.40, H* 14.81
G1 X145.500 Y117.660 Z7.194 E0.13061 F382.8 ; V* 0.40, H* 14.81
G1 X145.500 Y116.660 Z7.194 E0.13061 F382.8 ; V* 0.40, H* 14.81
G1 X145.500 Y115.660 Z7.194 E0.13061 F382.8 ; V* 0.40, H* 14.81
G1 X145.500 Y114.660 Z7.194 E0.13061 F382.8 ; V* 0.40, H* 14.81
G1 X145.500 Y113.660 Z7.194 E0.13061 F382.8 ; V* 0.40, H* 14.81
G1 X145.500 Y112.660 Z7.194 E0.13061 F382.8 ; V* 0.40, H* 14.81
G1 X145.500 Y111.660 Z7.194 E0.13061 F382.8 ; V* 0.40, H* 14.81
G1 X145.500 Y110.660 Z7.194 E0.13061 F382.8 ; V* 0.40, H* 14.81
G1 X145.500 Y109.660 Z7.194 E0.13061 F382.8 ; V* 0.40, H* 14.81
G1 X145.500 Y108.660 Z7.194 E0.13061 F382.8 ; V* 0.40, H* 14.81
G1 X145.500 Y107.660 Z7.194 E0.13061 F382.8 ; V* 0.40, H* 14.81
G1 X145.500 Y106.660 Z7.194 E0.13061 F382.8 ; V* 0.40, H* 14.81
G1 X145.500 Y105.660 Z7.194 E0.13061 F382.8 ; V* 0.40, H* 14.81
G1 X145.500 Y104.660 Z7.194 E0.13061 F382.8 ; V* 0.40, H* 14.81
G1 X145.500 Y103.660 Z7.194 E0.13061 F382.8 ; V* 0.40, H* 14.81
G1 X145.500 Y102.660 Z7.194 E0.13061 F382.8 ; V* 0.40, H* 14.81
G1 X145.500 Y101.660 Z7.194 E0.13061 F382.8 ; V* 0.40, H* 14.81
G1 X145.500 Y100.660 Z7.194 E0.13061 F382.8 ; V* 0.40, H* 14.81
G1 X145.500 Y99.660 Z7.194 E0.13061 F382.8 ; V* 0.40, H* 14.81
G1 X145.500 Y98.660 Z7.194 E0.13061 F382.8 ; V* 0.40, H* 14.81
G1 X145.500 Y97.660 Z7.194 E0.13061 F382.8 ; V* 0.40, H* 14.81
G1 X145.500 Y96.660 Z7.194 E0.13061 F382.8 ; V* 0.40, H* 14.81
G0 X145.500 Y95.660 Z4.042 F3000.0 ; Parameter change travel move: V* 0.40->0.15, H* 14.81-> 6.93
G1 X145.500 Y94.660 Z4.042 E0.34830 F143.6 ; V* 0.15, H* 6.93
G1 X145.500 Y93.660 Z4.042 E0.34830 F143.6 ; V* 0.15, H* 6.93
G1 X145.500 Y92.660 Z4.042 E0.34830 F143.6 ; V* 0.15, H* 6.93
G1 X145.500 Y91.660 Z4.042 E0.34830 F143.6 ; V* 0.15, H* 6.93
G0 X145.500 Y90.660 Z7.194 F3000.0 ; Parameter change travel move: V* 0.15->0.40, H* 6.93-> 14.81
G0 X145.500 Y89.660 Z4.042 F3000.0 ; Parameter change travel move: V* 0.40->0.15, H* 14.81-> 6.93
G0 X145.500 Y88.660 Z7.194 F3000.0 ; Parameter change travel move: V* 0.15->0.40, H* 6.93-> 14.81
G1 X145.500 Y87.660 Z7.194 E0.13061 F382.8 ; V* 0.40, H* 14.81
G0 X145.500 Y86.660 Z4.042 F3000.0 ; Parameter change travel move: V* 0.40->0.15, H* 14.81-> 6.93
G1 X145.500 Y85.660 Z4.042 E0.34830 F143.6 ; V* 0.15, H* 6.93
G1 X145.500 Y84.660 Z4.042 E0.34830 F143.6 ; V* 0.15, H* 6.93
G1 X145.500 Y83.660 Z4.042 E0.34830 F143.6 ; V* 0.15, H* 6.93
G1 X145.500 Y82.660 Z4.042 E0.34830 F143.6 ; V* 0.15, H* 6.93
G1 X145.500 Y81.660 Z4.042 E0.34830 F143.6 ; V* 0.15, H* 6.93
G1 X145.500 Y80.660 Z4.042 E0.34830 F143.6 ; V* 0.15, H* 6.93
G1 X145.500 Y79.660 Z4.042 E0.34830 F143.6 ; V* 0.15, H* 6.93
G1 X145.500 Y78.660 Z4.042 E0.34830 F143.6 ; V* 0.15, H* 6.93
G0 X145.500 Y77.660 Z7.194 F3000.0 ; Parameter change travel move: V* 0.15->0.40, H* 6.93-> 14.81
G1 X145.500 Y76.660 Z7.194 E0.13061 F382.8 ; V* 0.40, H* 14.81
G1 X145.500 Y75.660 Z7.194 E0.13061 F382.8 ; V* 0.40, H* 14.81
G1 X145.500 Y74.660 Z7.194 E0.13061 F382.8 ; V* 0.40, H* 14.81
G1 X145.500 Y73.660 Z7.194 E0.13061 F382.8 ; V* 0.40, H* 14.81
G1 X145.500 Y72.660 Z7.194 E0.13061 F382.8 ; V* 0.40, H* 14.81
G1 X145.500 Y72.340 Z7.194 E0.04168 F382.8 ; V* 0.40, H* 14.81
G1 X144.500 Y72.340 Z7.194 E0.13061 F382.8 ; V* 0.40, H* 14.81
G1 X144.300 Y72.340 Z7.194 E0.02612 F382.8 ; V* 0.40, H* 14.81
G1 X144.300 Y73.340 Z7.194 E0.13061 F382.8 ; V* 0.40, H* 14.81
G1 X144.300 Y74.340 Z7.194 E0.13061 F382.8 ; V* 0.40, H* 14.81
G1 X144.300 Y75.340 Z7.194 E0.13061 F382.8 ; V* 0.40, H* 14.81
G1 X144.300 Y76.340 Z7.194 E0.13061 F382.8 ; V* 0.40, H* 14.81
G1 X144.300 Y77.340 Z7.194 E0.13061 F382.8 ; V* 0.40, H* 14.81
G0 X144.300 Y78.340 Z4.042 F3000.0 ; Parameter change travel move: V* 0.40->0.15, H* 14.81-> 6.93
G1 X144.300 Y79.340 Z4.042 E0.34830 F143.6 ; V* 0.15, H* 6.93
G1 X144.300 Y80.340 Z4.042 E0.34830 F143.6 ; V* 0.15, H* 6.93
G1 X144.300 Y81.340 Z4.042 E0.34830 F143.6 ; V* 0.15, H* 6.93
G1 X144.300 Y82.340 Z4.042 E0.34830 F143.6 ; V* 0.15, H* 6.93
G1 X144.300 Y83.340 Z4.042 E0.34830 F143.6 ; V* 0.15, H* 6.93
G1 X144.300 Y84.340 Z4.042 E0.34830 F143.6 ; V* 0.15, H* 6.93
G1 X144.300 Y85.340 Z4.042 E0.34830 F143.6 ; V* 0.15, H* 6.93
G1 X144.300 Y86.340 Z4.042 E0.34830 F143.6 ; V* 0.15, H* 6.93
G0 X144.300 Y87.340 Z7.194 F3000.0 ; Parameter change travel move: V* 0.15->0.40, H* 6.93-> 14.81
G1 X144.300 Y88.340 Z7.194 E0.13061 F382.8 ; V* 0.40, H* 14.81
G0 X144.300 Y89.340 Z4.042 F3000.0 ; Parameter change travel move: V* 0.40->0.15, H* 14.81-> 6.93
G0 X144.300 Y90.340 Z7.194 F3000.0 ; Parameter change travel move: V* 0.15->0.40, H* 6.93-> 14.81
G0 X144.300 Y91.340 Z4.042 F3000.0 ; Parameter change travel move: V* 0.40->0.15, H* 14.81-> 6.93
G1 X144.300 Y92.340 Z4.042 E0.34830 F143.6 ; V* 0.15, H* 6.93
G1 X144.300 Y93.340 Z4.042 E0.34830 F143.6 ; V* 0.15, H* 6.93
G1 X144.300 Y94.340 Z4.042 E0.34830 F143.6 ; V* 0.15, H* 6.93
G1 X144.300 Y95.340 Z4.042 E0.34830 F143.6 ; V* 0.15, H* 6.93
G1 X144.300 Y96.340 Z4.042 E0.34830 F143.6 ; V* 0.15, H* 6.93
G1 X144.300 Y97.340 Z4.042 E0.34830 F143.6 ; V* 0.15, H* 6.93
G0 X144.300 Y98.340 Z7.194 F3000.0 ; Parameter change travel move: V* 0.15->0.40, H* 6.93-> 14.81
G1 X144.300 Y99.340 Z7.194 E0.13061 F382.8 ; V* 0.40, H* 14.81
G1 X144.300 Y100.340 Z7.194 E0.13061 F382.8 ; V* 0.40, H* 14.81
G1 X144.300 Y101.340 Z7.194 E0.13061 F382.8 ; V* 0.40, H* 14.81
G1 X144.300 Y102.340 Z7.194 E0.13061 F382.8 ; V* 0.40, H* 14.81
G1 X144.300 Y103.340 Z7.194 E0.13061 F382.8 ; V* 0.40, H* 14.81
G1 X144.300 Y104.340 Z7.194 E0.13061 F382.8 ; V* 0.40, H* 14.81
G1 X144.300 Y105.340 Z7.194 E0.13061 F382.8 ; V* 0.40, H* 14.81
G1 X144.300 Y106.340 Z7.194 E0.13061 F382.8 ; V* 0.40, H* 14.81
G1 X144.300 Y107.340 Z7.194 E0.13061 F382.8 ; V* 0.40, H* 14.81
G1 X144.300 Y108.340 Z7.194 E0.13061 F382.8 ; V* 0.40, H* 14.81
G1 X144.300 Y109.340 Z7.194 E0.13061 F382.8 ; V* 0.40, H* 14.81
G1 X144.300 Y110.340 Z7.194 E0.13061 F382.8 ; V* 0.40, H* 14.81
G1 X144.300 Y111.340 Z7.194 E0.13061 F382.8 ; V* 0.40, H* 14.81
G1 X144.300 Y112.340 Z7.194 E0.13061 F382.8 ; V* 0.40, H* 14.81
G1 X144.300 Y113.340 Z7.194 E0.13061 F382.8 ; V* 0.40, H* 14.81
G1 X144.300 Y114.340 Z7.194 E0.13061 F382.8 ; V* 0.40, H* 14.81
G1 X144.300 Y115.340 Z7.194 E0.13061 F382.8 ; V* 0.40, H* 14.81
G1 X144.300 Y116.340 Z7.194 E0.13061 F382.8 ; V* 0.40, H* 14.81
G1 X144.300 Y117.340 Z7.194 E0.13061 F382.8 ; V* 0.40, H* 14.81
G1 X144.300 Y118.340 Z7.194 E0.13061 F382.8 ; V* 0.40, H* 14.81
G1 X144.300 Y119.340 Z7.194 E0.13061 F382.8 ; V* 0.40, H* 14.81
G1 X144.300 Y120.340 Z7.194 E0.13061 F382.8 ; V* 0.40, H* 14.81
G1 X144.300 Y121.340 Z7.194 E0.13061 F382.8 ; V* 0.40, H* 14.81
G1 X144.300 Y122.340 Z7.194 E0.13061 F382.8 ; V* 0.40, H* 14.81
G1 X144.300 Y123.340 Z7.194 E0.13061 F382.8 ; V* 0.40, H* 14.81
G1 X144.300 Y124.340 Z7.194 E0.13061 F382.8 ; V* 0.40, H* 14.81
G1 X144.300 Y125.340 Z7.194 E0.13061 F382.8 ; V* 0.40, H* 14.81
G1 X144.300 Y126.340 Z7.194 E0.13061 F382.8 ; V* 0.40, H* 14.81
G1 X144.300 Y127.340 Z7.194 E0.13061 F382.8 ; V* 0.40, H* 14.81
G1 X144.300 Y128.340 Z7.194 E0.13061 F382.8 ; V* 0.40, H* 14.81
G1 X144.300 Y129.340 Z7.194 E0.13061 F382.8 ; V* 0.40, H* 14.81
G1 X144.300 Y130.340 Z7.194 E0.13061 F382.8 ; V* 0.40, H* 14.81
G1 X144.300 Y131.340 Z7.194 E0.13061 F382.8 ; V* 0.40, H* 14.81
G1 X144.300 Y132.340 Z7.194 E0.13061 F382.8 ; V* 0.40, H* 14.81
G1 X144.300 Y133.340 Z7.194 E0.13061 F382.8 ; V* 0.40, H* 14.81
G1 X144.300 Y134.340 Z7.194 E0.13061 F382.8 ; V* 0.40, H* 14.81
G1 X144.300 Y135.340 Z7.194 E0.13061 F382.8 ; V* 0.40, H* 14.81
G1 X144.300 Y136.340 Z7.194 E0.13061 F382.8 ; V* 0.40, H* 14.81
G1 X144.300 Y137.340 Z7.194 E0.13061 F382.8 ; V* 0.40, H* 14.81
G1 X144.300 Y137.660 Z7.194 E0.04168 F382.8 ; V* 0.40, H* 14.81
G1 X143.300 Y137.660 Z7.194 E0.13061 F382.8 ; V* 0.40, H* 14.81
G1 X143.100 Y137.660 Z7.194 E0.02612 F382.8 ; V* 0.40, H* 14.81
G1 X143.100 Y136.660 Z7.194 E0.13061 F382.8 ; V* 0.40, H* 14.81
G1 X143.100 Y135.660 Z7.194 E0.13061 F382.8 ; V* 0.40, H* 14.81
G1 X143.100 Y134.660 Z7.194 E0.13061 F382.8 ; V* 0.40, H* 14.81
G1 X143.100 Y133.660 Z7.194 E0.13061 F382.8 ; V* 0.40, H* 14.81
G1 X143.100 Y132.660 Z7.194 E0.13061 F382.8 ; V* 0.40, H* 14.81
G1 X143.100 Y131.660 Z7.194 E0.13061 F382.8 ; V* 0.40, H* 14.81
G1 X143.100 Y130.660 Z7.194 E0.13061 F382.8 ; V* 0.40, H* 14.81
G1 X143.100 Y129.660 Z7.194 E0.13061 F382.8 ; V* 0.40, H* 14.81
G1 X143.100 Y128.660 Z7.194 E0.13061 F382.8 ; V* 0.40, H* 14.81
G1 X143.100 Y127.660 Z7.194 E0.13061 F382.8 ; V* 0.40, H* 14.81
G1 X143.100 Y126.660 Z7.194 E0.13061 F382.8 ; V* 0.40, H* 14.81
G1 X143.100 Y125.660 Z7.194 E0.13061 F382.8 ; V* 0.40, H* 14.81
G1 X143.100 Y124.660 Z7.194 E0.13061 F382.8 ; V* 0.40, H* 14.81
G1 X143.100 Y123.660 Z7.194 E0.13061 F382.8 ; V* 0.40, H* 14.81
G1 X143.100 Y122.660 Z7.194 E0.13061 F382.8 ; V* 0.40, H* 14.81
G1 X143.100 Y121.660 Z7.194 E0.13061 F382.8 ; V* 0.40, H* 14.81
G1 X143.100 Y120.660 Z7.194 E0.13061 F382.8 ; V* 0.40, H* 14.81
G1 X143.100 Y119.660 Z7.194 E0.13061 F382.8 ; V* 0.40, H* 14.81
G1 X143.100 Y118.660 Z7.194 E0.13061 F382.8 ; V* 0.40, H* 14.81
G1 X143.100 Y117.660 Z7.194 E0.13061 F382.8 ; V* 0.40, H* 14.81
G1 X143.100 Y116.660 Z7.194 E0.13061 F382.8 ; V* 0.40, H* 14.81
G1 X143.100 Y115.660 Z7.194 E0.13061 F382.8 ; V* 0.40, H* 14.81
G1 X143.100 Y114.660 Z7.194 E0.13061 F382.8 ; V* 0.40, H* 14.81
G1 X143.100 Y113.660 Z7.194 E0.13061 F382.8 ; V* 0.40, H* 14.81
G1 X143.100 Y112.660 Z7.194 E0.13061 F382.8 ; V* 0.40, H* 14.81
G1 X143.100 Y111.660 Z7.194 E0.13061 F382.8 ; V* 0.40, H* 14.81
G1 X143.100 Y110.660 Z7.194 E0.13061 F382.8 ; V* 0.40, H* 14.81
G1 X143.100 Y109.660 Z7.194 E0.13061 F382.8 ; V* 0.40, H* 14.81
G1 X143.100 Y108.660 Z7.194 E0.13061 F382.8 ; V* 0.40, H* 14.81
G1 X143.100 Y107.660 Z7.194 E0.13061 F382.8 ; V* 0.40, H* 14.81
G1 X143.100 Y106.660 Z7.194 E0.13061 F382.8 ; V* 0.40, H* 14.81
G1 X143.100 Y105.660 Z7.194 E0.13061 F382.8 ; V* 0.40, H* 14.81
G1 X143.100 Y104.660 Z7.194 E0.13061 F382.8 ; V* 0.40, H* 14.81
G1 X143.100 Y103.660 Z7.194 E0.13061 F382.8 ; V* 0.40, H* 14.81
G1 X143.100 Y102.660 Z7.194 E0.13061 F382.8 ; V* 0.40, H* 14.81
G1 X143.100 Y101.660 Z7.194 E0.13061 F382.8 ; V* 0.40, H* 14.81
G1 X143.100 Y100.660 Z7.194 E0.13061 F382.8 ; V* 0.40, H* 14.81
G0 X143.100 Y99.660 Z4.042 F3000.0 ; Parameter change travel move: V* 0.40->0.15, H* 14.81-> 6.93
G1 X143.100 Y98.660 Z4.042 E0.34830 F143.6 ; V* 0.15, H* 6.93
G1 X143.100 Y97.660 Z4.042 E0.34830 F143.6 ; V* 0.15, H* 6.93
G1 X143.100 Y96.660 Z4.042 E0.34830 F143.6 ; V* 0.15, H* 6.93
G1 X143.100 Y95.660 Z4.042 E0.34830 F143.6 ; V* 0.15, H* 6.93
G1 X143.100 Y94.660 Z4.042 E0.34830 F143.6 ; V* 0.15, H* 6.93
G1 X143.100 Y93.660 Z4.042 E0.34830 F143.6 ; V* 0.15, H* 6.93
G1 X143.100 Y92.660 Z4.042 E0.34830 F143.6 ; V* 0.15, H* 6.93
G1 X143.100 Y91.660 Z4.042 E0.34830 F143.6 ; V* 0.15, H* 6.93
G1 X143.100 Y90.660 Z4.042 E0.34830 F143.6 ; V* 0.15, H* 6.93
G0 X143.100 Y89.660 Z7.194 F3000.0 ; Parameter change travel move: V* 0.15->0.40, H* 6.93-> 14.81
G1 X143.100 Y88.660 Z7.194 E0.13061 F382.8 ; V* 0.40, H* 14.81
G1 X143.100 Y87.660 Z7.194 E0.13061 F382.8 ; V* 0.40, H* 14.81
G1 X143.100 Y86.660 Z7.194 E0.13061 F382.8 ; V* 0.40, H* 14.81
G0 X143.100 Y85.660 Z4.042 F3000.0 ; Parameter change travel move: V* 0.40->0.15, H* 14.81-> 6.93
G1 X143.100 Y84.660 Z4.042 E0.34830 F143.6 ; V* 0.15, H* 6.93
G1 X143.100 Y83.660 Z4.042 E0.34830 F143.6 ; V* 0.15, H* 6.93
G1 X143.100 Y82.660 Z4.042 E0.34830 F143.6 ; V* 0.15, H* 6.93
G1 X143.100 Y81.660 Z4.042 E0.34830 F143.6 ; V* 0.15, H* 6.93
G1 X143.100 Y80.660 Z4.042 E0.34830 F143.6 ; V* 0.15, H* 6.93
G1 X143.100 Y79.660 Z4.042 E0.34830 F143.6 ; V* 0.15, H* 6.93
G1 X143.100 Y78.660 Z4.042 E0.34830 F143.6 ; V* 0.15, H* 6.93
G1 X143.100 Y77.660 Z4.042 E0.34830 F143.6 ; V* 0.15, H* 6.93
G0 X143.100 Y76.660 Z7.194 F3000.0 ; Parameter change travel move: V* 0.15->0.40, H* 6.93-> 14.81
G1 X143.100 Y75.660 Z7.194 E0.13061 F382.8 ; V* 0.40, H* 14.81
G1 X143.100 Y74.660 Z7.194 E0.13061 F382.8 ; V* 0.40, H* 14.81
G1 X143.100 Y73.660 Z7.194 E0.13061 F382.8 ; V* 0.40, H* 14.81
G1 X143.100 Y72.660 Z7.194 E0.13061 F382.8 ; V* 0.40, H* 14.81
G1 X143.100 Y72.340 Z7.194 E0.04168 F382.8 ; V* 0.40, H* 14.81
G1 X142.100 Y72.340 Z7.194 E0.13061 F382.8 ; V* 0.40, H* 14.81
G1 X141.900 Y72.340 Z7.194 E0.02612 F382.8 ; V* 0.40, H* 14.81
G1 X141.900 Y73.340 Z7.194 E0.13061 F382.8 ; V* 0.40, H* 14.81
G1 X141.900 Y74.340 Z7.194 E0.13061 F382.8 ; V* 0.40, H* 14.81
G1 X141.900 Y75.340 Z7.194 E0.13061 F382.8 ; V* 0.40, H* 14.81
G1 X141.900 Y76.340 Z7.194 E0.13061 F382.8 ; V* 0.40, H* 14.81
G0 X141.900 Y77.340 Z4.042 F3000.0 ; Parameter change travel move: V* 0.40->0.15, H* 14.81-> 6.93
G1 X141.900 Y78.340 Z4.042 E0.34830 F143.6 ; V* 0.15, H* 6.93
G1 X141.900 Y79.340 Z4.042 E0.34830 F143.6 ; V* 0.15, H* 6.93
G1 X141.900 Y80.340 Z4.042 E0.34830 F143.6 ; V* 0.15, H* 6.93
G1 X141.900 Y81.340 Z4.042 E0.34830 F143.6 ; V* 0.15, H* 6.93
G1 X141.900 Y82.340 Z4.042 E0.34830 F143.6 ; V* 0.15, H* 6.93
G1 X141.900 Y83.340 Z4.042 E0.34830 F143.6 ; V* 0.15, H* 6.93
G1 X141.900 Y84.340 Z4.042 E0.34830 F143.6 ; V* 0.15, H* 6.93
G1 X141.900 Y85.340 Z4.042 E0.34830 F143.6 ; V* 0.15, H* 6.93
G0 X141.900 Y86.340 Z7.194 F3000.0 ; Parameter change travel move: V* 0.15->0.40, H* 6.93-> 14.81
G1 X141.900 Y87.340 Z7.194 E0.13061 F382.8 ; V* 0.40, H* 14.81
G1 X141.900 Y88.340 Z7.194 E0.13061 F382.8 ; V* 0.40, H* 14.81
G1 X141.900 Y89.340 Z7.194 E0.13061 F382.8 ; V* 0.40, H* 14.81
G0 X141.900 Y90.340 Z4.042 F3000.0 ; Parameter change travel move: V* 0.40->0.15, H* 14.81-> 6.93
G1 X141.900 Y91.340 Z4.042 E0.34830 F143.6 ; V* 0.15, H* 6.93
G1 X141.900 Y92.340 Z4.042 E0.34830 F143.6 ; V* 0.15, H* 6.93
G1 X141.900 Y93.340 Z4.042 E0.34830 F143.6 ; V* 0.15, H* 6.93
G1 X141.900 Y94.340 Z4.042 E0.34830 F143.6 ; V* 0.15, H* 6.93
G1 X141.900 Y95.340 Z4.042 E0.34830 F143.6 ; V* 0.15, H* 6.93
G1 X141.900 Y96.340 Z4.042 E0.34830 F143.6 ; V* 0.15, H* 6.93
G1 X141.900 Y97.340 Z4.042 E0.34830 F143.6 ; V* 0.15, H* 6.93
G1 X141.900 Y98.340 Z4.042 E0.34830 F143.6 ; V* 0.15, H* 6.93
G1 X141.900 Y99.340 Z4.042 E0.34830 F143.6 ; V* 0.15, H* 6.93
G1 X141.900 Y100.340 Z4.042 E0.34830 F143.6 ; V* 0.15, H* 6.93
G1 X141.900 Y101.340 Z4.042 E0.34830 F143.6 ; V* 0.15, H* 6.93
G1 X141.900 Y102.340 Z4.042 E0.34830 F143.6 ; V* 0.15, H* 6.93
G1 X141.900 Y103.340 Z4.042 E0.34830 F143.6 ; V* 0.15, H* 6.93
G1 X141.900 Y104.340 Z4.042 E0.34830 F143.6 ; V* 0.15, H* 6.93
G1 X141.900 Y105.340 Z4.042 E0.34830 F143.6 ; V* 0.15, H* 6.93
G1 X141.900 Y106.340 Z4.042 E0.34830 F143.6 ; V* 0.15, H* 6.93
G1 X141.900 Y107.340 Z4.042 E0.34830 F143.6 ; V* 0.15, H* 6.93
G1 X141.900 Y108.340 Z4.042 E0.34830 F143.6 ; V* 0.15, H* 6.93
G1 X141.900 Y109.340 Z4.042 E0.34830 F143.6 ; V* 0.15, H* 6.93
G1 X141.900 Y110.340 Z4.042 E0.34830 F143.6 ; V* 0.15, H* 6.93
G0 X141.900 Y111.340 Z7.194 F3000.0 ; Parameter change travel move: V* 0.15->0.40, H* 6.93-> 14.81
G1 X141.900 Y112.340 Z7.194 E0.13061 F382.8 ; V* 0.40, H* 14.81
G1 X141.900 Y113.340 Z7.194 E0.13061 F382.8 ; V* 0.40, H* 14.81
G1 X141.900 Y114.340 Z7.194 E0.13061 F382.8 ; V* 0.40, H* 14.81
G1 X141.900 Y115.340 Z7.194 E0.13061 F382.8 ; V* 0.40, H* 14.81
G1 X141.900 Y116.340 Z7.194 E0.13061 F382.8 ; V* 0.40, H* 14.81
G1 X141.900 Y117.340 Z7.194 E0.13061 F382.8 ; V* 0.40, H* 14.81
G1 X141.900 Y118.340 Z7.194 E0.13061 F382.8 ; V* 0.40, H* 14.81
G1 X141.900 Y119.340 Z7.194 E0.13061 F382.8 ; V* 0.40, H* 14.81
G1 X141.900 Y120.340 Z7.194 E0.13061 F382.8 ; V* 0.40, H* 14.81
G1 X141.900 Y121.340 Z7.194 E0.13061 F382.8 ; V* 0.40, H* 14.81
G1 X141.900 Y122.340 Z7.194 E0.13061 F382.8 ; V* 0.40, H* 14.81
G1 X141.900 Y123.340 Z7.194 E0.13061 F382.8 ; V* 0.40, H* 14.81
G1 X141.900 Y124.340 Z7.194 E0.13061 F382.8 ; V* 0.40, H* 14.81
G1 X141.900 Y125.340 Z7.194 E0.13061 F382.8 ; V* 0.40, H* 14.81
G1 X141.900 Y126.340 Z7.194 E0.13061 F382.8 ; V* 0.40, H* 14.81
G1 X141.900 Y127.340 Z7.194 E0.13061 F382.8 ; V* 0.40, H* 14.81
G1 X141.900 Y128.340 Z7.194 E0.13061 F382.8 ; V* 0.40, H* 14.81
G1 X141.900 Y129.340 Z7.194 E0.13061 F382.8 ; V* 0.40, H* 14.81
G1 X141.900 Y130.340 Z7.194 E0.13061 F382.8 ; V* 0.40, H* 14.81
G1 X141.900 Y131.340 Z7.194 E0.13061 F382.8 ; V* 0.40, H* 14.81
G1 X141.900 Y132.340 Z7.194 E0.13061 F382.8 ; V* 0.40, H* 14.81
G1 X141.900 Y133.340 Z7.194 E0.13061 F382.8 ; V* 0.40, H* 14.81
G1 X141.900 Y134.340 Z7.194 E0.13061 F382.8 ; V* 0.40, H* 14.81
G1 X141.900 Y135.340 Z7.194 E0.13061 F382.8 ; V* 0.40, H* 14.81
G1 X141.900 Y136.340 Z7.194 E0.13061 F382.8 ; V* 0.40, H* 14.81
G1 X141.900 Y137.340 Z7.194 E0.13061 F382.8 ; V* 0.40, H* 14.81
G1 X141.900 Y137.660 Z7.194 E0.04168 F382.8 ; V* 0.40, H* 14.81
G1 X140.900 Y137.660 Z7.194 E0.13061 F382.8 ; V* 0.40, H* 14.81
G1 X140.700 Y137.660 Z7.194 E0.02612 F382.8 ; V* 0.40, H* 14.81
G1 X140.700 Y136.660 Z7.194 E0.13061 F382.8 ; V* 0.40, H* 14.81
G1 X140.700 Y135.660 Z7.194 E0.13061 F382.8 ; V* 0.40, H* 14.81
G1 X140.700 Y134.660 Z7.194 E0.13061 F382.8 ; V* 0.40, H* 14.81
G1 X140.700 Y133.660 Z7.194 E0.13061 F382.8 ; V* 0.40, H* 14.81
G1 X140.700 Y132.660 Z7.194 E0.13061 F382.8 ; V* 0.40, H* 14.81
G1 X140.700 Y131.660 Z7.194 E0.13061 F382.8 ; V* 0.40, H* 14.81
G1 X140.700 Y130.660 Z7.194 E0.13061 F382.8 ; V* 0.40, H* 14.81
G1 X140.700 Y129.660 Z7.194 E0.13061 F382.8 ; V* 0.40, H* 14.81
G1 X140.700 Y128.660 Z7.194 E0.13061 F382.8 ; V* 0.40, H* 14.81
G1 X140.700 Y127.660 Z7.194 E0.13061 F382.8 ; V* 0.40, H* 14.81
G1 X140.700 Y126.660 Z7.194 E0.13061 F382.8 ; V* 0.40, H* 14.81
G1 X140.700 Y125.660 Z7.194 E0.13061 F382.8 ; V* 0.40, H* 14.81
G1 X140.700 Y124.660 Z7.194 E0.13061 F382.8 ; V* 0.40, H* 14.81
G1 X140.700 Y123.660 Z7.194 E0.13061 F382.8 ; V* 0.40, H* 14.81
G1 X140.700 Y122.660 Z7.194 E0.13061 F382.8 ; V* 0.40, H* 14.81
G1 X140.700 Y121.660 Z7.194 E0.13061 F382.8 ; V* 0.40, H* 14.81
G1 X140.700 Y120.660 Z7.194 E0.13061 F382.8 ; V* 0.40, H* 14.81
G1 X140.700 Y119.660 Z7.194 E0.13061 F382.8 ; V* 0.40, H* 14.81
G0 X140.700 Y118.660 Z4.042 F3000.0 ; Parameter change travel move: V* 0.40->0.15, H* 14.81-> 6.93
G1 X140.700 Y117.660 Z4.042 E0.34830 F143.6 ; V* 0.15, H* 6.93
G1 X140.700 Y116.660 Z4.042 E0.34830 F143.6 ; V* 0.15, H* 6.93
G1 X140.700 Y115.660 Z4.042 E0.34830 F143.6 ; V* 0.15, H* 6.93
G1 X140.700 Y114.660 Z4.042 E0.34830 F143.6 ; V* 0.15, H* 6.93
G1 X140.700 Y113.660 Z4.042 E0.34830 F143.6 ; V* 0.15, H* 6.93
G1 X140.700 Y112.660 Z4.042 E0.34830 F143.6 ; V* 0.15, H* 6.93
G1 X140.700 Y111.660 Z4.042 E0.34830 F143.6 ; V* 0.15, H* 6.93
G1 X140.700 Y110.660 Z4.042 E0.34830 F143.6 ; V* 0.15, H* 6.93
G1 X140.700 Y109.660 Z4.042 E0.34830 F143.6 ; V* 0.15, H* 6.93
G1 X140.700 Y108.660 Z4.042 E0.34830 F143.6 ; V* 0.15, H* 6.93
G1 X140.700 Y107.660 Z4.042 E0.34830 F143.6 ; V* 0.15, H* 6.93
G1 X140.700 Y106.660 Z4.042 E0.34830 F143.6 ; V* 0.15, H* 6.93
G1 X140.700 Y105.660 Z4.042 E0.34830 F143.6 ; V* 0.15, H* 6.93
G1 X140.700 Y104.660 Z4.042 E0.34830 F143.6 ; V* 0.15, H* 6.93
G1 X140.700 Y103.660 Z4.042 E0.34830 F143.6 ; V* 0.15, H* 6.93
G1 X140.700 Y102.660 Z4.042 E0.34830 F143.6 ; V* 0.15, H* 6.93
G1 X140.700 Y101.660 Z4.042 E0.34830 F143.6 ; V* 0.15, H* 6.93
G1 X140.700 Y100.660 Z4.042 E0.34830 F143.6 ; V* 0.15, H* 6.93
G1 X140.700 Y99.660 Z4.042 E0.34830 F143.6 ; V* 0.15, H* 6.93
G1 X140.700 Y98.660 Z4.042 E0.34830 F143.6 ; V* 0.15, H* 6.93
G1 X140.700 Y97.660 Z4.042 E0.34830 F143.6 ; V* 0.15, H* 6.93
G1 X140.700 Y96.660 Z4.042 E0.34830 F143.6 ; V* 0.15, H* 6.93
G1 X140.700 Y95.660 Z4.042 E0.34830 F143.6 ; V* 0.15, H* 6.93
G1 X140.700 Y94.660 Z4.042 E0.34830 F143.6 ; V* 0.15, H* 6.93
G1 X140.700 Y93.660 Z4.042 E0.34830 F143.6 ; V* 0.15, H* 6.93
G1 X140.700 Y92.660 Z4.042 E0.34830 F143.6 ; V* 0.15, H* 6.93
G1 X140.700 Y91.660 Z4.042 E0.34830 F143.6 ; V* 0.15, H* 6.93
G1 X140.700 Y90.660 Z4.042 E0.34830 F143.6 ; V* 0.15, H* 6.93
G1 X140.700 Y89.660 Z4.042 E0.34830 F143.6 ; V* 0.15, H* 6.93
G0 X140.700 Y88.660 Z7.194 F3000.0 ; Parameter change travel move: V* 0.15->0.40, H* 6.93-> 14.81
G1 X140.700 Y87.660 Z7.194 E0.13061 F382.8 ; V* 0.40, H* 14.81
G1 X140.700 Y86.660 Z7.194 E0.13061 F382.8 ; V* 0.40, H* 14.81
G1 X140.700 Y85.660 Z7.194 E0.13061 F382.8 ; V* 0.40, H* 14.81
G0 X140.700 Y84.660 Z4.042 F3000.0 ; Parameter change travel move: V* 0.40->0.15, H* 14.81-> 6.93
G1 X140.700 Y83.660 Z4.042 E0.34830 F143.6 ; V* 0.15, H* 6.93
G1 X140.700 Y82.660 Z4.042 E0.34830 F143.6 ; V* 0.15, H* 6.93
G1 X140.700 Y81.660 Z4.042 E0.34830 F143.6 ; V* 0.15, H* 6.93
G1 X140.700 Y80.660 Z4.042 E0.34830 F143.6 ; V* 0.15, H* 6.93
G1 X140.700 Y79.660 Z4.042 E0.34830 F143.6 ; V* 0.15, H* 6.93
G1 X140.700 Y78.660 Z4.042 E0.34830 F143.6 ; V* 0.15, H* 6.93
G1 X140.700 Y77.660 Z4.042 E0.34830 F143.6 ; V* 0.15, H* 6.93
G1 X140.700 Y76.660 Z4.042 E0.34830 F143.6 ; V* 0.15, H* 6.93
G0 X140.700 Y75.660 Z7.194 F3000.0 ; Parameter change travel move: V* 0.15->0.40, H* 6.93-> 14.81
G1 X140.700 Y74.660 Z7.194 E0.13061 F382.8 ; V* 0.40, H* 14.81
G1 X140.700 Y73.660 Z7.194 E0.13061 F382.8 ; V* 0.40, H* 14.81
G1 X140.700 Y72.660 Z7.194 E0.13061 F382.8 ; V* 0.40, H* 14.81
G1 X140.700 Y72.340 Z7.194 E0.04168 F382.8 ; V* 0.40, H* 14.81
G1 X139.700 Y72.340 Z7.194 E0.13061 F382.8 ; V* 0.40, H* 14.81
G1 X139.500 Y72.340 Z7.194 E0.02612 F382.8 ; V* 0.40, H* 14.81
G1 X139.500 Y73.340 Z7.194 E0.13061 F382.8 ; V* 0.40, H* 14.81
G1 X139.500 Y74.340 Z7.194 E0.13061 F382.8 ; V* 0.40, H* 14.81
G1 X139.500 Y75.340 Z7.194 E0.13061 F382.8 ; V* 0.40, H* 14.81
G0 X139.500 Y76.340 Z4.042 F3000.0 ; Parameter change travel move: V* 0.40->0.15, H* 14.81-> 6.93
G1 X139.500 Y77.340 Z4.042 E0.34830 F143.6 ; V* 0.15, H* 6.93
G1 X139.500 Y78.340 Z4.042 E0.34830 F143.6 ; V* 0.15, H* 6.93
G1 X139.500 Y79.340 Z4.042 E0.34830 F143.6 ; V* 0.15, H* 6.93
G1 X139.500 Y80.340 Z4.042 E0.34830 F143.6 ; V* 0.15, H* 6.93
G1 X139.500 Y81.340 Z4.042 E0.34830 F143.6 ; V* 0.15, H* 6.93
G1 X139.500 Y82.340 Z4.042 E0.34830 F143.6 ; V* 0.15, H* 6.93
G1 X139.500 Y83.340 Z4.042 E0.34830 F143.6 ; V* 0.15, H* 6.93
G1 X139.500 Y84.340 Z4.042 E0.34830 F143.6 ; V* 0.15, H* 6.93
G0 X139.500 Y85.340 Z7.194 F3000.0 ; Parameter change travel move: V* 0.15->0.40, H* 6.93-> 14.81
G1 X139.500 Y86.340 Z7.194 E0.13061 F382.8 ; V* 0.40, H* 14.81
G1 X139.500 Y87.340 Z7.194 E0.13061 F382.8 ; V* 0.40, H* 14.81
G1 X139.500 Y88.340 Z7.194 E0.13061 F382.8 ; V* 0.40, H* 14.81
G0 X139.500 Y89.340 Z4.042 F3000.0 ; Parameter change travel move: V* 0.40->0.15, H* 14.81-> 6.93
G1 X139.500 Y90.340 Z4.042 E0.34830 F143.6 ; V* 0.15, H* 6.93
G1 X139.500 Y91.340 Z4.042 E0.34830 F143.6 ; V* 0.15, H* 6.93
G1 X139.500 Y92.340 Z4.042 E0.34830 F143.6 ; V* 0.15, H* 6.93
G1 X139.500 Y93.340 Z4.042 E0.34830 F143.6 ; V* 0.15, H* 6.93
G1 X139.500 Y94.340 Z4.042 E0.34830 F143.6 ; V* 0.15, H* 6.93
G1 X139.500 Y95.340 Z4.042 E0.34830 F143.6 ; V* 0.15, H* 6.93
G1 X139.500 Y96.340 Z4.042 E0.34830 F143.6 ; V* 0.15, H* 6.93
G1 X139.500 Y97.340 Z4.042 E0.34830 F143.6 ; V* 0.15, H* 6.93
G1 X139.500 Y98.340 Z4.042 E0.34830 F143.6 ; V* 0.15, H* 6.93
G1 X139.500 Y99.340 Z4.042 E0.34830 F143.6 ; V* 0.15, H* 6.93
G1 X139.500 Y100.340 Z4.042 E0.34830 F143.6 ; V* 0.15, H* 6.93
G1 X139.500 Y101.340 Z4.042 E0.34830 F143.6 ; V* 0.15, H* 6.93
G1 X139.500 Y102.340 Z4.042 E0.34830 F143.6 ; V* 0.15, H* 6.93
G1 X139.500 Y103.340 Z4.042 E0.34830 F143.6 ; V* 0.15, H* 6.93
G1 X139.500 Y104.340 Z4.042 E0.34830 F143.6 ; V* 0.15, H* 6.93
G1 X139.500 Y105.340 Z4.042 E0.34830 F143.6 ; V* 0.15, H* 6.93
G1 X139.500 Y106.340 Z4.042 E0.34830 F143.6 ; V* 0.15, H* 6.93
G1 X139.500 Y107.340 Z4.042 E0.34830 F143.6 ; V* 0.15, H* 6.93
G1 X139.500 Y108.340 Z4.042 E0.34830 F143.6 ; V* 0.15, H* 6.93
G1 X139.500 Y109.340 Z4.042 E0.34830 F143.6 ; V* 0.15, H* 6.93
G1 X139.500 Y110.340 Z4.042 E0.34830 F143.6 ; V* 0.15, H* 6.93
G1 X139.500 Y111.340 Z4.042 E0.34830 F143.6 ; V* 0.15, H* 6.93
G1 X139.500 Y112.340 Z4.042 E0.34830 F143.6 ; V* 0.15, H* 6.93
G1 X139.500 Y113.340 Z4.042 E0.34830 F143.6 ; V* 0.15, H* 6.93
G1 X139.500 Y114.340 Z4.042 E0.34830 F143.6 ; V* 0.15, H* 6.93
G1 X139.500 Y115.340 Z4.042 E0.34830 F143.6 ; V* 0.15, H* 6.93
G1 X139.500 Y116.340 Z4.042 E0.34830 F143.6 ; V* 0.15, H* 6.93
G1 X139.500 Y117.340 Z4.042 E0.34830 F143.6 ; V* 0.15, H* 6.93
G1 X139.500 Y118.340 Z4.042 E0.34830 F143.6 ; V* 0.15, H* 6.93
G1 X139.500 Y119.340 Z4.042 E0.34830 F143.6 ; V* 0.15, H* 6.93
G1 X139.500 Y120.340 Z4.042 E0.34830 F143.6 ; V* 0.15, H* 6.93
G1 X139.500 Y121.340 Z4.042 E0.34830 F143.6 ; V* 0.15, H* 6.93
G1 X139.500 Y122.340 Z4.042 E0.34830 F143.6 ; V* 0.15, H* 6.93
G1 X139.500 Y123.340 Z4.042 E0.34830 F143.6 ; V* 0.15, H* 6.93
G1 X139.500 Y124.340 Z4.042 E0.34830 F143.6 ; V* 0.15, H* 6.93
G1 X139.500 Y125.340 Z4.042 E0.34830 F143.6 ; V* 0.15, H* 6.93
G0 X139.500 Y126.340 Z7.194 F3000.0 ; Parameter change travel move: V* 0.15->0.40, H* 6.93-> 14.81
G1 X139.500 Y127.340 Z7.194 E0.13061 F382.8 ; V* 0.40, H* 14.81
G1 X139.500 Y128.340 Z7.194 E0.13061 F382.8 ; V* 0.40, H* 14.81
G1 X139.500 Y129.340 Z7.194 E0.13061 F382.8 ; V* 0.40, H* 14.81
G1 X139.500 Y130.340 Z7.194 E0.13061 F382.8 ; V* 0.40, H* 14.81
G1 X139.500 Y131.340 Z7.194 E0.13061 F382.8 ; V* 0.40, H* 14.81
G1 X139.500 Y132.340 Z7.194 E0.13061 F382.8 ; V* 0.40, H* 14.81
G1 X139.500 Y133.340 Z7.194 E0.13061 F382.8 ; V* 0.40, H* 14.81
G1 X139.500 Y134.340 Z7.194 E0.13061 F382.8 ; V* 0.40, H* 14.81
G1 X139.500 Y135.340 Z7.194 E0.13061 F382.8 ; V* 0.40, H* 14.81
G1 X139.500 Y136.340 Z7.194 E0.13061 F382.8 ; V* 0.40, H* 14.81
G1 X139.500 Y137.340 Z7.194 E0.13061 F382.8 ; V* 0.40, H* 14.81
G1 X139.500 Y137.660 Z7.194 E0.04168 F382.8 ; V* 0.40, H* 14.81
G1 X138.500 Y137.660 Z7.194 E0.13061 F382.8 ; V* 0.40, H* 14.81
G1 X138.300 Y137.660 Z7.194 E0.02612 F382.8 ; V* 0.40, H* 14.81
G1 X138.300 Y136.660 Z7.194 E0.13061 F382.8 ; V* 0.40, H* 14.81
G1 X138.300 Y135.660 Z7.194 E0.13061 F382.8 ; V* 0.40, H* 14.81
G1 X138.300 Y134.660 Z7.194 E0.13061 F382.8 ; V* 0.40, H* 14.81
G1 X138.300 Y133.660 Z7.194 E0.13061 F382.8 ; V* 0.40, H* 14.81
G1 X138.300 Y132.660 Z7.194 E0.13061 F382.8 ; V* 0.40, H* 14.81
G1 X138.300 Y131.660 Z7.194 E0.13061 F382.8 ; V* 0.40, H* 14.81
G1 X138.300 Y130.660 Z7.194 E0.13061 F382.8 ; V* 0.40, H* 14.81
G0 X138.300 Y129.660 Z4.042 F3000.0 ; Parameter change travel move: V* 0.40->0.15, H* 14.81-> 6.93
G1 X138.300 Y128.660 Z4.042 E0.34830 F143.6 ; V* 0.15, H* 6.93
G1 X138.300 Y127.660 Z4.042 E0.34830 F143.6 ; V* 0.15, H* 6.93
G1 X138.300 Y126.660 Z4.042 E0.34830 F143.6 ; V* 0.15, H* 6.93
G1 X138.300 Y125.660 Z4.042 E0.34830 F143.6 ; V* 0.15, H* 6.93
G1 X138.300 Y124.660 Z4.042 E0.34830 F143.6 ; V* 0.15, H* 6.93
G1 X138.300 Y123.660 Z4.042 E0.34830 F143.6 ; V* 0.15, H* 6.93
G1 X138.300 Y122.660 Z4.042 E0.34830 F143.6 ; V* 0.15, H* 6.93
G1 X138.300 Y121.660 Z4.042 E0.34830 F143.6 ; V* 0.15, H* 6.93
G1 X138.300 Y120.660 Z4.042 E0.34830 F143.6 ; V* 0.15, H* 6.93
G1 X138.300 Y119.660 Z4.042 E0.34830 F143.6 ; V* 0.15, H* 6.93
G1 X138.300 Y118.660 Z4.042 E0.34830 F143.6 ; V* 0.15, H* 6.93
G1 X138.300 Y117.660 Z4.042 E0.34830 F143.6 ; V* 0.15, H* 6.93
G1 X138.300 Y116.660 Z4.042 E0.34830 F143.6 ; V* 0.15, H* 6.93
G1 X138.300 Y115.660 Z4.042 E0.34830 F143.6 ; V* 0.15, H* 6.93
G1 X138.300 Y114.660 Z4.042 E0.34830 F143.6 ; V* 0.15, H* 6.93
G1 X138.300 Y113.660 Z4.042 E0.34830 F143.6 ; V* 0.15, H* 6.93
G1 X138.300 Y112.660 Z4.042 E0.34830 F143.6 ; V* 0.15, H* 6.93
G1 X138.300 Y111.660 Z4.042 E0.34830 F143.6 ; V* 0.15, H* 6.93
G1 X138.300 Y110.660 Z4.042 E0.34830 F143.6 ; V* 0.15, H* 6.93
G1 X138.300 Y109.660 Z4.042 E0.34830 F143.6 ; V* 0.15, H* 6.93
G1 X138.300 Y108.660 Z4.042 E0.34830 F143.6 ; V* 0.15, H* 6.93
G1 X138.300 Y107.660 Z4.042 E0.34830 F143.6 ; V* 0.15, H* 6.93
G1 X138.300 Y106.660 Z4.042 E0.34830 F143.6 ; V* 0.15, H* 6.93
G1 X138.300 Y105.660 Z4.042 E0.34830 F143.6 ; V* 0.15, H* 6.93
G1 X138.300 Y104.660 Z4.042 E0.34830 F143.6 ; V* 0.15, H* 6.93
G1 X138.300 Y103.660 Z4.042 E0.34830 F143.6 ; V* 0.15, H* 6.93
G1 X138.300 Y102.660 Z4.042 E0.34830 F143.6 ; V* 0.15, H* 6.93
G1 X138.300 Y101.660 Z4.042 E0.34830 F143.6 ; V* 0.15, H* 6.93
G1 X138.300 Y100.660 Z4.042 E0.34830 F143.6 ; V* 0.15, H* 6.93
G1 X138.300 Y99.660 Z4.042 E0.34830 F143.6 ; V* 0.15, H* 6.93
G1 X138.300 Y98.660 Z4.042 E0.34830 F143.6 ; V* 0.15, H* 6.93
G1 X138.300 Y97.660 Z4.042 E0.34830 F143.6 ; V* 0.15, H* 6.93
G1 X138.300 Y96.660 Z4.042 E0.34830 F143.6 ; V* 0.15, H* 6.93
G1 X138.300 Y95.660 Z4.042 E0.34830 F143.6 ; V* 0.15, H* 6.93
G1 X138.300 Y94.660 Z4.042 E0.34830 F143.6 ; V* 0.15, H* 6.93
G1 X138.300 Y93.660 Z4.042 E0.34830 F143.6 ; V* 0.15, H* 6.93
G1 X138.300 Y92.660 Z4.042 E0.34830 F143.6 ; V* 0.15, H* 6.93
G1 X138.300 Y91.660 Z4.042 E0.34830 F143.6 ; V* 0.15, H* 6.93
G1 X138.300 Y90.660 Z4.042 E0.34830 F143.6 ; V* 0.15, H* 6.93
G1 X138.300 Y89.660 Z4.042 E0.34830 F143.6 ; V* 0.15, H* 6.93
G1 X138.300 Y88.660 Z4.042 E0.34830 F143.6 ; V* 0.15, H* 6.93
G0 X138.300 Y87.660 Z7.194 F3000.0 ; Parameter change travel move: V* 0.15->0.40, H* 6.93-> 14.81
G1 X138.300 Y86.660 Z7.194 E0.13061 F382.8 ; V* 0.40, H* 14.81
G1 X138.300 Y85.660 Z7.194 E0.13061 F382.8 ; V* 0.40, H* 14.81
G1 X138.300 Y84.660 Z7.194 E0.13061 F382.8 ; V* 0.40, H* 14.81
G0 X138.300 Y83.660 Z4.042 F3000.0 ; Parameter change travel move: V* 0.40->0.15, H* 14.81-> 6.93
G1 X138.300 Y82.660 Z4.042 E0.34830 F143.6 ; V* 0.15, H* 6.93
G1 X138.300 Y81.660 Z4.042 E0.34830 F143.6 ; V* 0.15, H* 6.93
G1 X138.300 Y80.660 Z4.042 E0.34830 F143.6 ; V* 0.15, H* 6.93
G1 X138.300 Y79.660 Z4.042 E0.34830 F143.6 ; V* 0.15, H* 6.93
G1 X138.300 Y78.660 Z4.042 E0.34830 F143.6 ; V* 0.15, H* 6.93
G1 X138.300 Y77.660 Z4.042 E0.34830 F143.6 ; V* 0.15, H* 6.93
G1 X138.300 Y76.660 Z4.042 E0.34830 F143.6 ; V* 0.15, H* 6.93
G1 X138.300 Y75.660 Z4.042 E0.34830 F143.6 ; V* 0.15, H* 6.93
G0 X138.300 Y74.660 Z7.194 F3000.0 ; Parameter change travel move: V* 0.15->0.40, H* 6.93-> 14.81
G1 X138.300 Y73.660 Z7.194 E0.13061 F382.8 ; V* 0.40, H* 14.81
G1 X138.300 Y72.660 Z7.194 E0.13061 F382.8 ; V* 0.40, H* 14.81
G1 X138.300 Y72.340 Z7.194 E0.04168 F382.8 ; V* 0.40, H* 14.81
G1 X137.300 Y72.340 Z7.194 E0.13061 F382.8 ; V* 0.40, H* 14.81
G1 X137.100 Y72.340 Z7.194 E0.02612 F382.8 ; V* 0.40, H* 14.81
G1 X137.100 Y73.340 Z7.194 E0.13061 F382.8 ; V* 0.40, H* 14.81
G1 X137.100 Y74.340 Z7.194 E0.13061 F382.8 ; V* 0.40, H* 14.81
G0 X137.100 Y75.340 Z4.042 F3000.0 ; Parameter change travel move: V* 0.40->0.15, H* 14.81-> 6.93
G1 X137.100 Y76.340 Z4.042 E0.34830 F143.6 ; V* 0.15, H* 6.93
G1 X137.100 Y77.340 Z4.042 E0.34830 F143.6 ; V* 0.15, H* 6.93
G1 X137.100 Y78.340 Z4.042 E0.34830 F143.6 ; V* 0.15, H* 6.93
G1 X137.100 Y79.340 Z4.042 E0.34830 F143.6 ; V* 0.15, H* 6.93
G1 X137.100 Y80.340 Z4.042 E0.34830 F143.6 ; V* 0.15, H* 6.93
G1 X137.100 Y81.340 Z4.042 E0.34830 F143.6 ; V* 0.15, H* 6.93
G1 X137.100 Y82.340 Z4.042 E0.34830 F143.6 ; V* 0.15, H* 6.93
G1 X137.100 Y83.340 Z4.042 E0.34830 F143.6 ; V* 0.15, H* 6.93
G0 X137.100 Y84.340 Z7.194 F3000.0 ; Parameter change travel move: V* 0.15->0.40, H* 6.93-> 14.81
G1 X137.100 Y85.340 Z7.194 E0.13061 F382.8 ; V* 0.40, H* 14.81
G1 X137.100 Y86.340 Z7.194 E0.13061 F382.8 ; V* 0.40, H* 14.81
G1 X137.100 Y87.340 Z7.194 E0.13061 F382.8 ; V* 0.40, H* 14.81
G0 X137.100 Y88.340 Z4.042 F3000.0 ; Parameter change travel move: V* 0.40->0.15, H* 14.81-> 6.93
G1 X137.100 Y89.340 Z4.042 E0.34830 F143.6 ; V* 0.15, H* 6.93
G1 X137.100 Y90.340 Z4.042 E0.34830 F143.6 ; V* 0.15, H* 6.93
G1 X137.100 Y91.340 Z4.042 E0.34830 F143.6 ; V* 0.15, H* 6.93
G1 X137.100 Y92.340 Z4.042 E0.34830 F143.6 ; V* 0.15, H* 6.93
G1 X137.100 Y93.340 Z4.042 E0.34830 F143.6 ; V* 0.15, H* 6.93
G1 X137.100 Y94.340 Z4.042 E0.34830 F143.6 ; V* 0.15, H* 6.93
G1 X137.100 Y95.340 Z4.042 E0.34830 F143.6 ; V* 0.15, H* 6.93
G1 X137.100 Y96.340 Z4.042 E0.34830 F143.6 ; V* 0.15, H* 6.93
G1 X137.100 Y97.340 Z4.042 E0.34830 F143.6 ; V* 0.15, H* 6.93
G1 X137.100 Y98.340 Z4.042 E0.34830 F143.6 ; V* 0.15, H* 6.93
G1 X137.100 Y99.340 Z4.042 E0.34830 F143.6 ; V* 0.15, H* 6.93
G1 X137.100 Y100.340 Z4.042 E0.34830 F143.6 ; V* 0.15, H* 6.93
G1 X137.100 Y101.340 Z4.042 E0.34830 F143.6 ; V* 0.15, H* 6.93
G1 X137.100 Y102.340 Z4.042 E0.34830 F143.6 ; V* 0.15, H* 6.93
G1 X137.100 Y103.340 Z4.042 E0.34830 F143.6 ; V* 0.15, H* 6.93
G1 X137.100 Y104.340 Z4.042 E0.34830 F143.6 ; V* 0.15, H* 6.93
G1 X137.100 Y105.340 Z4.042 E0.34830 F143.6 ; V* 0.15, H* 6.93
G1 X137.100 Y106.340 Z4.042 E0.34830 F143.6 ; V* 0.15, H* 6.93
G1 X137.100 Y107.340 Z4.042 E0.34830 F143.6 ; V* 0.15, H* 6.93
G1 X137.100 Y108.340 Z4.042 E0.34830 F143.6 ; V* 0.15, H* 6.93
G1 X137.100 Y109.340 Z4.042 E0.34830 F143.6 ; V* 0.15, H* 6.93
G1 X137.100 Y110.340 Z4.042 E0.34830 F143.6 ; V* 0.15, H* 6.93
G1 X137.100 Y111.340 Z4.042 E0.34830 F143.6 ; V* 0.15, H* 6.93
G1 X137.100 Y112.340 Z4.042 E0.34830 F143.6 ; V* 0.15, H* 6.93
G1 X137.100 Y113.340 Z4.042 E0.34830 F143.6 ; V* 0.15, H* 6.93
G1 X137.100 Y114.340 Z4.042 E0.34830 F143.6 ; V* 0.15, H* 6.93
G1 X137.100 Y115.340 Z4.042 E0.34830 F143.6 ; V* 0.15, H* 6.93
G1 X137.100 Y116.340 Z4.042 E0.34830 F143.6 ; V* 0.15, H* 6.93
G1 X137.100 Y117.340 Z4.042 E0.34830 F143.6 ; V* 0.15, H* 6.93
G1 X137.100 Y118.340 Z4.042 E0.34830 F143.6 ; V* 0.15, H* 6.93
G1 X137.100 Y119.340 Z4.042 E0.34830 F143.6 ; V* 0.15, H* 6.93
G1 X137.100 Y120.340 Z4.042 E0.34830 F143.6 ; V* 0.15, H* 6.93
G1 X137.100 Y121.340 Z4.042 E0.34830 F143.6 ; V* 0.15, H* 6.93
G1 X137.100 Y122.340 Z4.042 E0.34830 F143.6 ; V* 0.15, H* 6.93
G1 X137.100 Y123.340 Z4.042 E0.34830 F143.6 ; V* 0.15, H* 6.93
G1 X137.100 Y124.340 Z4.042 E0.34830 F143.6 ; V* 0.15, H* 6.93
G1 X137.100 Y125.340 Z4.042 E0.34830 F143.6 ; V* 0.15, H* 6.93
G1 X137.100 Y126.340 Z4.042 E0.34830 F143.6 ; V* 0.15, H* 6.93
G1 X137.100 Y127.340 Z4.042 E0.34830 F143.6 ; V* 0.15, H* 6.93
G1 X137.100 Y128.340 Z4.042 E0.34830 F143.6 ; V* 0.15, H* 6.93
G1 X137.100 Y129.340 Z4.042 E0.34830 F143.6 ; V* 0.15, H* 6.93
G1 X137.100 Y130.340 Z4.042 E0.34830 F143.6 ; V* 0.15, H* 6.93
G1 X137.100 Y131.340 Z4.042 E0.34830 F143.6 ; V* 0.15, H* 6.93
G0 X137.100 Y132.340 Z7.194 F3000.0 ; Parameter change travel move: V* 0.15->0.40, H* 6.93-> 14.81
G1 X137.100 Y133.340 Z7.194 E0.13061 F382.8 ; V* 0.40, H* 14.81
G1 X137.100 Y134.340 Z7.194 E0.13061 F382.8 ; V* 0.40, H* 14.81
G1 X137.100 Y135.340 Z7.194 E0.13061 F382.8 ; V* 0.40, H* 14.81
G1 X137.100 Y136.340 Z7.194 E0.13061 F382.8 ; V* 0.40, H* 14.81
G1 X137.100 Y137.340 Z7.194 E0.13061 F382.8 ; V* 0.40, H* 14.81
G1 X137.100 Y137.660 Z7.194 E0.04168 F382.8 ; V* 0.40, H* 14.81
G1 X136.100 Y137.660 Z7.194 E0.13061 F382.8 ; V* 0.40, H* 14.81
G1 X135.900 Y137.660 Z7.194 E0.02612 F382.8 ; V* 0.40, H* 14.81
G1 X135.900 Y136.660 Z7.194 E0.13061 F382.8 ; V* 0.40, H* 14.81
G1 X135.900 Y135.660 Z7.194 E0.13061 F382.8 ; V* 0.40, H* 14.81
G1 X135.900 Y134.660 Z7.194 E0.13061 F382.8 ; V* 0.40, H* 14.81
G1 X135.900 Y133.660 Z7.194 E0.13061 F382.8 ; V* 0.40, H* 14.81
G0 X135.900 Y132.660 Z4.042 F3000.0 ; Parameter change travel move: V* 0.40->0.15, H* 14.81-> 6.93
G1 X135.900 Y131.660 Z4.042 E0.34830 F143.6 ; V* 0.15, H* 6.93
G1 X135.900 Y130.660 Z4.042 E0.34830 F143.6 ; V* 0.15, H* 6.93
G1 X135.900 Y129.660 Z4.042 E0.34830 F143.6 ; V* 0.15, H* 6.93
G1 X135.900 Y128.660 Z4.042 E0.34830 F143.6 ; V* 0.15, H* 6.93
G1 X135.900 Y127.660 Z4.042 E0.34830 F143.6 ; V* 0.15, H* 6.93
G1 X135.900 Y126.660 Z4.042 E0.34830 F143.6 ; V* 0.15, H* 6.93
G1 X135.900 Y125.660 Z4.042 E0.34830 F143.6 ; V* 0.15, H* 6.93
G1 X135.900 Y124.660 Z4.042 E0.34830 F143.6 ; V* 0.15, H* 6.93
G1 X135.900 Y123.660 Z4.042 E0.34830 F143.6 ; V* 0.15, H* 6.93
G1 X135.900 Y122.660 Z4.042 E0.34830 F143.6 ; V* 0.15, H* 6.93
G1 X135.900 Y121.660 Z4.042 E0.34830 F143.6 ; V* 0.15, H* 6.93
G1 X135.900 Y120.660 Z4.042 E0.34830 F143.6 ; V* 0.15, H* 6.93
G1 X135.900 Y119.660 Z4.042 E0.34830 F143.6 ; V* 0.15, H* 6.93
G1 X135.900 Y118.660 Z4.042 E0.34830 F143.6 ; V* 0.15, H* 6.93
G1 X135.900 Y117.660 Z4.042 E0.34830 F143.6 ; V* 0.15, H* 6.93
G1 X135.900 Y116.660 Z4.042 E0.34830 F143.6 ; V* 0.15, H* 6.93
G1 X135.900 Y115.660 Z4.042 E0.34830 F143.6 ; V* 0.15, H* 6.93
G1 X135.900 Y114.660 Z4.042 E0.34830 F143.6 ; V* 0.15, H* 6.93
G1 X135.900 Y113.660 Z4.042 E0.34830 F143.6 ; V* 0.15, H* 6.93
G1 X135.900 Y112.660 Z4.042 E0.34830 F143.6 ; V* 0.15, H* 6.93
G1 X135.900 Y111.660 Z4.042 E0.34830 F143.6 ; V* 0.15, H* 6.93
G1 X135.900 Y110.660 Z4.042 E0.34830 F143.6 ; V* 0.15, H* 6.93
G1 X135.900 Y109.660 Z4.042 E0.34830 F143.6 ; V* 0.15, H* 6.93
G1 X135.900 Y108.660 Z4.042 E0.34830 F143.6 ; V* 0.15, H* 6.93
G1 X135.900 Y107.660 Z4.042 E0.34830 F143.6 ; V* 0.15, H* 6.93
G1 X135.900 Y106.660 Z4.042 E0.34830 F143.6 ; V* 0.15, H* 6.93
G1 X135.900 Y105.660 Z4.042 E0.34830 F143.6 ; V* 0.15, H* 6.93
G1 X135.900 Y104.660 Z4.042 E0.34830 F143.6 ; V* 0.15, H* 6.93
G1 X135.900 Y103.660 Z4.042 E0.34830 F143.6 ; V* 0.15, H* 6.93
G1 X135.900 Y102.660 Z4.042 E0.34830 F143.6 ; V* 0.15, H* 6.93
G1 X135.900 Y101.660 Z4.042 E0.34830 F143.6 ; V* 0.15, H* 6.93
G1 X135.900 Y100.660 Z4.042 E0.34830 F143.6 ; V* 0.15, H* 6.93
G1 X135.900 Y99.660 Z4.042 E0.34830 F143.6 ; V* 0.15, H* 6.93
G1 X135.900 Y98.660 Z4.042 E0.34830 F143.6 ; V* 0.15, H* 6.93
G1 X135.900 Y97.660 Z4.042 E0.34830 F143.6 ; V* 0.15, H* 6.93
G1 X135.900 Y96.660 Z4.042 E0.34830 F143.6 ; V* 0.15, H* 6.93
G1 X135.900 Y95.660 Z4.042 E0.34830 F143.6 ; V* 0.15, H* 6.93
G1 X135.900 Y94.660 Z4.042 E0.34830 F143.6 ; V* 0.15, H* 6.93
G1 X135.900 Y93.660 Z4.042 E0.34830 F143.6 ; V* 0.15, H* 6.93
G1 X135.900 Y92.660 Z4.042 E0.34830 F143.6 ; V* 0.15, H* 6.93
G1 X135.900 Y91.660 Z4.042 E0.34830 F143.6 ; V* 0.15, H* 6.93
G1 X135.900 Y90.660 Z4.042 E0.34830 F143.6 ; V* 0.15, H* 6.93
G1 X135.900 Y89.660 Z4.042 E0.34830 F143.6 ; V* 0.15, H* 6.93
G1 X135.900 Y88.660 Z4.042 E0.34830 F143.6 ; V* 0.15, H* 6.93
G1 X135.900 Y87.660 Z4.042 E0.34830 F143.6 ; V* 0.15, H* 6.93
G0 X135.900 Y86.660 Z7.194 F3000.0 ; Parameter change travel move: V* 0.15->0.40, H* 6.93-> 14.81
G1 X135.900 Y85.660 Z7.194 E0.13061 F382.8 ; V* 0.40, H* 14.81
G1 X135.900 Y84.660 Z7.194 E0.13061 F382.8 ; V* 0.40, H* 14.81
G0 X135.900 Y83.660 Z4.042 F3000.0 ; Parameter change travel move: V* 0.40->0.15, H* 14.81-> 6.93
G1 X135.900 Y82.660 Z4.042 E0.34830 F143.6 ; V* 0.15, H* 6.93
G1 X135.900 Y81.660 Z4.042 E0.34830 F143.6 ; V* 0.15, H* 6.93
G1 X135.900 Y80.660 Z4.042 E0.34830 F143.6 ; V* 0.15, H* 6.93
G1 X135.900 Y79.660 Z4.042 E0.34830 F143.6 ; V* 0.15, H* 6.93
G1 X135.900 Y78.660 Z4.042 E0.34830 F143.6 ; V* 0.15, H* 6.93
G1 X135.900 Y77.660 Z4.042 E0.34830 F143.6 ; V* 0.15, H* 6.93
G1 X135.900 Y76.660 Z4.042 E0.34830 F143.6 ; V* 0.15, H* 6.93
G1 X135.900 Y75.660 Z4.042 E0.34830 F143.6 ; V* 0.15, H* 6.93
G1 X135.900 Y74.660 Z4.042 E0.34830 F143.6 ; V* 0.15, H* 6.93
G0 X135.900 Y73.660 Z7.194 F3000.0 ; Parameter change travel move: V* 0.15->0.40, H* 6.93-> 14.81
G1 X135.900 Y72.660 Z7.194 E0.13061 F382.8 ; V* 0.40, H* 14.81
G1 X135.900 Y72.340 Z7.194 E0.04168 F382.8 ; V* 0.40, H* 14.81
G1 X134.900 Y72.340 Z7.194 E0.13061 F382.8 ; V* 0.40, H* 14.81
G1 X134.700 Y72.340 Z7.194 E0.02612 F382.8 ; V* 0.40, H* 14.81
G1 X134.700 Y73.340 Z7.194 E0.13061 F382.8 ; V* 0.40, H* 14.81
G0 X134.700 Y74.340 Z4.042 F3000.0 ; Parameter change travel move: V* 0.40->0.15, H* 14.81-> 6.93
G1 X134.700 Y75.340 Z4.042 E0.34830 F143.6 ; V* 0.15, H* 6.93
G1 X134.700 Y76.340 Z4.042 E0.34830 F143.6 ; V* 0.15, H* 6.93
G1 X134.700 Y77.340 Z4.042 E0.34830 F143.6 ; V* 0.15, H* 6.93
G1 X134.700 Y78.340 Z4.042 E0.34830 F143.6 ; V* 0.15, H* 6.93
G1 X134.700 Y79.340 Z4.042 E0.34830 F143.6 ; V* 0.15, H* 6.93
G1 X134.700 Y80.340 Z4.042 E0.34830 F143.6 ; V* 0.15, H* 6.93
G1 X134.700 Y81.340 Z4.042 E0.34830 F143.6 ; V* 0.15, H* 6.93
G1 X134.700 Y82.340 Z4.042 E0.34830 F143.6 ; V* 0.15, H* 6.93
G0 X134.700 Y83.340 Z7.194 F3000.0 ; Parameter change travel move: V* 0.15->0.40, H* 6.93-> 14.81
G1 X134.700 Y84.340 Z7.194 E0.13061 F382.8 ; V* 0.40, H* 14.81
G1 X134.700 Y85.340 Z7.194 E0.13061 F382.8 ; V* 0.40, H* 14.81
G1 X134.700 Y86.340 Z7.194 E0.13061 F382.8 ; V* 0.40, H* 14.81
G0 X134.700 Y87.340 Z4.042 F3000.0 ; Parameter change travel move: V* 0.40->0.15, H* 14.81-> 6.93
G1 X134.700 Y88.340 Z4.042 E0.34830 F143.6 ; V* 0.15, H* 6.93
G1 X134.700 Y89.340 Z4.042 E0.34830 F143.6 ; V* 0.15, H* 6.93
G1 X134.700 Y90.340 Z4.042 E0.34830 F143.6 ; V* 0.15, H* 6.93
G1 X134.700 Y91.340 Z4.042 E0.34830 F143.6 ; V* 0.15, H* 6.93
G1 X134.700 Y92.340 Z4.042 E0.34830 F143.6 ; V* 0.15, H* 6.93
G1 X134.700 Y93.340 Z4.042 E0.34830 F143.6 ; V* 0.15, H* 6.93
G1 X134.700 Y94.340 Z4.042 E0.34830 F143.6 ; V* 0.15, H* 6.93
G1 X134.700 Y95.340 Z4.042 E0.34830 F143.6 ; V* 0.15, H* 6.93
G1 X134.700 Y96.340 Z4.042 E0.34830 F143.6 ; V* 0.15, H* 6.93
G1 X134.700 Y97.340 Z4.042 E0.34830 F143.6 ; V* 0.15, H* 6.93
G1 X134.700 Y98.340 Z4.042 E0.34830 F143.6 ; V* 0.15, H* 6.93
G1 X134.700 Y99.340 Z4.042 E0.34830 F143.6 ; V* 0.15, H* 6.93
G1 X134.700 Y100.340 Z4.042 E0.34830 F143.6 ; V* 0.15, H* 6.93
G1 X134.700 Y101.340 Z4.042 E0.34830 F143.6 ; V* 0.15, H* 6.93
G1 X134.700 Y102.340 Z4.042 E0.34830 F143.6 ; V* 0.15, H* 6.93
G1 X134.700 Y103.340 Z4.042 E0.34830 F143.6 ; V* 0.15, H* 6.93
G1 X134.700 Y104.340 Z4.042 E0.34830 F143.6 ; V* 0.15, H* 6.93
G1 X134.700 Y105.340 Z4.042 E0.34830 F143.6 ; V* 0.15, H* 6.93
G1 X134.700 Y106.340 Z4.042 E0.34830 F143.6 ; V* 0.15, H* 6.93
G1 X134.700 Y107.340 Z4.042 E0.34830 F143.6 ; V* 0.15, H* 6.93
G1 X134.700 Y108.340 Z4.042 E0.34830 F143.6 ; V* 0.15, H* 6.93
G1 X134.700 Y109.340 Z4.042 E0.34830 F143.6 ; V* 0.15, H* 6.93
G1 X134.700 Y110.340 Z4.042 E0.34830 F143.6 ; V* 0.15, H* 6.93
G1 X134.700 Y111.340 Z4.042 E0.34830 F143.6 ; V* 0.15, H* 6.93
G1 X134.700 Y112.340 Z4.042 E0.34830 F143.6 ; V* 0.15, H* 6.93
G1 X134.700 Y113.340 Z4.042 E0.34830 F143.6 ; V* 0.15, H* 6.93
G1 X134.700 Y114.340 Z4.042 E0.34830 F143.6 ; V* 0.15, H* 6.93
G1 X134.700 Y115.340 Z4.042 E0.34830 F143.6 ; V* 0.15, H* 6.93
G1 X134.700 Y116.340 Z4.042 E0.34830 F143.6 ; V* 0.15, H* 6.93
G1 X134.700 Y117.340 Z4.042 E0.34830 F143.6 ; V* 0.15, H* 6.93
G1 X134.700 Y118.340 Z4.042 E0.34830 F143.6 ; V* 0.15, H* 6.93
G1 X134.700 Y119.340 Z4.042 E0.34830 F143.6 ; V* 0.15, H* 6.93
G1 X134.700 Y120.340 Z4.042 E0.34830 F143.6 ; V* 0.15, H* 6.93
G1 X134.700 Y121.340 Z4.042 E0.34830 F143.6 ; V* 0.15, H* 6.93
G1 X134.700 Y122.340 Z4.042 E0.34830 F143.6 ; V* 0.15, H* 6.93
G1 X134.700 Y123.340 Z4.042 E0.34830 F143.6 ; V* 0.15, H* 6.93
G1 X134.700 Y124.340 Z4.042 E0.34830 F143.6 ; V* 0.15, H* 6.93
G1 X134.700 Y125.340 Z4.042 E0.34830 F143.6 ; V* 0.15, H* 6.93
G1 X134.700 Y126.340 Z4.042 E0.34830 F143.6 ; V* 0.15, H* 6.93
G1 X134.700 Y127.340 Z4.042 E0.34830 F143.6 ; V* 0.15, H* 6.93
G1 X134.700 Y128.340 Z4.042 E0.34830 F143.6 ; V* 0.15, H* 6.93
G1 X134.700 Y129.340 Z4.042 E0.34830 F143.6 ; V* 0.15, H* 6.93
G1 X134.700 Y130.340 Z4.042 E0.34830 F143.6 ; V* 0.15, H* 6.93
G1 X134.700 Y131.340 Z4.042 E0.34830 F143.6 ; V* 0.15, H* 6.93
G1 X134.700 Y132.340 Z4.042 E0.34830 F143.6 ; V* 0.15, H* 6.93
G1 X134.700 Y133.340 Z4.042 E0.34830 F143.6 ; V* 0.15, H* 6.93
G1 X134.700 Y134.340 Z4.042 E0.34830 F143.6 ; V* 0.15, H* 6.93
G0 X134.700 Y135.340 Z7.194 F3000.0 ; Parameter change travel move: V* 0.15->0.40, H* 6.93-> 14.81
G1 X134.700 Y136.340 Z7.194 E0.13061 F382.8 ; V* 0.40, H* 14.81
G1 X134.700 Y137.340 Z7.194 E0.13061 F382.8 ; V* 0.40, H* 14.81
G1 X134.700 Y137.660 Z7.194 E0.04168 F382.8 ; V* 0.40, H* 14.81
G1 X133.700 Y137.660 Z7.194 E0.13061 F382.8 ; V* 0.40, H* 14.81
G1 X133.500 Y137.660 Z7.194 E0.02612 F382.8 ; V* 0.40, H* 14.81
G1 X133.500 Y136.660 Z7.194 E0.13061 F382.8 ; V* 0.40, H* 14.81
G1 X133.500 Y135.660 Z7.194 E0.13061 F382.8 ; V* 0.40, H* 14.81
G0 X133.500 Y134.660 Z4.042 F3000.0 ; Parameter change travel move: V* 0.40->0.15, H* 14.81-> 6.93
G1 X133.500 Y133.660 Z4.042 E0.34830 F143.6 ; V* 0.15, H* 6.93
G1 X133.500 Y132.660 Z4.042 E0.34830 F143.6 ; V* 0.15, H* 6.93
G1 X133.500 Y131.660 Z4.042 E0.34830 F143.6 ; V* 0.15, H* 6.93
G1 X133.500 Y130.660 Z4.042 E0.34830 F143.6 ; V* 0.15, H* 6.93
G1 X133.500 Y129.660 Z4.042 E0.34830 F143.6 ; V* 0.15, H* 6.93
G1 X133.500 Y128.660 Z4.042 E0.34830 F143.6 ; V* 0.15, H* 6.93
G1 X133.500 Y127.660 Z4.042 E0.34830 F143.6 ; V* 0.15, H* 6.93
G1 X133.500 Y126.660 Z4.042 E0.34830 F143.6 ; V* 0.15, H* 6.93
G1 X133.500 Y125.660 Z4.042 E0.34830 F143.6 ; V* 0.15, H* 6.93
G1 X133.500 Y124.660 Z4.042 E0.34830 F143.6 ; V* 0.15, H* 6.93
G1 X133.500 Y123.660 Z4.042 E0.34830 F143.6 ; V* 0.15, H* 6.93
G1 X133.500 Y122.660 Z4.042 E0.34830 F143.6 ; V* 0.15, H* 6.93
G1 X133.500 Y121.660 Z4.042 E0.34830 F143.6 ; V* 0.15, H* 6.93
G1 X133.500 Y120.660 Z4.042 E0.34830 F143.6 ; V* 0.15, H* 6.93
G1 X133.500 Y119.660 Z4.042 E0.34830 F143.6 ; V* 0.15, H* 6.93
G1 X133.500 Y118.660 Z4.042 E0.34830 F143.6 ; V* 0.15, H* 6.93
G1 X133.500 Y117.660 Z4.042 E0.34830 F143.6 ; V* 0.15, H* 6.93
G1 X133.500 Y116.660 Z4.042 E0.34830 F143.6 ; V* 0.15, H* 6.93
G1 X133.500 Y115.660 Z4.042 E0.34830 F143.6 ; V* 0.15, H* 6.93
G1 X133.500 Y114.660 Z4.042 E0.34830 F143.6 ; V* 0.15, H* 6.93
G1 X133.500 Y113.660 Z4.042 E0.34830 F143.6 ; V* 0.15, H* 6.93
G1 X133.500 Y112.660 Z4.042 E0.34830 F143.6 ; V* 0.15, H* 6.93
G1 X133.500 Y111.660 Z4.042 E0.34830 F143.6 ; V* 0.15, H* 6.93
G1 X133.500 Y110.660 Z4.042 E0.34830 F143.6 ; V* 0.15, H* 6.93
G1 X133.500 Y109.660 Z4.042 E0.34830 F143.6 ; V* 0.15, H* 6.93
G1 X133.500 Y108.660 Z4.042 E0.34830 F143.6 ; V* 0.15, H* 6.93
G1 X133.500 Y107.660 Z4.042 E0.34830 F143.6 ; V* 0.15, H* 6.93
G1 X133.500 Y106.660 Z4.042 E0.34830 F143.6 ; V* 0.15, H* 6.93
G1 X133.500 Y105.660 Z4.042 E0.34830 F143.6 ; V* 0.15, H* 6.93
G1 X133.500 Y104.660 Z4.042 E0.34830 F143.6 ; V* 0.15, H* 6.93
G1 X133.500 Y103.660 Z4.042 E0.34830 F143.6 ; V* 0.15, H* 6.93
G1 X133.500 Y102.660 Z4.042 E0.34830 F143.6 ; V* 0.15, H* 6.93
G1 X133.500 Y101.660 Z4.042 E0.34830 F143.6 ; V* 0.15, H* 6.93
G1 X133.500 Y100.660 Z4.042 E0.34830 F143.6 ; V* 0.15, H* 6.93
G1 X133.500 Y99.660 Z4.042 E0.34830 F143.6 ; V* 0.15, H* 6.93
G1 X133.500 Y98.660 Z4.042 E0.34830 F143.6 ; V* 0.15, H* 6.93
G0 X133.500 Y97.660 Z7.194 F3000.0 ; Parameter change travel move: V* 0.15->0.40, H* 6.93-> 14.81
G1 X133.500 Y96.660 Z7.194 E0.13061 F382.8 ; V* 0.40, H* 14.81
G1 X133.500 Y95.660 Z7.194 E0.13061 F382.8 ; V* 0.40, H* 14.81
G1 X133.500 Y94.660 Z7.194 E0.13061 F382.8 ; V* 0.40, H* 14.81
G1 X133.500 Y93.660 Z7.194 E0.13061 F382.8 ; V* 0.40, H* 14.81
G1 X133.500 Y92.660 Z7.194 E0.13061 F382.8 ; V* 0.40, H* 14.81
G1 X133.500 Y91.660 Z7.194 E0.13061 F382.8 ; V* 0.40, H* 14.81
G1 X133.500 Y90.660 Z7.194 E0.13061 F382.8 ; V* 0.40, H* 14.81
G1 X133.500 Y89.660 Z7.194 E0.13061 F382.8 ; V* 0.40, H* 14.81
G1 X133.500 Y88.660 Z7.194 E0.13061 F382.8 ; V* 0.40, H* 14.81
G1 X133.500 Y87.660 Z7.194 E0.13061 F382.8 ; V* 0.40, H* 14.81
G1 X133.500 Y86.660 Z7.194 E0.13061 F382.8 ; V* 0.40, H* 14.81
G1 X133.500 Y85.660 Z7.194 E0.13061 F382.8 ; V* 0.40, H* 14.81
G1 X133.500 Y84.660 Z7.194 E0.13061 F382.8 ; V* 0.40, H* 14.81
G1 X133.500 Y83.660 Z7.194 E0.13061 F382.8 ; V* 0.40, H* 14.81
G1 X133.500 Y82.660 Z7.194 E0.13061 F382.8 ; V* 0.40, H* 14.81
G0 X133.500 Y81.660 Z4.042 F3000.0 ; Parameter change travel move: V* 0.40->0.15, H* 14.81-> 6.93
G1 X133.500 Y80.660 Z4.042 E0.34830 F143.6 ; V* 0.15, H* 6.93
G1 X133.500 Y79.660 Z4.042 E0.34830 F143.6 ; V* 0.15, H* 6.93
G1 X133.500 Y78.660 Z4.042 E0.34830 F143.6 ; V* 0.15, H* 6.93
G1 X133.500 Y77.660 Z4.042 E0.34830 F143.6 ; V* 0.15, H* 6.93
G1 X133.500 Y76.660 Z4.042 E0.34830 F143.6 ; V* 0.15, H* 6.93
G1 X133.500 Y75.660 Z4.042 E0.34830 F143.6 ; V* 0.15, H* 6.93
G1 X133.500 Y74.660 Z4.042 E0.34830 F143.6 ; V* 0.15, H* 6.93
G1 X133.500 Y73.660 Z4.042 E0.34830 F143.6 ; V* 0.15, H* 6.93
G0 X133.500 Y72.660 Z7.194 F3000.0 ; Parameter change travel move: V* 0.15->0.40, H* 6.93-> 14.81
G1 X133.500 Y72.340 Z7.194 E0.04168 F382.8 ; V* 0.40, H* 14.81
G1 X132.500 Y72.340 Z7.194 E0.13061 F382.8 ; V* 0.40, H* 14.81
G1 X132.300 Y72.340 Z7.194 E0.02612 F382.8 ; V* 0.40, H* 14.81
G0 X132.300 Y73.340 Z4.042 F3000.0 ; Parameter change travel move: V* 0.40->0.15, H* 14.81-> 6.93
G1 X132.300 Y74.340 Z4.042 E0.34830 F143.6 ; V* 0.15, H* 6.93
G1 X132.300 Y75.340 Z4.042 E0.34830 F143.6 ; V* 0.15, H* 6.93
G1 X132.300 Y76.340 Z4.042 E0.34830 F143.6 ; V* 0.15, H* 6.93
G1 X132.300 Y77.340 Z4.042 E0.34830 F143.6 ; V* 0.15, H* 6.93
G1 X132.300 Y78.340 Z4.042 E0.34830 F143.6 ; V* 0.15, H* 6.93
G1 X132.300 Y79.340 Z4.042 E0.34830 F143.6 ; V* 0.15, H* 6.93
G1 X132.300 Y80.340 Z4.042 E0.34830 F143.6 ; V* 0.15, H* 6.93
G1 X132.300 Y81.340 Z4.042 E0.34830 F143.6 ; V* 0.15, H* 6.93
G0 X132.300 Y82.340 Z7.194 F3000.0 ; Parameter change travel move: V* 0.15->0.40, H* 6.93-> 14.81
G1 X132.300 Y83.340 Z7.194 E0.13061 F382.8 ; V* 0.40, H* 14.81
G1 X132.300 Y84.340 Z7.194 E0.13061 F382.8 ; V* 0.40, H* 14.81
G1 X132.300 Y85.340 Z7.194 E0.13061 F382.8 ; V* 0.40, H* 14.81
G1 X132.300 Y86.340 Z7.194 E0.13061 F382.8 ; V* 0.40, H* 14.81
G1 X132.300 Y87.340 Z7.194 E0.13061 F382.8 ; V* 0.40, H* 14.81
G1 X132.300 Y88.340 Z7.194 E0.13061 F382.8 ; V* 0.40, H* 14.81
G1 X132.300 Y89.340 Z7.194 E0.13061 F382.8 ; V* 0.40, H* 14.81
G1 X132.300 Y90.340 Z7.194 E0.13061 F382.8 ; V* 0.40, H* 14.81
G1 X132.300 Y91.340 Z7.194 E0.13061 F382.8 ; V* 0.40, H* 14.81
G1 X132.300 Y92.340 Z7.194 E0.13061 F382.8 ; V* 0.40, H* 14.81
G1 X132.300 Y93.340 Z7.194 E0.13061 F382.8 ; V* 0.40, H* 14.81
G1 X132.300 Y94.340 Z7.194 E0.13061 F382.8 ; V* 0.40, H* 14.81
G1 X132.300 Y95.340 Z7.194 E0.13061 F382.8 ; V* 0.40, H* 14.81
G1 X132.300 Y96.340 Z7.194 E0.13061 F382.8 ; V* 0.40, H* 14.81
G1 X132.300 Y97.340 Z7.194 E0.13061 F382.8 ; V* 0.40, H* 14.81
G1 X132.300 Y98.340 Z7.194 E0.13061 F382.8 ; V* 0.40, H* 14.81
G1 X132.300 Y99.340 Z7.194 E0.13061 F382.8 ; V* 0.40, H* 14.81
G0 X132.300 Y100.340 Z4.042 F3000.0 ; Parameter change travel move: V* 0.40->0.15, H* 14.81-> 6.93
G1 X132.300 Y101.340 Z4.042 E0.34830 F143.6 ; V* 0.15, H* 6.93
G1 X132.300 Y102.340 Z4.042 E0.34830 F143.6 ; V* 0.15, H* 6.93
G1 X132.300 Y103.340 Z4.042 E0.34830 F143.6 ; V* 0.15, H* 6.93
G1 X132.300 Y104.340 Z4.042 E0.34830 F143.6 ; V* 0.15, H* 6.93
G1 X132.300 Y105.340 Z4.042 E0.34830 F143.6 ; V* 0.15, H* 6.93
G1 X132.300 Y106.340 Z4.042 E0.34830 F143.6 ; V* 0.15, H* 6.93
G1 X132.300 Y107.340 Z4.042 E0.34830 F143.6 ; V* 0.15, H* 6.93
G1 X132.300 Y108.340 Z4.042 E0.34830 F143.6 ; V* 0.15, H* 6.93
G1 X132.300 Y109.340 Z4.042 E0.34830 F143.6 ; V* 0.15, H* 6.93
G1 X132.300 Y110.340 Z4.042 E0.34830 F143.6 ; V* 0.15, H* 6.93
G1 X132.300 Y111.340 Z4.042 E0.34830 F143.6 ; V* 0.15, H* 6.93
G1 X132.300 Y112.340 Z4.042 E0.34830 F143.6 ; V* 0.15, H* 6.93
G1 X132.300 Y113.340 Z4.042 E0.34830 F143.6 ; V* 0.15, H* 6.93
G1 X132.300 Y114.340 Z4.042 E0.34830 F143.6 ; V* 0.15, H* 6.93
G1 X132.300 Y115.340 Z4.042 E0.34830 F143.6 ; V* 0.15, H* 6.93
G1 X132.300 Y116.340 Z4.042 E0.34830 F143.6 ; V* 0.15, H* 6.93
G1 X132.300 Y117.340 Z4.042 E0.34830 F143.6 ; V* 0.15, H* 6.93
G1 X132.300 Y118.340 Z4.042 E0.34830 F143.6 ; V* 0.15, H* 6.93
G1 X132.300 Y119.340 Z4.042 E0.34830 F143.6 ; V* 0.15, H* 6.93
G1 X132.300 Y120.340 Z4.042 E0.34830 F143.6 ; V* 0.15, H* 6.93
G1 X132.300 Y121.340 Z4.042 E0.34830 F143.6 ; V* 0.15, H* 6.93
G1 X132.300 Y122.340 Z4.042 E0.34830 F143.6 ; V* 0.15, H* 6.93
G1 X132.300 Y123.340 Z4.042 E0.34830 F143.6 ; V* 0.15, H* 6.93
G1 X132.300 Y124.340 Z4.042 E0.34830 F143.6 ; V* 0.15, H* 6.93
G1 X132.300 Y125.340 Z4.042 E0.34830 F143.6 ; V* 0.15, H* 6.93
G1 X132.300 Y126.340 Z4.042 E0.34830 F143.6 ; V* 0.15, H* 6.93
G1 X132.300 Y127.340 Z4.042 E0.34830 F143.6 ; V* 0.15, H* 6.93
G1 X132.300 Y128.340 Z4.042 E0.34830 F143.6 ; V* 0.15, H* 6.93
G1 X132.300 Y129.340 Z4.042 E0.34830 F143.6 ; V* 0.15, H* 6.93
G1 X132.300 Y130.340 Z4.042 E0.34830 F143.6 ; V* 0.15, H* 6.93
G1 X132.300 Y131.340 Z4.042 E0.34830 F143.6 ; V* 0.15, H* 6.93
G1 X132.300 Y132.340 Z4.042 E0.34830 F143.6 ; V* 0.15, H* 6.93
G1 X132.300 Y133.340 Z4.042 E0.34830 F143.6 ; V* 0.15, H* 6.93
G1 X132.300 Y134.340 Z4.042 E0.34830 F143.6 ; V* 0.15, H* 6.93
G1 X132.300 Y135.340 Z4.042 E0.34830 F143.6 ; V* 0.15, H* 6.93
G0 X132.300 Y136.340 Z7.194 F3000.0 ; Parameter change travel move: V* 0.15->0.40, H* 6.93-> 14.81
G1 X132.300 Y137.340 Z7.194 E0.13061 F382.8 ; V* 0.40, H* 14.81
G1 X132.300 Y137.660 Z7.194 E0.04168 F382.8 ; V* 0.40, H* 14.81
G1 X131.300 Y137.660 Z7.194 E0.13061 F382.8 ; V* 0.40, H* 14.81
G1 X131.100 Y137.660 Z7.194 E0.02612 F382.8 ; V* 0.40, H* 14.81
G0 X131.100 Y136.660 Z4.042 F3000.0 ; Parameter change travel move: V* 0.40->0.15, H* 14.81-> 6.93
G1 X131.100 Y135.660 Z4.042 E0.34830 F143.6 ; V* 0.15, H* 6.93
G1 X131.100 Y134.660 Z4.042 E0.34830 F143.6 ; V* 0.15, H* 6.93
G1 X131.100 Y133.660 Z4.042 E0.34830 F143.6 ; V* 0.15, H* 6.93
G1 X131.100 Y132.660 Z4.042 E0.34830 F143.6 ; V* 0.15, H* 6.93
G1 X131.100 Y131.660 Z4.042 E0.34830 F143.6 ; V* 0.15, H* 6.93
G1 X131.100 Y130.660 Z4.042 E0.34830 F143.6 ; V* 0.15, H* 6.93
G1 X131.100 Y129.660 Z4.042 E0.34830 F143.6 ; V* 0.15, H* 6.93
G1 X131.100 Y128.660 Z4.042 E0.34830 F143.6 ; V* 0.15, H* 6.93
G1 X131.100 Y127.660 Z4.042 E0.34830 F143.6 ; V* 0.15, H* 6.93
G1 X131.100 Y126.660 Z4.042 E0.34830 F143.6 ; V* 0.15, H* 6.93
G1 X131.100 Y125.660 Z4.042 E0.34830 F143.6 ; V* 0.15, H* 6.93
G1 X131.100 Y124.660 Z4.042 E0.34830 F143.6 ; V* 0.15, H* 6.93
G1 X131.100 Y123.660 Z4.042 E0.34830 F143.6 ; V* 0.15, H* 6.93
G1 X131.100 Y122.660 Z4.042 E0.34830 F143.6 ; V* 0.15, H* 6.93
G1 X131.100 Y121.660 Z4.042 E0.34830 F143.6 ; V* 0.15, H* 6.93
G1 X131.100 Y120.660 Z4.042 E0.34830 F143.6 ; V* 0.15, H* 6.93
G0 X131.100 Y119.660 Z7.194 F3000.0 ; Parameter change travel move: V* 0.15->0.40, H* 6.93-> 14.81
G1 X131.100 Y118.660 Z7.194 E0.13061 F382.8 ; V* 0.40, H* 14.81
G0 X131.100 Y117.660 Z4.042 F3000.0 ; Parameter change travel move: V* 0.40->0.15, H* 14.81-> 6.93
G1 X131.100 Y116.660 Z4.042 E0.34830 F143.6 ; V* 0.15, H* 6.93
G1 X131.100 Y115.660 Z4.042 E0.34830 F143.6 ; V* 0.15, H* 6.93
G1 X131.100 Y114.660 Z4.042 E0.34830 F143.6 ; V* 0.15, H* 6.93
G1 X131.100 Y113.660 Z4.042 E0.34830 F143.6 ; V* 0.15, H* 6.93
G1 X131.100 Y112.660 Z4.042 E0.34830 F143.6 ; V* 0.15, H* 6.93
G1 X131.100 Y111.660 Z4.042 E0.34830 F143.6 ; V* 0.15, H* 6.93
G1 X131.100 Y110.660 Z4.042 E0.34830 F143.6 ; V* 0.15, H* 6.93
G1 X131.100 Y109.660 Z4.042 E0.34830 F143.6 ; V* 0.15, H* 6.93
G1 X131.100 Y108.660 Z4.042 E0.34830 F143.6 ; V* 0.15, H* 6.93
G1 X131.100 Y107.660 Z4.042 E0.34830 F143.6 ; V* 0.15, H* 6.93
G1 X131.100 Y106.660 Z4.042 E0.34830 F143.6 ; V* 0.15, H* 6.93
G1 X131.100 Y105.660 Z4.042 E0.34830 F143.6 ; V* 0.15, H* 6.93
G1 X131.100 Y104.660 Z4.042 E0.34830 F143.6 ; V* 0.15, H* 6.93
G1 X131.100 Y103.660 Z4.042 E0.34830 F143.6 ; V* 0.15, H* 6.93
G1 X131.100 Y102.660 Z4.042 E0.34830 F143.6 ; V* 0.15, H* 6.93
G1 X131.100 Y101.660 Z4.042 E0.34830 F143.6 ; V* 0.15, H* 6.93
G1 X131.100 Y100.660 Z4.042 E0.34830 F143.6 ; V* 0.15, H* 6.93
G0 X131.100 Y99.660 Z7.194 F3000.0 ; Parameter change travel move: V* 0.15->0.40, H* 6.93-> 14.81
G1 X131.100 Y98.660 Z7.194 E0.13061 F382.8 ; V* 0.40, H* 14.81
G1 X131.100 Y97.660 Z7.194 E0.13061 F382.8 ; V* 0.40, H* 14.81
G1 X131.100 Y96.660 Z7.194 E0.13061 F382.8 ; V* 0.40, H* 14.81
G1 X131.100 Y95.660 Z7.194 E0.13061 F382.8 ; V* 0.40, H* 14.81
G1 X131.100 Y94.660 Z7.194 E0.13061 F382.8 ; V* 0.40, H* 14.81
G1 X131.100 Y93.660 Z7.194 E0.13061 F382.8 ; V* 0.40, H* 14.81
G1 X131.100 Y92.660 Z7.194 E0.13061 F382.8 ; V* 0.40, H* 14.81
G1 X131.100 Y91.660 Z7.194 E0.13061 F382.8 ; V* 0.40, H* 14.81
G1 X131.100 Y90.660 Z7.194 E0.13061 F382.8 ; V* 0.40, H* 14.81
G1 X131.100 Y89.660 Z7.194 E0.13061 F382.8 ; V* 0.40, H* 14.81
G1 X131.100 Y88.660 Z7.194 E0.13061 F382.8 ; V* 0.40, H* 14.81
G1 X131.100 Y87.660 Z7.194 E0.13061 F382.8 ; V* 0.40, H* 14.81
G1 X131.100 Y86.660 Z7.194 E0.13061 F382.8 ; V* 0.40, H* 14.81
G1 X131.100 Y85.660 Z7.194 E0.13061 F382.8 ; V* 0.40, H* 14.81
G1 X131.100 Y84.660 Z7.194 E0.13061 F382.8 ; V* 0.40, H* 14.81
G1 X131.100 Y83.660 Z7.194 E0.13061 F382.8 ; V* 0.40, H* 14.81
G1 X131.100 Y82.660 Z7.194 E0.13061 F382.8 ; V* 0.40, H* 14.81
G1 X131.100 Y81.660 Z7.194 E0.13061 F382.8 ; V* 0.40, H* 14.81
G1 X131.100 Y80.660 Z7.194 E0.13061 F382.8 ; V* 0.40, H* 14.81
G0 X131.100 Y79.660 Z4.042 F3000.0 ; Parameter change travel move: V* 0.40->0.15, H* 14.81-> 6.93
G1 X131.100 Y78.660 Z4.042 E0.34830 F143.6 ; V* 0.15, H* 6.93
G1 X131.100 Y77.660 Z4.042 E0.34830 F143.6 ; V* 0.15, H* 6.93
G1 X131.100 Y76.660 Z4.042 E0.34830 F143.6 ; V* 0.15, H* 6.93
G1 X131.100 Y75.660 Z4.042 E0.34830 F143.6 ; V* 0.15, H* 6.93
G1 X131.100 Y74.660 Z4.042 E0.34830 F143.6 ; V* 0.15, H* 6.93
G1 X131.100 Y73.660 Z4.042 E0.34830 F143.6 ; V* 0.15, H* 6.93
G1 X131.100 Y72.660 Z4.042 E0.34830 F143.6 ; V* 0.15, H* 6.93
G0 X131.100 Y72.340 Z7.194 F3000.0 ; Parameter change travel move: V* 0.15->0.40, H* 6.93-> 14.81
G0 X130.100 Y72.340 Z4.042 F3000.0 ; Parameter change travel move: V* 0.40->0.15, H* 14.81-> 6.93
G1 X129.900 Y72.340 Z4.042 E0.06966 F143.6 ; V* 0.15, H* 6.93
G1 X129.900 Y73.340 Z4.042 E0.34830 F143.6 ; V* 0.15, H* 6.93
G1 X129.900 Y74.340 Z4.042 E0.34830 F143.6 ; V* 0.15, H* 6.93
G1 X129.900 Y75.340 Z4.042 E0.34830 F143.6 ; V* 0.15, H* 6.93
G1 X129.900 Y76.340 Z4.042 E0.34830 F143.6 ; V* 0.15, H* 6.93
G1 X129.900 Y77.340 Z4.042 E0.34830 F143.6 ; V* 0.15, H* 6.93
G1 X129.900 Y78.340 Z4.042 E0.34830 F143.6 ; V* 0.15, H* 6.93
G1 X129.900 Y79.340 Z4.042 E0.34830 F143.6 ; V* 0.15, H* 6.93
G0 X129.900 Y80.340 Z7.194 F3000.0 ; Parameter change travel move: V* 0.15->0.40, H* 6.93-> 14.81
G1 X129.900 Y81.340 Z7.194 E0.13061 F382.8 ; V* 0.40, H* 14.81
G1 X129.900 Y82.340 Z7.194 E0.13061 F382.8 ; V* 0.40, H* 14.81
G1 X129.900 Y83.340 Z7.194 E0.13061 F382.8 ; V* 0.40, H* 14.81
G1 X129.900 Y84.340 Z7.194 E0.13061 F382.8 ; V* 0.40, H* 14.81
G1 X129.900 Y85.340 Z7.194 E0.13061 F382.8 ; V* 0.40, H* 14.81
G1 X129.900 Y86.340 Z7.194 E0.13061 F382.8 ; V* 0.40, H* 14.81
G1 X129.900 Y87.340 Z7.194 E0.13061 F382.8 ; V* 0.40, H* 14.81
G1 X129.900 Y88.340 Z7.194 E0.13061 F382.8 ; V* 0.40, H* 14.81
G1 X129.900 Y89.340 Z7.194 E0.13061 F382.8 ; V* 0.40, H* 14.81
G1 X129.900 Y90.340 Z7.194 E0.13061 F382.8 ; V* 0.40, H* 14.81
G1 X129.900 Y91.340 Z7.194 E0.13061 F382.8 ; V* 0.40, H* 14.81
G1 X129.900 Y92.340 Z7.194 E0.13061 F382.8 ; V* 0.40, H* 14.81
G1 X129.900 Y93.340 Z7.194 E0.13061 F382.8 ; V* 0.40, H* 14.81
G1 X129.900 Y94.340 Z7.194 E0.13061 F382.8 ; V* 0.40, H* 14.81
G1 X129.900 Y95.340 Z7.194 E0.13061 F382.8 ; V* 0.40, H* 14.81
G1 X129.900 Y96.340 Z7.194 E0.13061 F382.8 ; V* 0.40, H* 14.81
G1 X129.900 Y97.340 Z7.194 E0.13061 F382.8 ; V* 0.40, H* 14.81
G1 X129.900 Y98.340 Z7.194 E0.13061 F382.8 ; V* 0.40, H* 14.81
G1 X129.900 Y99.340 Z7.194 E0.13061 F382.8 ; V* 0.40, H* 14.81
G1 X129.900 Y100.340 Z7.194 E0.13061 F382.8 ; V* 0.40, H* 14.81
G0 X129.900 Y101.340 Z4.042 F3000.0 ; Parameter change travel move: V* 0.40->0.15, H* 14.81-> 6.93
G1 X129.900 Y102.340 Z4.042 E0.34830 F143.6 ; V* 0.15, H* 6.93
G1 X129.900 Y103.340 Z4.042 E0.34830 F143.6 ; V* 0.15, H* 6.93
G1 X129.900 Y104.340 Z4.042 E0.34830 F143.6 ; V* 0.15, H* 6.93
G1 X129.900 Y105.340 Z4.042 E0.34830 F143.6 ; V* 0.15, H* 6.93
G1 X129.900 Y106.340 Z4.042 E0.34830 F143.6 ; V* 0.15, H* 6.93
G1 X129.900 Y107.340 Z4.042 E0.34830 F143.6 ; V* 0.15, H* 6.93
G1 X129.900 Y108.340 Z4.042 E0.34830 F143.6 ; V* 0.15, H* 6.93
G1 X129.900 Y109.340 Z4.042 E0.34830 F143.6 ; V* 0.15, H* 6.93
G1 X129.900 Y110.340 Z4.042 E0.34830 F143.6 ; V* 0.15, H* 6.93
G1 X129.900 Y111.340 Z4.042 E0.34830 F143.6 ; V* 0.15, H* 6.93
G1 X129.900 Y112.340 Z4.042 E0.34830 F143.6 ; V* 0.15, H* 6.93
G1 X129.900 Y113.340 Z4.042 E0.34830 F143.6 ; V* 0.15, H* 6.93
G1 X129.900 Y114.340 Z4.042 E0.34830 F143.6 ; V* 0.15, H* 6.93
G0 X129.900 Y115.340 Z7.194 F3000.0 ; Parameter change travel move: V* 0.15->0.40, H* 6.93-> 14.81
G1 X129.900 Y116.340 Z7.194 E0.13061 F382.8 ; V* 0.40, H* 14.81
G1 X129.900 Y117.340 Z7.194 E0.13061 F382.8 ; V* 0.40, H* 14.81
G1 X129.900 Y118.340 Z7.194 E0.13061 F382.8 ; V* 0.40, H* 14.81
G1 X129.900 Y119.340 Z7.194 E0.13061 F382.8 ; V* 0.40, H* 14.81
G1 X129.900 Y120.340 Z7.194 E0.13061 F382.8 ; V* 0.40, H* 14.81
G0 X129.900 Y121.340 Z4.042 F3000.0 ; Parameter change travel move: V* 0.40->0.15, H* 14.81-> 6.93
G1 X129.900 Y122.340 Z4.042 E0.34830 F143.6 ; V* 0.15, H* 6.93
G0 X129.900 Y123.340 Z7.194 F3000.0 ; Parameter change travel move: V* 0.15->0.40, H* 6.93-> 14.81
G1 X129.900 Y124.340 Z7.194 E0.13061 F382.8 ; V* 0.40, H* 14.81
G1 X129.900 Y125.340 Z7.194 E0.13061 F382.8 ; V* 0.40, H* 14.81
G1 X129.900 Y126.340 Z7.194 E0.13061 F382.8 ; V* 0.40, H* 14.81
G0 X129.900 Y127.340 Z4.042 F3000.0 ; Parameter change travel move: V* 0.40->0.15, H* 14.81-> 6.93
G1 X129.900 Y128.340 Z4.042 E0.34830 F143.6 ; V* 0.15, H* 6.93
G1 X129.900 Y129.340 Z4.042 E0.34830 F143.6 ; V* 0.15, H* 6.93
G1 X129.900 Y130.340 Z4.042 E0.34830 F143.6 ; V* 0.15, H* 6.93
G1 X129.900 Y131.340 Z4.042 E0.34830 F143.6 ; V* 0.15, H* 6.93
G1 X129.900 Y132.340 Z4.042 E0.34830 F143.6 ; V* 0.15, H* 6.93
G1 X129.900 Y133.340 Z4.042 E0.34830 F143.6 ; V* 0.15, H* 6.93
G1 X129.900 Y134.340 Z4.042 E0.34830 F143.6 ; V* 0.15, H* 6.93
G1 X129.900 Y135.340 Z4.042 E0.34830 F143.6 ; V* 0.15, H* 6.93
G1 X129.900 Y136.340 Z4.042 E0.34830 F143.6 ; V* 0.15, H* 6.93
G0 X129.900 Y137.340 Z7.194 F3000.0 ; Parameter change travel move: V* 0.15->0.40, H* 6.93-> 14.81
G1 X129.900 Y137.660 Z7.194 E0.04168 F382.8 ; V* 0.40, H* 14.81
G1 X128.900 Y137.660 Z7.194 E0.13061 F382.8 ; V* 0.40, H* 14.81
G1 X128.700 Y137.660 Z7.194 E0.02612 F382.8 ; V* 0.40, H* 14.81
G0 X128.700 Y136.660 Z4.042 F3000.0 ; Parameter change travel move: V* 0.40->0.15, H* 14.81-> 6.93
G1 X128.700 Y135.660 Z4.042 E0.34830 F143.6 ; V* 0.15, H* 6.93
G1 X128.700 Y134.660 Z4.042 E0.34830 F143.6 ; V* 0.15, H* 6.93
G1 X128.700 Y133.660 Z4.042 E0.34830 F143.6 ; V* 0.15, H* 6.93
G1 X128.700 Y132.660 Z4.042 E0.34830 F143.6 ; V* 0.15, H* 6.93
G1 X128.700 Y131.660 Z4.042 E0.34830 F143.6 ; V* 0.15, H* 6.93
G1 X128.700 Y130.660 Z4.042 E0.34830 F143.6 ; V* 0.15, H* 6.93
G1 X128.700 Y129.660 Z4.042 E0.34830 F143.6 ; V* 0.15, H* 6.93
G1 X128.700 Y128.660 Z4.042 E0.34830 F143.6 ; V* 0.15, H* 6.93
G1 X128.700 Y127.660 Z4.042 E0.34830 F143.6 ; V* 0.15, H* 6.93
G0 X128.700 Y126.660 Z7.194 F3000.0 ; Parameter change travel move: V* 0.15->0.40, H* 6.93-> 14.81
G1 X128.700 Y125.660 Z7.194 E0.13061 F382.8 ; V* 0.40, H* 14.81
G1 X128.700 Y124.660 Z7.194 E0.13061 F382.8 ; V* 0.40, H* 14.81
G1 X128.700 Y123.660 Z7.194 E0.13061 F382.8 ; V* 0.40, H* 14.81
G1 X128.700 Y122.660 Z7.194 E0.13061 F382.8 ; V* 0.40, H* 14.81
G0 X128.700 Y121.660 Z4.042 F3000.0 ; Parameter change travel move: V* 0.40->0.15, H* 14.81-> 6.93
G1 X128.700 Y120.660 Z4.042 E0.34830 F143.6 ; V* 0.15, H* 6.93
G0 X128.700 Y119.660 Z7.194 F3000.0 ; Parameter change travel move: V* 0.15->0.40, H* 6.93-> 14.81
G1 X128.700 Y118.660 Z7.194 E0.13061 F382.8 ; V* 0.40, H* 14.81
G1 X128.700 Y117.660 Z7.194 E0.13061 F382.8 ; V* 0.40, H* 14.81
G1 X128.700 Y116.660 Z7.194 E0.13061 F382.8 ; V* 0.40, H* 14.81
G1 X128.700 Y115.660 Z7.194 E0.13061 F382.8 ; V* 0.40, H* 14.81
G1 X128.700 Y114.660 Z7.194 E0.13061 F382.8 ; V* 0.40, H* 14.81
G1 X128.700 Y113.660 Z7.194 E0.13061 F382.8 ; V* 0.40, H* 14.81
G1 X128.700 Y112.660 Z7.194 E0.13061 F382.8 ; V* 0.40, H* 14.81
G1 X128.700 Y111.660 Z7.194 E0.13061 F382.8 ; V* 0.40, H* 14.81
G1 X128.700 Y110.660 Z7.194 E0.13061 F382.8 ; V* 0.40, H* 14.81
G0 X128.700 Y109.660 Z4.042 F3000.0 ; Parameter change travel move: V* 0.40->0.15, H* 14.81-> 6.93
G1 X128.700 Y108.660 Z4.042 E0.34830 F143.6 ; V* 0.15, H* 6.93
G1 X128.700 Y107.660 Z4.042 E0.34830 F143.6 ; V* 0.15, H* 6.93
G1 X128.700 Y106.660 Z4.042 E0.34830 F143.6 ; V* 0.15, H* 6.93
G1 X128.700 Y105.660 Z4.042 E0.34830 F143.6 ; V* 0.15, H* 6.93
G1 X128.700 Y104.660 Z4.042 E0.34830 F143.6 ; V* 0.15, H* 6.93
G1 X128.700 Y103.660 Z4.042 E0.34830 F143.6 ; V* 0.15, H* 6.93
G1 X128.700 Y102.660 Z4.042 E0.34830 F143.6 ; V* 0.15, H* 6.93
G1 X128.700 Y101.660 Z4.042 E0.34830 F143.6 ; V* 0.15, H* 6.93
G1 X128.700 Y100.660 Z4.042 E0.34830 F143.6 ; V* 0.15, H* 6.93
G0 X128.700 Y99.660 Z7.194 F3000.0 ; Parameter change travel move: V* 0.15->0.40, H* 6.93-> 14.81
G1 X128.700 Y98.660 Z7.194 E0.13061 F382.8 ; V* 0.40, H* 14.81
G1 X128.700 Y97.660 Z7.194 E0.13061 F382.8 ; V* 0.40, H* 14.81
G1 X128.700 Y96.660 Z7.194 E0.13061 F382.8 ; V* 0.40, H* 14.81
G1 X128.700 Y95.660 Z7.194 E0.13061 F382.8 ; V* 0.40, H* 14.81
G1 X128.700 Y94.660 Z7.194 E0.13061 F382.8 ; V* 0.40, H* 14.81
G1 X128.700 Y93.660 Z7.194 E0.13061 F382.8 ; V* 0.40, H* 14.81
G1 X128.700 Y92.660 Z7.194 E0.13061 F382.8 ; V* 0.40, H* 14.81
G1 X128.700 Y91.660 Z7.194 E0.13061 F382.8 ; V* 0.40, H* 14.81
G1 X128.700 Y90.660 Z7.194 E0.13061 F382.8 ; V* 0.40, H* 14.81
G1 X128.700 Y89.660 Z7.194 E0.13061 F382.8 ; V* 0.40, H* 14.81
G1 X128.700 Y88.660 Z7.194 E0.13061 F382.8 ; V* 0.40, H* 14.81
G1 X128.700 Y87.660 Z7.194 E0.13061 F382.8 ; V* 0.40, H* 14.81
G1 X128.700 Y86.660 Z7.194 E0.13061 F382.8 ; V* 0.40, H* 14.81
G1 X128.700 Y85.660 Z7.194 E0.13061 F382.8 ; V* 0.40, H* 14.81
G1 X128.700 Y84.660 Z7.194 E0.13061 F382.8 ; V* 0.40, H* 14.81
G1 X128.700 Y83.660 Z7.194 E0.13061 F382.8 ; V* 0.40, H* 14.81
G1 X128.700 Y82.660 Z7.194 E0.13061 F382.8 ; V* 0.40, H* 14.81
G1 X128.700 Y81.660 Z7.194 E0.13061 F382.8 ; V* 0.40, H* 14.81
G1 X128.700 Y80.660 Z7.194 E0.13061 F382.8 ; V* 0.40, H* 14.81
G0 X128.700 Y79.660 Z4.042 F3000.0 ; Parameter change travel move: V* 0.40->0.15, H* 14.81-> 6.93
G1 X128.700 Y78.660 Z4.042 E0.34830 F143.6 ; V* 0.15, H* 6.93
G1 X128.700 Y77.660 Z4.042 E0.34830 F143.6 ; V* 0.15, H* 6.93
G1 X128.700 Y76.660 Z4.042 E0.34830 F143.6 ; V* 0.15, H* 6.93
G1 X128.700 Y75.660 Z4.042 E0.34830 F143.6 ; V* 0.15, H* 6.93
G1 X128.700 Y74.660 Z4.042 E0.34830 F143.6 ; V* 0.15, H* 6.93
G1 X128.700 Y73.660 Z4.042 E0.34830 F143.6 ; V* 0.15, H* 6.93
G1 X128.700 Y72.660 Z4.042 E0.34830 F143.6 ; V* 0.15, H* 6.93
G1 X128.700 Y72.340 Z4.042 E0.11116 F143.6 ; V* 0.15, H* 6.93
G1 X127.700 Y72.340 Z4.042 E0.34830 F143.6 ; V* 0.15, H* 6.93
G1 X127.500 Y72.340 Z4.042 E0.06966 F143.6 ; V* 0.15, H* 6.93
G1 X127.500 Y73.340 Z4.042 E0.34830 F143.6 ; V* 0.15, H* 6.93
G1 X127.500 Y74.340 Z4.042 E0.34830 F143.6 ; V* 0.15, H* 6.93
G1 X127.500 Y75.340 Z4.042 E0.34830 F143.6 ; V* 0.15, H* 6.93
G1 X127.500 Y76.340 Z4.042 E0.34830 F143.6 ; V* 0.15, H* 6.93
G1 X127.500 Y77.340 Z4.042 E0.34830 F143.6 ; V* 0.15, H* 6.93
G1 X127.500 Y78.340 Z4.042 E0.34830 F143.6 ; V* 0.15, H* 6.93
G1 X127.500 Y79.340 Z4.042 E0.34830 F143.6 ; V* 0.15, H* 6.93
G0 X127.500 Y80.340 Z7.194 F3000.0 ; Parameter change travel move: V* 0.15->0.40, H* 6.93-> 14.81
G1 X127.500 Y81.340 Z7.194 E0.13061 F382.8 ; V* 0.40, H* 14.81
G1 X127.500 Y82.340 Z7.194 E0.13061 F382.8 ; V* 0.40, H* 14.81
G1 X127.500 Y83.340 Z7.194 E0.13061 F382.8 ; V* 0.40, H* 14.81
G1 X127.500 Y84.340 Z7.194 E0.13061 F382.8 ; V* 0.40, H* 14.81
G1 X127.500 Y85.340 Z7.194 E0.13061 F382.8 ; V* 0.40, H* 14.81
G1 X127.500 Y86.340 Z7.194 E0.13061 F382.8 ; V* 0.40, H* 14.81
G1 X127.500 Y87.340 Z7.194 E0.13061 F382.8 ; V* 0.40, H* 14.81
G1 X127.500 Y88.340 Z7.194 E0.13061 F382.8 ; V* 0.40, H* 14.81
G1 X127.500 Y89.340 Z7.194 E0.13061 F382.8 ; V* 0.40, H* 14.81
G1 X127.500 Y90.340 Z7.194 E0.13061 F382.8 ; V* 0.40, H* 14.81
G1 X127.500 Y91.340 Z7.194 E0.13061 F382.8 ; V* 0.40, H* 14.81
G1 X127.500 Y92.340 Z7.194 E0.13061 F382.8 ; V* 0.40, H* 14.81
G1 X127.500 Y93.340 Z7.194 E0.13061 F382.8 ; V* 0.40, H* 14.81
G1 X127.500 Y94.340 Z7.194 E0.13061 F382.8 ; V* 0.40, H* 14.81
G1 X127.500 Y95.340 Z7.194 E0.13061 F382.8 ; V* 0.40, H* 14.81
G1 X127.500 Y96.340 Z7.194 E0.13061 F382.8 ; V* 0.40, H* 14.81
G1 X127.500 Y97.340 Z7.194 E0.13061 F382.8 ; V* 0.40, H* 14.81
G1 X127.500 Y98.340 Z7.194 E0.13061 F382.8 ; V* 0.40, H* 14.81
G1 X127.500 Y99.340 Z7.194 E0.13061 F382.8 ; V* 0.40, H* 14.81
G0 X127.500 Y100.340 Z4.042 F3000.0 ; Parameter change travel move: V* 0.40->0.15, H* 14.81-> 6.93
G1 X127.500 Y101.340 Z4.042 E0.34830 F143.6 ; V* 0.15, H* 6.93
G1 X127.500 Y102.340 Z4.042 E0.34830 F143.6 ; V* 0.15, H* 6.93
G1 X127.500 Y103.340 Z4.042 E0.34830 F143.6 ; V* 0.15, H* 6.93
G1 X127.500 Y104.340 Z4.042 E0.34830 F143.6 ; V* 0.15, H* 6.93
G1 X127.500 Y105.340 Z4.042 E0.34830 F143.6 ; V* 0.15, H* 6.93
G1 X127.500 Y106.340 Z4.042 E0.34830 F143.6 ; V* 0.15, H* 6.93
G1 X127.500 Y107.340 Z4.042 E0.34830 F143.6 ; V* 0.15, H* 6.93
G0 X127.500 Y108.340 Z7.194 F3000.0 ; Parameter change travel move: V* 0.15->0.40, H* 6.93-> 14.81
G1 X127.500 Y109.340 Z7.194 E0.13061 F382.8 ; V* 0.40, H* 14.81
G1 X127.500 Y110.340 Z7.194 E0.13061 F382.8 ; V* 0.40, H* 14.81
G1 X127.500 Y111.340 Z7.194 E0.13061 F382.8 ; V* 0.40, H* 14.81
G1 X127.500 Y112.340 Z7.194 E0.13061 F382.8 ; V* 0.40, H* 14.81
G1 X127.500 Y113.340 Z7.194 E0.13061 F382.8 ; V* 0.40, H* 14.81
G1 X127.500 Y114.340 Z7.194 E0.13061 F382.8 ; V* 0.40, H* 14.81
G1 X127.500 Y115.340 Z7.194 E0.13061 F382.8 ; V* 0.40, H* 14.81
G1 X127.500 Y116.340 Z7.194 E0.13061 F382.8 ; V* 0.40, H* 14.81
G1 X127.500 Y117.340 Z7.194 E0.13061 F382.8 ; V* 0.40, H* 14.81
G1 X127.500 Y118.340 Z7.194 E0.13061 F382.8 ; V* 0.40, H* 14.81
G0 X127.500 Y119.340 Z4.042 F3000.0 ; Parameter change travel move: V* 0.40->0.15, H* 14.81-> 6.93
G1 X127.500 Y120.340 Z4.042 E0.34830 F143.6 ; V* 0.15, H* 6.93
G1 X127.500 Y121.340 Z4.042 E0.34830 F143.6 ; V* 0.15, H* 6.93
G1 X127.500 Y122.340 Z4.042 E0.34830 F143.6 ; V* 0.15, H* 6.93
G0 X127.500 Y123.340 Z7.194 F3000.0 ; Parameter change travel move: V* 0.15->0.40, H* 6.93-> 14.81
G1 X127.500 Y124.340 Z7.194 E0.13061 F382.8 ; V* 0.40, H* 14.81
G1 X127.500 Y125.340 Z7.194 E0.13061 F382.8 ; V* 0.40, H* 14.81
G1 X127.500 Y126.340 Z7.194 E0.13061 F382.8 ; V* 0.40, H* 14.81
G1 X127.500 Y127.340 Z7.194 E0.13061 F382.8 ; V* 0.40, H* 14.81
G1 X127.500 Y128.340 Z7.194 E0.13061 F382.8 ; V* 0.40, H* 14.81
G1 X127.500 Y129.340 Z7.194 E0.13061 F382.8 ; V* 0.40, H* 14.81
G0 X127.500 Y130.340 Z4.042 F3000.0 ; Parameter change travel move: V* 0.40->0.15, H* 14.81-> 6.93
G1 X127.500 Y131.340 Z4.042 E0.34830 F143.6 ; V* 0.15, H* 6.93
G1 X127.500 Y132.340 Z4.042 E0.34830 F143.6 ; V* 0.15, H* 6.93
G1 X127.500 Y133.340 Z4.042 E0.34830 F143.6 ; V* 0.15, H* 6.93
G1 X127.500 Y134.340 Z4.042 E0.34830 F143.6 ; V* 0.15, H* 6.93
G1 X127.500 Y135.340 Z4.042 E0.34830 F143.6 ; V* 0.15, H* 6.93
G1 X127.500 Y136.340 Z4.042 E0.34830 F143.6 ; V* 0.15, H* 6.93
G1 X127.500 Y137.340 Z4.042 E0.34830 F143.6 ; V* 0.15, H* 6.93
G1 X127.500 Y137.660 Z4.042 E0.11116 F143.6 ; V* 0.15, H* 6.93
G1 X126.500 Y137.660 Z4.042 E0.34830 F143.6 ; V* 0.15, H* 6.93
G1 X126.300 Y137.660 Z4.042 E0.06966 F143.6 ; V* 0.15, H* 6.93
G1 X126.300 Y136.660 Z4.042 E0.34830 F143.6 ; V* 0.15, H* 6.93
G1 X126.300 Y135.660 Z4.042 E0.34830 F143.6 ; V* 0.15, H* 6.93
G1 X126.300 Y134.660 Z4.042 E0.34830 F143.6 ; V* 0.15, H* 6.93
G1 X126.300 Y133.660 Z4.042 E0.34830 F143.6 ; V* 0.15, H* 6.93
G1 X126.300 Y132.660 Z4.042 E0.34830 F143.6 ; V* 0.15, H* 6.93
G1 X126.300 Y131.660 Z4.042 E0.34830 F143.6 ; V* 0.15, H* 6.93
G0 X126.300 Y130.660 Z7.194 F3000.0 ; Parameter change travel move: V* 0.15->0.40, H* 6.93-> 14.81
G1 X126.300 Y129.660 Z7.194 E0.13061 F382.8 ; V* 0.40, H* 14.81
G1 X126.300 Y128.660 Z7.194 E0.13061 F382.8 ; V* 0.40, H* 14.81
G1 X126.300 Y127.660 Z7.194 E0.13061 F382.8 ; V* 0.40, H* 14.81
G1 X126.300 Y126.660 Z7.194 E0.13061 F382.8 ; V* 0.40, H* 14.81
G1 X126.300 Y125.660 Z7.194 E0.13061 F382.8 ; V* 0.40, H* 14.81
G1 X126.300 Y124.660 Z7.194 E0.13061 F382.8 ; V* 0.40, H* 14.81
G1 X126.300 Y123.660 Z7.194 E0.13061 F382.8 ; V* 0.40, H* 14.81
G1 X126.300 Y122.660 Z7.194 E0.13061 F382.8 ; V* 0.40, H* 14.81
G0 X126.300 Y121.660 Z4.042 F3000.0 ; Parameter change travel move: V* 0.40->0.15, H* 14.81-> 6.93
G1 X126.300 Y120.660 Z4.042 E0.34830 F143.6 ; V* 0.15, H* 6.93
G1 X126.300 Y119.660 Z4.042 E0.34830 F143.6 ; V* 0.15, H* 6.93
G1 X126.300 Y118.660 Z4.042 E0.34830 F143.6 ; V* 0.15, H* 6.93
G0 X126.300 Y117.660 Z7.194 F3000.0 ; Parameter change travel move: V* 0.15->0.40, H* 6.93-> 14.81
G1 X126.300 Y116.660 Z7.194 E0.13061 F382.8 ; V* 0.40, H* 14.81
G1 X126.300 Y115.660 Z7.194 E0.13061 F382.8 ; V* 0.40, H* 14.81
G1 X126.300 Y114.660 Z7.194 E0.13061 F382.8 ; V* 0.40, H* 14.81
G1 X126.300 Y113.660 Z7.194 E0.13061 F382.8 ; V* 0.40, H* 14.81
G1 X126.300 Y112.660 Z7.194 E0.13061 F382.8 ; V* 0.40, H* 14.81
G1 X126.300 Y111.660 Z7.194 E0.13061 F382.8 ; V* 0.40, H* 14.81
G1 X126.300 Y110.660 Z7.194 E0.13061 F382.8 ; V* 0.40, H* 14.81
G1 X126.300 Y109.660 Z7.194 E0.13061 F382.8 ; V* 0.40, H* 14.81
G1 X126.300 Y108.660 Z7.194 E0.13061 F382.8 ; V* 0.40, H* 14.81
G1 X126.300 Y107.660 Z7.194 E0.13061 F382.8 ; V* 0.40, H* 14.81
G0 X126.300 Y106.660 Z4.042 F3000.0 ; Parameter change travel move: V* 0.40->0.15, H* 14.81-> 6.93
G1 X126.300 Y105.660 Z4.042 E0.34830 F143.6 ; V* 0.15, H* 6.93
G1 X126.300 Y104.660 Z4.042 E0.34830 F143.6 ; V* 0.15, H* 6.93
G1 X126.300 Y103.660 Z4.042 E0.34830 F143.6 ; V* 0.15, H* 6.93
G1 X126.300 Y102.660 Z4.042 E0.34830 F143.6 ; V* 0.15, H* 6.93
G1 X126.300 Y101.660 Z4.042 E0.34830 F143.6 ; V* 0.15, H* 6.93
G1 X126.300 Y100.660 Z4.042 E0.34830 F143.6 ; V* 0.15, H* 6.93
G0 X126.300 Y99.660 Z7.194 F3000.0 ; Parameter change travel move: V* 0.15->0.40, H* 6.93-> 14.81
G1 X126.300 Y98.660 Z7.194 E0.13061 F382.8 ; V* 0.40, H* 14.81
G1 X126.300 Y97.660 Z7.194 E0.13061 F382.8 ; V* 0.40, H* 14.81
G1 X126.300 Y96.660 Z7.194 E0.13061 F382.8 ; V* 0.40, H* 14.81
G1 X126.300 Y95.660 Z7.194 E0.13061 F382.8 ; V* 0.40, H* 14.81
G1 X126.300 Y94.660 Z7.194 E0.13061 F382.8 ; V* 0.40, H* 14.81
G1 X126.300 Y93.660 Z7.194 E0.13061 F382.8 ; V* 0.40, H* 14.81
G1 X126.300 Y92.660 Z7.194 E0.13061 F382.8 ; V* 0.40, H* 14.81
G1 X126.300 Y91.660 Z7.194 E0.13061 F382.8 ; V* 0.40, H* 14.81
G1 X126.300 Y90.660 Z7.194 E0.13061 F382.8 ; V* 0.40, H* 14.81
G1 X126.300 Y89.660 Z7.194 E0.13061 F382.8 ; V* 0.40, H* 14.81
G1 X126.300 Y88.660 Z7.194 E0.13061 F382.8 ; V* 0.40, H* 14.81
G1 X126.300 Y87.660 Z7.194 E0.13061 F382.8 ; V* 0.40, H* 14.81
G1 X126.300 Y86.660 Z7.194 E0.13061 F382.8 ; V* 0.40, H* 14.81
G1 X126.300 Y85.660 Z7.194 E0.13061 F382.8 ; V* 0.40, H* 14.81
G1 X126.300 Y84.660 Z7.194 E0.13061 F382.8 ; V* 0.40, H* 14.81
G1 X126.300 Y83.660 Z7.194 E0.13061 F382.8 ; V* 0.40, H* 14.81
G1 X126.300 Y82.660 Z7.194 E0.13061 F382.8 ; V* 0.40, H* 14.81
G1 X126.300 Y81.660 Z7.194 E0.13061 F382.8 ; V* 0.40, H* 14.81
G1 X126.300 Y80.660 Z7.194 E0.13061 F382.8 ; V* 0.40, H* 14.81
G0 X126.300 Y79.660 Z4.042 F3000.0 ; Parameter change travel move: V* 0.40->0.15, H* 14.81-> 6.93
G1 X126.300 Y78.660 Z4.042 E0.34830 F143.6 ; V* 0.15, H* 6.93
G1 X126.300 Y77.660 Z4.042 E0.34830 F143.6 ; V* 0.15, H* 6.93
G1 X126.300 Y76.660 Z4.042 E0.34830 F143.6 ; V* 0.15, H* 6.93
G1 X126.300 Y75.660 Z4.042 E0.34830 F143.6 ; V* 0.15, H* 6.93
G1 X126.300 Y74.660 Z4.042 E0.34830 F143.6 ; V* 0.15, H* 6.93
G1 X126.300 Y73.660 Z4.042 E0.34830 F143.6 ; V* 0.15, H* 6.93
G1 X126.300 Y72.660 Z4.042 E0.34830 F143.6 ; V* 0.15, H* 6.93
G1 X126.300 Y72.340 Z4.042 E0.11116 F143.6 ; V* 0.15, H* 6.93
G1 X125.300 Y72.340 Z4.042 E0.34830 F143.6 ; V* 0.15, H* 6.93
G1 X125.100 Y72.340 Z4.042 E0.06966 F143.6 ; V* 0.15, H* 6.93
G1 X125.100 Y73.340 Z4.042 E0.34830 F143.6 ; V* 0.15, H* 6.93
G1 X125.100 Y74.340 Z4.042 E0.34830 F143.6 ; V* 0.15, H* 6.93
G1 X125.100 Y75.340 Z4.042 E0.34830 F143.6 ; V* 0.15, H* 6.93
G1 X125.100 Y76.340 Z4.042 E0.34830 F143.6 ; V* 0.15, H* 6.93
G1 X125.100 Y77.340 Z4.042 E0.34830 F143.6 ; V* 0.15, H* 6.93
G1 X125.100 Y78.340 Z4.042 E0.34830 F143.6 ; V* 0.15, H* 6.93
G1 X125.100 Y79.340 Z4.042 E0.34830 F143.6 ; V* 0.15, H* 6.93
G0 X125.100 Y80.340 Z7.194 F3000.0 ; Parameter change travel move: V* 0.15->0.40, H* 6.93-> 14.81
G1 X125.100 Y81.340 Z7.194 E0.13061 F382.8 ; V* 0.40, H* 14.81
G1 X125.100 Y82.340 Z7.194 E0.13061 F382.8 ; V* 0.40, H* 14.81
G1 X125.100 Y83.340 Z7.194 E0.13061 F382.8 ; V* 0.40, H* 14.81
G1 X125.100 Y84.340 Z7.194 E0.13061 F382.8 ; V* 0.40, H* 14.81
G1 X125.100 Y85.340 Z7.194 E0.13061 F382.8 ; V* 0.40, H* 14.81
G1 X125.100 Y86.340 Z7.194 E0.13061 F382.8 ; V* 0.40, H* 14.81
G1 X125.100 Y87.340 Z7.194 E0.13061 F382.8 ; V* 0.40, H* 14.81
G1 X125.100 Y88.340 Z7.194 E0.13061 F382.8 ; V* 0.40, H* 14.81
G1 X125.100 Y89.340 Z7.194 E0.13061 F382.8 ; V* 0.40, H* 14.81
G1 X125.100 Y90.340 Z7.194 E0.13061 F382.8 ; V* 0.40, H* 14.81
G1 X125.100 Y91.340 Z7.194 E0.13061 F382.8 ; V* 0.40, H* 14.81
G1 X125.100 Y92.340 Z7.194 E0.13061 F382.8 ; V* 0.40, H* 14.81
G1 X125.100 Y93.340 Z7.194 E0.13061 F382.8 ; V* 0.40, H* 14.81
G1 X125.100 Y94.340 Z7.194 E0.13061 F382.8 ; V* 0.40, H* 14.81
G1 X125.100 Y95.340 Z7.194 E0.13061 F382.8 ; V* 0.40, H* 14.81
G1 X125.100 Y96.340 Z7.194 E0.13061 F382.8 ; V* 0.40, H* 14.81
G1 X125.100 Y97.340 Z7.194 E0.13061 F382.8 ; V* 0.40, H* 14.81
G1 X125.100 Y98.340 Z7.194 E0.13061 F382.8 ; V* 0.40, H* 14.81
G1 X125.100 Y99.340 Z7.194 E0.13061 F382.8 ; V* 0.40, H* 14.81
G0 X125.100 Y100.340 Z4.042 F3000.0 ; Parameter change travel move: V* 0.40->0.15, H* 14.81-> 6.93
G1 X125.100 Y101.340 Z4.042 E0.34830 F143.6 ; V* 0.15, H* 6.93
G1 X125.100 Y102.340 Z4.042 E0.34830 F143.6 ; V* 0.15, H* 6.93
G1 X125.100 Y103.340 Z4.042 E0.34830 F143.6 ; V* 0.15, H* 6.93
G1 X125.100 Y104.340 Z4.042 E0.34830 F143.6 ; V* 0.15, H* 6.93
G1 X125.100 Y105.340 Z4.042 E0.34830 F143.6 ; V* 0.15, H* 6.93
G0 X125.100 Y106.340 Z7.194 F3000.0 ; Parameter change travel move: V* 0.15->0.40, H* 6.93-> 14.81
G1 X125.100 Y107.340 Z7.194 E0.13061 F382.8 ; V* 0.40, H* 14.81
G1 X125.100 Y108.340 Z7.194 E0.13061 F382.8 ; V* 0.40, H* 14.81
G1 X125.100 Y109.340 Z7.194 E0.13061 F382.8 ; V* 0.40, H* 14.81
G1 X125.100 Y110.340 Z7.194 E0.13061 F382.8 ; V* 0.40, H* 14.81
G1 X125.100 Y111.340 Z7.194 E0.13061 F382.8 ; V* 0.40, H* 14.81
G1 X125.100 Y112.340 Z7.194 E0.13061 F382.8 ; V* 0.40, H* 14.81
G1 X125.100 Y113.340 Z7.194 E0.13061 F382.8 ; V* 0.40, H* 14.81
G1 X125.100 Y114.340 Z7.194 E0.13061 F382.8 ; V* 0.40, H* 14.81
G1 X125.100 Y115.340 Z7.194 E0.13061 F382.8 ; V* 0.40, H* 14.81
G1 X125.100 Y116.340 Z7.194 E0.13061 F382.8 ; V* 0.40, H* 14.81
G1 X125.100 Y117.340 Z7.194 E0.13061 F382.8 ; V* 0.40, H* 14.81
G1 X125.100 Y118.340 Z7.194 E0.13061 F382.8 ; V* 0.40, H* 14.81
G1 X125.100 Y119.340 Z7.194 E0.13061 F382.8 ; V* 0.40, H* 14.81
G0 X125.100 Y120.340 Z4.042 F3000.0 ; Parameter change travel move: V* 0.40->0.15, H* 14.81-> 6.93
G0 X125.100 Y121.340 Z7.194 F3000.0 ; Parameter change travel move: V* 0.15->0.40, H* 6.93-> 14.81
G0 X125.100 Y122.340 Z4.042 F3000.0 ; Parameter change travel move: V* 0.40->0.15, H* 14.81-> 6.93
G0 X125.100 Y123.340 Z7.194 F3000.0 ; Parameter change travel move: V* 0.15->0.40, H* 6.93-> 14.81
G1 X125.100 Y124.340 Z7.194 E0.13061 F382.8 ; V* 0.40, H* 14.81
G1 X125.100 Y125.340 Z7.194 E0.13061 F382.8 ; V* 0.40, H* 14.81
G1 X125.100 Y126.340 Z7.194 E0.13061 F382.8 ; V* 0.40, H* 14.81
G1 X125.100 Y127.340 Z7.194 E0.13061 F382.8 ; V* 0.40, H* 14.81
G1 X125.100 Y128.340 Z7.194 E0.13061 F382.8 ; V* 0.40, H* 14.81
G1 X125.100 Y129.340 Z7.194 E0.13061 F382.8 ; V* 0.40, H* 14.81
G1 X125.100 Y130.340 Z7.194 E0.13061 F382.8 ; V* 0.40, H* 14.81
G1 X125.100 Y131.340 Z7.194 E0.13061 F382.8 ; V* 0.40, H* 14.81
G0 X125.100 Y132.340 Z4.042 F3000.0 ; Parameter change travel move: V* 0.40->0.15, H* 14.81-> 6.93
G1 X125.100 Y133.340 Z4.042 E0.34830 F143.6 ; V* 0.15, H* 6.93
G1 X125.100 Y134.340 Z4.042 E0.34830 F143.6 ; V* 0.15, H* 6.93
G1 X125.100 Y135.340 Z4.042 E0.34830 F143.6 ; V* 0.15, H* 6.93
G1 X125.100 Y136.340 Z4.042 E0.34830 F143.6 ; V* 0.15, H* 6.93
G1 X125.100 Y137.340 Z4.042 E0.34830 F143.6 ; V* 0.15, H* 6.93
G1 X125.100 Y137.660 Z4.042 E0.11116 F143.6 ; V* 0.15, H* 6.93
G1 X124.100 Y137.660 Z4.042 E0.34830 F143.6 ; V* 0.15, H* 6.93
G1 X123.900 Y137.660 Z4.042 E0.06966 F143.6 ; V* 0.15, H* 6.93
G1 X123.900 Y136.660 Z4.042 E0.34830 F143.6 ; V* 0.15, H* 6.93
G1 X123.900 Y135.660 Z4.042 E0.34830 F143.6 ; V* 0.15, H* 6.93
G1 X123.900 Y134.660 Z4.042 E0.34830 F143.6 ; V* 0.15, H* 6.93
G1 X123.900 Y133.660 Z4.042 E0.34830 F143.6 ; V* 0.15, H* 6.93
G1 X123.900 Y132.660 Z4.042 E0.34830 F143.6 ; V* 0.15, H* 6.93
G0 X123.900 Y131.660 Z7.194 F3000.0 ; Parameter change travel move: V* 0.15->0.40, H* 6.93-> 14.81
G1 X123.900 Y130.660 Z7.194 E0.13061 F382.8 ; V* 0.40, H* 14.81
G1 X123.900 Y129.660 Z7.194 E0.13061 F382.8 ; V* 0.40, H* 14.81
G1 X123.900 Y128.660 Z7.194 E0.13061 F382.8 ; V* 0.40, H* 14.81
G1 X123.900 Y127.660 Z7.194 E0.13061 F382.8 ; V* 0.40, H* 14.81
G1 X123.900 Y126.660 Z7.194 E0.13061 F382.8 ; V* 0.40, H* 14.81
G1 X123.900 Y125.660 Z7.194 E0.13061 F382.8 ; V* 0.40, H* 14.81
G1 X123.900 Y124.660 Z7.194 E0.13061 F382.8 ; V* 0.40, H* 14.81
G1 X123.900 Y123.660 Z7.194 E0.13061 F382.8 ; V* 0.40, H* 14.81
G0 X123.900 Y122.660 Z4.042 F3000.0 ; Parameter change travel move: V* 0.40->0.15, H* 14.81-> 6.93
G1 X123.900 Y121.660 Z4.042 E0.34830 F143.6 ; V* 0.15, H* 6.93
G1 X123.900 Y120.660 Z4.042 E0.34830 F143.6 ; V* 0.15, H* 6.93
G0 X123.900 Y119.660 Z7.194 F3000.0 ; Parameter change travel move: V* 0.15->0.40, H* 6.93-> 14.81
G1 X123.900 Y118.660 Z7.194 E0.13061 F382.8 ; V* 0.40, H* 14.81
G1 X123.900 Y117.660 Z7.194 E0.13061 F382.8 ; V* 0.40, H* 14.81
G1 X123.900 Y116.660 Z7.194 E0.13061 F382.8 ; V* 0.40, H* 14.81
G1 X123.900 Y115.660 Z7.194 E0.13061 F382.8 ; V* 0.40, H* 14.81
G1 X123.900 Y114.660 Z7.194 E0.13061 F382.8 ; V* 0.40, H* 14.81
G1 X123.900 Y113.660 Z7.194 E0.13061 F382.8 ; V* 0.40, H* 14.81
G1 X123.900 Y112.660 Z7.194 E0.13061 F382.8 ; V* 0.40, H* 14.81
G1 X123.900 Y111.660 Z7.194 E0.13061 F382.8 ; V* 0.40, H* 14.81
G1 X123.900 Y110.660 Z7.194 E0.13061 F382.8 ; V* 0.40, H* 14.81
G1 X123.900 Y109.660 Z7.194 E0.13061 F382.8 ; V* 0.40, H* 14.81
G1 X123.900 Y108.660 Z7.194 E0.13061 F382.8 ; V* 0.40, H* 14.81
G1 X123.900 Y107.660 Z7.194 E0.13061 F382.8 ; V* 0.40, H* 14.81
G1 X123.900 Y106.660 Z7.194 E0.13061 F382.8 ; V* 0.40, H* 14.81
G1 X123.900 Y105.660 Z7.194 E0.13061 F382.8 ; V* 0.40, H* 14.81
G0 X123.900 Y104.660 Z4.042 F3000.0 ; Parameter change travel move: V* 0.40->0.15, H* 14.81-> 6.93
G1 X123.900 Y103.660 Z4.042 E0.34830 F143.6 ; V* 0.15, H* 6.93
G1 X123.900 Y102.660 Z4.042 E0.34830 F143.6 ; V* 0.15, H* 6.93
G1 X123.900 Y101.660 Z4.042 E0.34830 F143.6 ; V* 0.15, H* 6.93
G1 X123.900 Y100.660 Z4.042 E0.34830 F143.6 ; V* 0.15, H* 6.93
G0 X123.900 Y99.660 Z7.194 F3000.0 ; Parameter change travel move: V* 0.15->0.40, H* 6.93-> 14.81
G1 X123.900 Y98.660 Z7.194 E0.13061 F382.8 ; V* 0.40, H* 14.81
G1 X123.900 Y97.660 Z7.194 E0.13061 F382.8 ; V* 0.40, H* 14.81
G1 X123.900 Y96.660 Z7.194 E0.13061 F382.8 ; V* 0.40, H* 14.81
G1 X123.900 Y95.660 Z7.194 E0.13061 F382.8 ; V* 0.40, H* 14.81
G1 X123.900 Y94.660 Z7.194 E0.13061 F382.8 ; V* 0.40, H* 14.81
G1 X123.900 Y93.660 Z7.194 E0.13061 F382.8 ; V* 0.40, H* 14.81
G1 X123.900 Y92.660 Z7.194 E0.13061 F382.8 ; V* 0.40, H* 14.81
G1 X123.900 Y91.660 Z7.194 E0.13061 F382.8 ; V* 0.40, H* 14.81
G1 X123.900 Y90.660 Z7.194 E0.13061 F382.8 ; V* 0.40, H* 14.81
G1 X123.900 Y89.660 Z7.194 E0.13061 F382.8 ; V* 0.40, H* 14.81
G1 X123.900 Y88.660 Z7.194 E0.13061 F382.8 ; V* 0.40, H* 14.81
G1 X123.900 Y87.660 Z7.194 E0.13061 F382.8 ; V* 0.40, H* 14.81
G1 X123.900 Y86.660 Z7.194 E0.13061 F382.8 ; V* 0.40, H* 14.81
G1 X123.900 Y85.660 Z7.194 E0.13061 F382.8 ; V* 0.40, H* 14.81
G1 X123.900 Y84.660 Z7.194 E0.13061 F382.8 ; V* 0.40, H* 14.81
G1 X123.900 Y83.660 Z7.194 E0.13061 F382.8 ; V* 0.40, H* 14.81
G1 X123.900 Y82.660 Z7.194 E0.13061 F382.8 ; V* 0.40, H* 14.81
G1 X123.900 Y81.660 Z7.194 E0.13061 F382.8 ; V* 0.40, H* 14.81
G1 X123.900 Y80.660 Z7.194 E0.13061 F382.8 ; V* 0.40, H* 14.81
G0 X123.900 Y79.660 Z4.042 F3000.0 ; Parameter change travel move: V* 0.40->0.15, H* 14.81-> 6.93
G1 X123.900 Y78.660 Z4.042 E0.34830 F143.6 ; V* 0.15, H* 6.93
G1 X123.900 Y77.660 Z4.042 E0.34830 F143.6 ; V* 0.15, H* 6.93
G1 X123.900 Y76.660 Z4.042 E0.34830 F143.6 ; V* 0.15, H* 6.93
G1 X123.900 Y75.660 Z4.042 E0.34830 F143.6 ; V* 0.15, H* 6.93
G1 X123.900 Y74.660 Z4.042 E0.34830 F143.6 ; V* 0.15, H* 6.93
G1 X123.900 Y73.660 Z4.042 E0.34830 F143.6 ; V* 0.15, H* 6.93
G1 X123.900 Y72.660 Z4.042 E0.34830 F143.6 ; V* 0.15, H* 6.93
G1 X123.900 Y72.340 Z4.042 E0.11116 F143.6 ; V* 0.15, H* 6.93
G1 X122.900 Y72.340 Z4.042 E0.34830 F143.6 ; V* 0.15, H* 6.93
G1 X122.700 Y72.340 Z4.042 E0.06966 F143.6 ; V* 0.15, H* 6.93
G1 X122.700 Y73.340 Z4.042 E0.34830 F143.6 ; V* 0.15, H* 6.93
G1 X122.700 Y74.340 Z4.042 E0.34830 F143.6 ; V* 0.15, H* 6.93
G1 X122.700 Y75.340 Z4.042 E0.34830 F143.6 ; V* 0.15, H* 6.93
G1 X122.700 Y76.340 Z4.042 E0.34830 F143.6 ; V* 0.15, H* 6.93
G1 X122.700 Y77.340 Z4.042 E0.34830 F143.6 ; V* 0.15, H* 6.93
G1 X122.700 Y78.340 Z4.042 E0.34830 F143.6 ; V* 0.15, H* 6.93
G1 X122.700 Y79.340 Z4.042 E0.34830 F143.6 ; V* 0.15, H* 6.93
G1 X122.700 Y80.340 Z4.042 E0.34830 F143.6 ; V* 0.15, H* 6.93
G0 X122.700 Y81.340 Z7.194 F3000.0 ; Parameter change travel move: V* 0.15->0.40, H* 6.93-> 14.81
G1 X122.700 Y82.340 Z7.194 E0.13061 F382.8 ; V* 0.40, H* 14.81
G1 X122.700 Y83.340 Z7.194 E0.13061 F382.8 ; V* 0.40, H* 14.81
G1 X122.700 Y84.340 Z7.194 E0.13061 F382.8 ; V* 0.40, H* 14.81
G1 X122.700 Y85.340 Z7.194 E0.13061 F382.8 ; V* 0.40, H* 14.81
G1 X122.700 Y86.340 Z7.194 E0.13061 F382.8 ; V* 0.40, H* 14.81
G1 X122.700 Y87.340 Z7.194 E0.13061 F382.8 ; V* 0.40, H* 14.81
G1 X122.700 Y88.340 Z7.194 E0.13061 F382.8 ; V* 0.40, H* 14.81
G1 X122.700 Y89.340 Z7.194 E0.13061 F382.8 ; V* 0.40, H* 14.81
G1 X122.700 Y90.340 Z7.194 E0.13061 F382.8 ; V* 0.40, H* 14.81
G1 X122.700 Y91.340 Z7.194 E0.13061 F382.8 ; V* 0.40, H* 14.81
G1 X122.700 Y92.340 Z7.194 E0.13061 F382.8 ; V* 0.40, H* 14.81
G1 X122.700 Y93.340 Z7.194 E0.13061 F382.8 ; V* 0.40, H* 14.81
G1 X122.700 Y94.340 Z7.194 E0.13061 F382.8 ; V* 0.40, H* 14.81
G1 X122.700 Y95.340 Z7.194 E0.13061 F382.8 ; V* 0.40, H* 14.81
G1 X122.700 Y96.340 Z7.194 E0.13061 F382.8 ; V* 0.40, H* 14.81
G1 X122.700 Y97.340 Z7.194 E0.13061 F382.8 ; V* 0.40, H* 14.81
G1 X122.700 Y98.340 Z7.194 E0.13061 F382.8 ; V* 0.40, H* 14.81
G1 X122.700 Y99.340 Z7.194 E0.13061 F382.8 ; V* 0.40, H* 14.81
G1 X122.700 Y100.340 Z7.194 E0.13061 F382.8 ; V* 0.40, H* 14.81
G0 X122.700 Y101.340 Z4.042 F3000.0 ; Parameter change travel move: V* 0.40->0.15, H* 14.81-> 6.93
G1 X122.700 Y102.340 Z4.042 E0.34830 F143.6 ; V* 0.15, H* 6.93
G1 X122.700 Y103.340 Z4.042 E0.34830 F143.6 ; V* 0.15, H* 6.93
G1 X122.700 Y104.340 Z4.042 E0.34830 F143.6 ; V* 0.15, H* 6.93
G0 X122.700 Y105.340 Z7.194 F3000.0 ; Parameter change travel move: V* 0.15->0.40, H* 6.93-> 14.81
G1 X122.700 Y106.340 Z7.194 E0.13061 F382.8 ; V* 0.40, H* 14.81
G1 X122.700 Y107.340 Z7.194 E0.13061 F382.8 ; V* 0.40, H* 14.81
G0 X122.700 Y108.340 Z4.042 F3000.0 ; Parameter change travel move: V* 0.40->0.15, H* 14.81-> 6.93
G0 X122.700 Y109.340 Z7.194 F3000.0 ; Parameter change travel move: V* 0.15->0.40, H* 6.93-> 14.81
G0 X122.700 Y110.340 Z4.042 F3000.0 ; Parameter change travel move: V* 0.40->0.15, H* 14.81-> 6.93
G0 X122.700 Y111.340 Z7.194 F3000.0 ; Parameter change travel move: V* 0.15->0.40, H* 6.93-> 14.81
G0 X122.700 Y112.340 Z4.042 F3000.0 ; Parameter change travel move: V* 0.40->0.15, H* 14.81-> 6.93
G0 X122.700 Y113.340 Z7.194 F3000.0 ; Parameter change travel move: V* 0.15->0.40, H* 6.93-> 14.81
G1 X122.700 Y114.340 Z7.194 E0.13061 F382.8 ; V* 0.40, H* 14.81
G1 X122.700 Y115.340 Z7.194 E0.13061 F382.8 ; V* 0.40, H* 14.81
G1 X122.700 Y116.340 Z7.194 E0.13061 F382.8 ; V* 0.40, H* 14.81
G1 X122.700 Y117.340 Z7.194 E0.13061 F382.8 ; V* 0.40, H* 14.81
G1 X122.700 Y118.340 Z7.194 E0.13061 F382.8 ; V* 0.40, H* 14.81
G0 X122.700 Y119.340 Z4.042 F3000.0 ; Parameter change travel move: V* 0.40->0.15, H* 14.81-> 6.93
G1 X122.700 Y120.340 Z4.042 E0.34830 F143.6 ; V* 0.15, H* 6.93
G1 X122.700 Y121.340 Z4.042 E0.34830 F143.6 ; V* 0.15, H* 6.93
G1 X122.700 Y122.340 Z4.042 E0.34830 F143.6 ; V* 0.15, H* 6.93
G0 X122.700 Y123.340 Z7.194 F3000.0 ; Parameter change travel move: V* 0.15->0.40, H* 6.93-> 14.81
G1 X122.700 Y124.340 Z7.194 E0.13061 F382.8 ; V* 0.40, H* 14.81
G1 X122.700 Y125.340 Z7.194 E0.13061 F382.8 ; V* 0.40, H* 14.81
G1 X122.700 Y126.340 Z7.194 E0.13061 F382.8 ; V* 0.40, H* 14.81
G1 X122.700 Y127.340 Z7.194 E0.13061 F382.8 ; V* 0.40, H* 14.81
G1 X122.700 Y128.340 Z7.194 E0.13061 F382.8 ; V* 0.40, H* 14.81
G1 X122.700 Y129.340 Z7.194 E0.13061 F382.8 ; V* 0.40, H* 14.81
G1 X122.700 Y130.340 Z7.194 E0.13061 F382.8 ; V* 0.40, H* 14.81
G1 X122.700 Y131.340 Z7.194 E0.13061 F382.8 ; V* 0.40, H* 14.81
G1 X122.700 Y132.340 Z7.194 E0.13061 F382.8 ; V* 0.40, H* 14.81
G0 X122.700 Y133.340 Z4.042 F3000.0 ; Parameter change travel move: V* 0.40->0.15, H* 14.81-> 6.93
G1 X122.700 Y134.340 Z4.042 E0.34830 F143.6 ; V* 0.15, H* 6.93
G1 X122.700 Y135.340 Z4.042 E0.34830 F143.6 ; V* 0.15, H* 6.93
G1 X122.700 Y136.340 Z4.042 E0.34830 F143.6 ; V* 0.15, H* 6.93
G1 X122.700 Y137.340 Z4.042 E0.34830 F143.6 ; V* 0.15, H* 6.93
G1 X122.700 Y137.660 Z4.042 E0.11116 F143.6 ; V* 0.15, H* 6.93
G0 X121.700 Y137.660 Z7.194 F3000.0 ; Parameter change travel move: V* 0.15->0.40, H* 6.93-> 14.81
G1 X121.500 Y137.660 Z7.194 E0.02612 F382.8 ; V* 0.40, H* 14.81
G0 X121.500 Y136.660 Z4.042 F3000.0 ; Parameter change travel move: V* 0.40->0.15, H* 14.81-> 6.93
G1 X121.500 Y135.660 Z4.042 E0.34830 F143.6 ; V* 0.15, H* 6.93
G1 X121.500 Y134.660 Z4.042 E0.34830 F143.6 ; V* 0.15, H* 6.93
G1 X121.500 Y133.660 Z4.042 E0.34830 F143.6 ; V* 0.15, H* 6.93
G0 X121.500 Y132.660 Z7.194 F3000.0 ; Parameter change travel move: V* 0.15->0.40, H* 6.93-> 14.81
G1 X121.500 Y131.660 Z7.194 E0.13061 F382.8 ; V* 0.40, H* 14.81
G1 X121.500 Y130.660 Z7.194 E0.13061 F382.8 ; V* 0.40, H* 14.81
G1 X121.500 Y129.660 Z7.194 E0.13061 F382.8 ; V* 0.40, H* 14.81
G1 X121.500 Y128.660 Z7.194 E0.13061 F382.8 ; V* 0.40, H* 14.81
G1 X121.500 Y127.660 Z7.194 E0.13061 F382.8 ; V* 0.40, H* 14.81
G1 X121.500 Y126.660 Z7.194 E0.13061 F382.8 ; V* 0.40, H* 14.81
G1 X121.500 Y125.660 Z7.194 E0.13061 F382.8 ; V* 0.40, H* 14.81
G1 X121.500 Y124.660 Z7.194 E0.13061 F382.8 ; V* 0.40, H* 14.81
G1 X121.500 Y123.660 Z7.194 E0.13061 F382.8 ; V* 0.40, H* 14.81
G1 X121.500 Y122.660 Z7.194 E0.13061 F382.8 ; V* 0.40, H* 14.81
G0 X121.500 Y121.660 Z4.042 F3000.0 ; Parameter change travel move: V* 0.40->0.15, H* 14.81-> 6.93
G1 X121.500 Y120.660 Z4.042 E0.34830 F143.6 ; V* 0.15, H* 6.93
G1 X121.500 Y119.660 Z4.042 E0.34830 F143.6 ; V* 0.15, H* 6.93
G1 X121.500 Y118.660 Z4.042 E0.34830 F143.6 ; V* 0.15, H* 6.93
G0 X121.500 Y117.660 Z7.194 F3000.0 ; Parameter change travel move: V* 0.15->0.40, H* 6.93-> 14.81
G1 X121.500 Y116.660 Z7.194 E0.13061 F382.8 ; V* 0.40, H* 14.81
G1 X121.500 Y115.660 Z7.194 E0.13061 F382.8 ; V* 0.40, H* 14.81
G1 X121.500 Y114.660 Z7.194 E0.13061 F382.8 ; V* 0.40, H* 14.81
G0 X121.500 Y113.660 Z4.042 F3000.0 ; Parameter change travel move: V* 0.40->0.15, H* 14.81-> 6.93
G1 X121.500 Y112.660 Z4.042 E0.34830 F143.6 ; V* 0.15, H* 6.93
G1 X121.500 Y111.660 Z4.042 E0.34830 F143.6 ; V* 0.15, H* 6.93
G0 X121.500 Y110.660 Z7.194 F3000.0 ; Parameter change travel move: V* 0.15->0.40, H* 6.93-> 14.81
G0 X121.500 Y109.660 Z4.042 F3000.0 ; Parameter change travel move: V* 0.40->0.15, H* 14.81-> 6.93
G1 X121.500 Y108.660 Z4.042 E0.34830 F143.6 ; V* 0.15, H* 6.93
G0 X121.500 Y107.660 Z7.194 F3000.0 ; Parameter change travel move: V* 0.15->0.40, H* 6.93-> 14.81
G1 X121.500 Y106.660 Z7.194 E0.13061 F382.8 ; V* 0.40, H* 14.81
G1 X121.500 Y105.660 Z7.194 E0.13061 F382.8 ; V* 0.40, H* 14.81
G0 X121.500 Y104.660 Z4.042 F3000.0 ; Parameter change travel move: V* 0.40->0.15, H* 14.81-> 6.93
G1 X121.500 Y103.660 Z4.042 E0.34830 F143.6 ; V* 0.15, H* 6.93
G1 X121.500 Y102.660 Z4.042 E0.34830 F143.6 ; V* 0.15, H* 6.93
G1 X121.500 Y101.660 Z4.042 E0.34830 F143.6 ; V* 0.15, H* 6.93
G0 X121.500 Y100.660 Z7.194 F3000.0 ; Parameter change travel move: V* 0.15->0.40, H* 6.93-> 14.81
G1 X121.500 Y99.660 Z7.194 E0.13061 F382.8 ; V* 0.40, H* 14.81
G1 X121.500 Y98.660 Z7.194 E0.13061 F382.8 ; V* 0.40, H* 14.81
G1 X121.500 Y97.660 Z7.194 E0.13061 F382.8 ; V* 0.40, H* 14.81
G1 X121.500 Y96.660 Z7.194 E0.13061 F382.8 ; V* 0.40, H* 14.81
G1 X121.500 Y95.660 Z7.194 E0.13061 F382.8 ; V* 0.40, H* 14.81
G1 X121.500 Y94.660 Z7.194 E0.13061 F382.8 ; V* 0.40, H* 14.81
G1 X121.500 Y93.660 Z7.194 E0.13061 F382.8 ; V* 0.40, H* 14.81
G1 X121.500 Y92.660 Z7.194 E0.13061 F382.8 ; V* 0.40, H* 14.81
G1 X121.500 Y91.660 Z7.194 E0.13061 F382.8 ; V* 0.40, H* 14.81
G1 X121.500 Y90.660 Z7.194 E0.13061 F382.8 ; V* 0.40, H* 14.81
G1 X121.500 Y89.660 Z7.194 E0.13061 F382.8 ; V* 0.40, H* 14.81
G1 X121.500 Y88.660 Z7.194 E0.13061 F382.8 ; V* 0.40, H* 14.81
G1 X121.500 Y87.660 Z7.194 E0.13061 F382.8 ; V* 0.40, H* 14.81
G1 X121.500 Y86.660 Z7.194 E0.13061 F382.8 ; V* 0.40, H* 14.81
G1 X121.500 Y85.660 Z7.194 E0.13061 F382.8 ; V* 0.40, H* 14.81
G1 X121.500 Y84.660 Z7.194 E0.13061 F382.8 ; V* 0.40, H* 14.81
G1 X121.500 Y83.660 Z7.194 E0.13061 F382.8 ; V* 0.40, H* 14.81
G1 X121.500 Y82.660 Z7.194 E0.13061 F382.8 ; V* 0.40, H* 14.81
G1 X121.500 Y81.660 Z7.194 E0.13061 F382.8 ; V* 0.40, H* 14.81
G0 X121.500 Y80.660 Z4.042 F3000.0 ; Parameter change travel move: V* 0.40->0.15, H* 14.81-> 6.93
G1 X121.500 Y79.660 Z4.042 E0.34830 F143.6 ; V* 0.15, H* 6.93
G1 X121.500 Y78.660 Z4.042 E0.34830 F143.6 ; V* 0.15, H* 6.93
G1 X121.500 Y77.660 Z4.042 E0.34830 F143.6 ; V* 0.15, H* 6.93
G1 X121.500 Y76.660 Z4.042 E0.34830 F143.6 ; V* 0.15, H* 6.93
G1 X121.500 Y75.660 Z4.042 E0.34830 F143.6 ; V* 0.15, H* 6.93
G1 X121.500 Y74.660 Z4.042 E0.34830 F143.6 ; V* 0.15, H* 6.93
G1 X121.500 Y73.660 Z4.042 E0.34830 F143.6 ; V* 0.15, H* 6.93
G1 X121.500 Y72.660 Z4.042 E0.34830 F143.6 ; V* 0.15, H* 6.93
G1 X121.500 Y72.340 Z4.042 E0.11116 F143.6 ; V* 0.15, H* 6.93
G1 X120.500 Y72.340 Z4.042 E0.34830 F143.6 ; V* 0.15, H* 6.93
G1 X120.300 Y72.340 Z4.042 E0.06966 F143.6 ; V* 0.15, H* 6.93
G1 X120.300 Y73.340 Z4.042 E0.34830 F143.6 ; V* 0.15, H* 6.93
G1 X120.300 Y74.340 Z4.042 E0.34830 F143.6 ; V* 0.15, H* 6.93
G1 X120.300 Y75.340 Z4.042 E0.34830 F143.6 ; V* 0.15, H* 6.93
G1 X120.300 Y76.340 Z4.042 E0.34830 F143.6 ; V* 0.15, H* 6.93
G1 X120.300 Y77.340 Z4.042 E0.34830 F143.6 ; V* 0.15, H* 6.93
G1 X120.300 Y78.340 Z4.042 E0.34830 F143.6 ; V* 0.15, H* 6.93
G1 X120.300 Y79.340 Z4.042 E0.34830 F143.6 ; V* 0.15, H* 6.93
G1 X120.300 Y80.340 Z4.042 E0.34830 F143.6 ; V* 0.15, H* 6.93
G0 X120.300 Y81.340 Z7.194 F3000.0 ; Parameter change travel move: V* 0.15->0.40, H* 6.93-> 14.81
G1 X120.300 Y82.340 Z7.194 E0.13061 F382.8 ; V* 0.40, H* 14.81
G1 X120.300 Y83.340 Z7.194 E0.13061 F382.8 ; V* 0.40, H* 14.81
G1 X120.300 Y84.340 Z7.194 E0.13061 F382.8 ; V* 0.40, H* 14.81
G1 X120.300 Y85.340 Z7.194 E0.13061 F382.8 ; V* 0.40, H* 14.81
G1 X120.300 Y86.340 Z7.194 E0.13061 F382.8 ; V* 0.40, H* 14.81
G1 X120.300 Y87.340 Z7.194 E0.13061 F382.8 ; V* 0.40, H* 14.81
G1 X120.300 Y88.340 Z7.194 E0.13061 F382.8 ; V* 0.40, H* 14.81
G1 X120.300 Y89.340 Z7.194 E0.13061 F382.8 ; V* 0.40, H* 14.81
G1 X120.300 Y90.340 Z7.194 E0.13061 F382.8 ; V* 0.40, H* 14.81
G1 X120.300 Y91.340 Z7.194 E0.13061 F382.8 ; V* 0.40, H* 14.81
G1 X120.300 Y92.340 Z7.194 E0.13061 F382.8 ; V* 0.40, H* 14.81
G1 X120.300 Y93.340 Z7.194 E0.13061 F382.8 ; V* 0.40, H* 14.81
G1 X120.300 Y94.340 Z7.194 E0.13061 F382.8 ; V* 0.40, H* 14.81
G1 X120.300 Y95.340 Z7.194 E0.13061 F382.8 ; V* 0.40, H* 14.81
G1 X120.300 Y96.340 Z7.194 E0.13061 F382.8 ; V* 0.40, H* 14.81
G0 X120.300 Y97.340 Z4.042 F3000.0 ; Parameter change travel move: V* 0.40->0.15, H* 14.81-> 6.93
G1 X120.300 Y98.340 Z4.042 E0.34830 F143.6 ; V* 0.15, H* 6.93
G1 X120.300 Y99.340 Z4.042 E0.34830 F143.6 ; V* 0.15, H* 6.93
G1 X120.300 Y100.340 Z4.042 E0.34830 F143.6 ; V* 0.15, H* 6.93
G1 X120.300 Y101.340 Z4.042 E0.34830 F143.6 ; V* 0.15, H* 6.93
G1 X120.300 Y102.340 Z4.042 E0.34830 F143.6 ; V* 0.15, H* 6.93
G1 X120.300 Y103.340 Z4.042 E0.34830 F143.6 ; V* 0.15, H* 6.93
G1 X120.300 Y104.340 Z4.042 E0.34830 F143.6 ; V* 0.15, H* 6.93
G0 X120.300 Y105.340 Z7.194 F3000.0 ; Parameter change travel move: V* 0.15->0.40, H* 6.93-> 14.81
G1 X120.300 Y106.340 Z7.194 E0.13061 F382.8 ; V* 0.40, H* 14.81
G1 X120.300 Y107.340 Z7.194 E0.13061 F382.8 ; V* 0.40, H* 14.81
G0 X120.300 Y108.340 Z4.042 F3000.0 ; Parameter change travel move: V* 0.40->0.15, H* 14.81-> 6.93
G0 X120.300 Y109.340 Z7.194 F3000.0 ; Parameter change travel move: V* 0.15->0.40, H* 6.93-> 14.81
G1 X120.300 Y110.340 Z7.194 E0.13061 F382.8 ; V* 0.40, H* 14.81
G0 X120.300 Y111.340 Z4.042 F3000.0 ; Parameter change travel move: V* 0.40->0.15, H* 14.81-> 6.93
G1 X120.300 Y112.340 Z4.042 E0.34830 F143.6 ; V* 0.15, H* 6.93
G1 X120.300 Y113.340 Z4.042 E0.34830 F143.6 ; V* 0.15, H* 6.93
G0 X120.300 Y114.340 Z7.194 F3000.0 ; Parameter change travel move: V* 0.15->0.40, H* 6.93-> 14.81
G1 X120.300 Y115.340 Z7.194 E0.13061 F382.8 ; V* 0.40, H* 14.81
G1 X120.300 Y116.340 Z7.194 E0.13061 F382.8 ; V* 0.40, H* 14.81
G1 X120.300 Y117.340 Z7.194 E0.13061 F382.8 ; V* 0.40, H* 14.81
G1 X120.300 Y118.340 Z7.194 E0.13061 F382.8 ; V* 0.40, H* 14.81
G1 X120.300 Y119.340 Z7.194 E0.13061 F382.8 ; V* 0.40, H* 14.81
G1 X120.300 Y120.340 Z7.194 E0.13061 F382.8 ; V* 0.40, H* 14.81
G1 X120.300 Y121.340 Z7.194 E0.13061 F382.8 ; V* 0.40, H* 14.81
G1 X120.300 Y122.340 Z7.194 E0.13061 F382.8 ; V* 0.40, H* 14.81
G1 X120.300 Y123.340 Z7.194 E0.13061 F382.8 ; V* 0.40, H* 14.81
G1 X120.300 Y124.340 Z7.194 E0.13061 F382.8 ; V* 0.40, H* 14.81
G1 X120.300 Y125.340 Z7.194 E0.13061 F382.8 ; V* 0.40, H* 14.81
G1 X120.300 Y126.340 Z7.194 E0.13061 F382.8 ; V* 0.40, H* 14.81
G1 X120.300 Y127.340 Z7.194 E0.13061 F382.8 ; V* 0.40, H* 14.81
G1 X120.300 Y128.340 Z7.194 E0.13061 F382.8 ; V* 0.40, H* 14.81
G1 X120.300 Y129.340 Z7.194 E0.13061 F382.8 ; V* 0.40, H* 14.81
G1 X120.300 Y130.340 Z7.194 E0.13061 F382.8 ; V* 0.40, H* 14.81
G1 X120.300 Y131.340 Z7.194 E0.13061 F382.8 ; V* 0.40, H* 14.81
G1 X120.300 Y132.340 Z7.194 E0.13061 F382.8 ; V* 0.40, H* 14.81
G1 X120.300 Y133.340 Z7.194 E0.13061 F382.8 ; V* 0.40, H* 14.81
G1 X120.300 Y134.340 Z7.194 E0.13061 F382.8 ; V* 0.40, H* 14.81
G0 X120.300 Y135.340 Z4.042 F3000.0 ; Parameter change travel move: V* 0.40->0.15, H* 14.81-> 6.93
G1 X120.300 Y136.340 Z4.042 E0.34830 F143.6 ; V* 0.15, H* 6.93
G0 X120.300 Y137.340 Z7.194 F3000.0 ; Parameter change travel move: V* 0.15->0.40, H* 6.93-> 14.81
G1 X120.300 Y137.660 Z7.194 E0.04168 F382.8 ; V* 0.40, H* 14.81
G1 X119.300 Y137.660 Z7.194 E0.13061 F382.8 ; V* 0.40, H* 14.81
G1 X119.100 Y137.660 Z7.194 E0.02612 F382.8 ; V* 0.40, H* 14.81
G1 X119.100 Y136.660 Z7.194 E0.13061 F382.8 ; V* 0.40, H* 14.81
G0 X119.100 Y135.660 Z4.042 F3000.0 ; Parameter change travel move: V* 0.40->0.15, H* 14.81-> 6.93
G1 X119.100 Y134.660 Z4.042 E0.34830 F143.6 ; V* 0.15, H* 6.93
G1 X119.100 Y133.660 Z4.042 E0.34830 F143.6 ; V* 0.15, H* 6.93
G0 X119.100 Y132.660 Z7.194 F3000.0 ; Parameter change travel move: V* 0.15->0.40, H* 6.93-> 14.81
G1 X119.100 Y131.660 Z7.194 E0.13061 F382.8 ; V* 0.40, H* 14.81
G1 X119.100 Y130.660 Z7.194 E0.13061 F382.8 ; V* 0.40, H* 14.81
G1 X119.100 Y129.660 Z7.194 E0.13061 F382.8 ; V* 0.40, H* 14.81
G1 X119.100 Y128.660 Z7.194 E0.13061 F382.8 ; V* 0.40, H* 14.81
G1 X119.100 Y127.660 Z7.194 E0.13061 F382.8 ; V* 0.40, H* 14.81
G1 X119.100 Y126.660 Z7.194 E0.13061 F382.8 ; V* 0.40, H* 14.81
G1 X119.100 Y125.660 Z7.194 E0.13061 F382.8 ; V* 0.40, H* 14.81
G1 X119.100 Y124.660 Z7.194 E0.13061 F382.8 ; V* 0.40, H* 14.81
G1 X119.100 Y123.660 Z7.194 E0.13061 F382.8 ; V* 0.40, H* 14.81
G1 X119.100 Y122.660 Z7.194 E0.13061 F382.8 ; V* 0.40, H* 14.81
G1 X119.100 Y121.660 Z7.194 E0.13061 F382.8 ; V* 0.40, H* 14.81
G1 X119.100 Y120.660 Z7.194 E0.13061 F382.8 ; V* 0.40, H* 14.81
G1 X119.100 Y119.660 Z7.194 E0.13061 F382.8 ; V* 0.40, H* 14.81
G1 X119.100 Y118.660 Z7.194 E0.13061 F382.8 ; V* 0.40, H* 14.81
G1 X119.100 Y117.660 Z7.194 E0.13061 F382.8 ; V* 0.40, H* 14.81
G1 X119.100 Y116.660 Z7.194 E0.13061 F382.8 ; V* 0.40, H* 14.81
G1 X119.100 Y115.660 Z7.194 E0.13061 F382.8 ; V* 0.40, H* 14.81
G1 X119.100 Y114.660 Z7.194 E0.13061 F382.8 ; V* 0.40, H* 14.81
G1 X119.100 Y113.660 Z7.194 E0.13061 F382.8 ; V* 0.40, H* 14.81
G0 X119.100 Y112.660 Z4.042 F3000.0 ; Parameter change travel move: V* 0.40->0.15, H* 14.81-> 6.93
G1 X119.100 Y111.660 Z4.042 E0.34830 F143.6 ; V* 0.15, H* 6.93
G0 X119.100 Y110.660 Z7.194 F3000.0 ; Parameter change travel move: V* 0.15->0.40, H* 6.93-> 14.81
G0 X119.100 Y109.660 Z4.042 F3000.0 ; Parameter change travel move: V* 0.40->0.15, H* 14.81-> 6.93
G0 X119.100 Y108.660 Z7.194 F3000.0 ; Parameter change travel move: V* 0.15->0.40, H* 6.93-> 14.81
G1 X119.100 Y107.660 Z7.194 E0.13061 F382.8 ; V* 0.40, H* 14.81
G1 X119.100 Y106.660 Z7.194 E0.13061 F382.8 ; V* 0.40, H* 14.81
G1 X119.100 Y105.660 Z7.194 E0.13061 F382.8 ; V* 0.40, H* 14.81
G0 X119.100 Y104.660 Z4.042 F3000.0 ; Parameter change travel move: V* 0.40->0.15, H* 14.81-> 6.93
G1 X119.100 Y103.660 Z4.042 E0.34830 F143.6 ; V* 0.15, H* 6.93
G1 X119.100 Y102.660 Z4.042 E0.34830 F143.6 ; V* 0.15, H* 6.93
G1 X119.100 Y101.660 Z4.042 E0.34830 F143.6 ; V* 0.15, H* 6.93
G1 X119.100 Y100.660 Z4.042 E0.34830 F143.6 ; V* 0.15, H* 6.93
G1 X119.100 Y99.660 Z4.042 E0.34830 F143.6 ; V* 0.15, H* 6.93
G1 X119.100 Y98.660 Z4.042 E0.34830 F143.6 ; V* 0.15, H* 6.93
G1 X119.100 Y97.660 Z4.042 E0.34830 F143.6 ; V* 0.15, H* 6.93
G0 X119.100 Y96.660 Z7.194 F3000.0 ; Parameter change travel move: V* 0.15->0.40, H* 6.93-> 14.81
G1 X119.100 Y95.660 Z7.194 E0.13061 F382.8 ; V* 0.40, H* 14.81
G1 X119.100 Y94.660 Z7.194 E0.13061 F382.8 ; V* 0.40, H* 14.81
G1 X119.100 Y93.660 Z7.194 E0.13061 F382.8 ; V* 0.40, H* 14.81
G1 X119.100 Y92.660 Z7.194 E0.13061 F382.8 ; V* 0.40, H* 14.81
G1 X119.100 Y91.660 Z7.194 E0.13061 F382.8 ; V* 0.40, H* 14.81
G1 X119.100 Y90.660 Z7.194 E0.13061 F382.8 ; V* 0.40, H* 14.81
G1 X119.100 Y89.660 Z7.194 E0.13061 F382.8 ; V* 0.40, H* 14.81
G1 X119.100 Y88.660 Z7.194 E0.13061 F382.8 ; V* 0.40, H* 14.81
G1 X119.100 Y87.660 Z7.194 E0.13061 F382.8 ; V* 0.40, H* 14.81
G1 X119.100 Y86.660 Z7.194 E0.13061 F382.8 ; V* 0.40, H* 14.81
G1 X119.100 Y85.660 Z7.194 E0.13061 F382.8 ; V* 0.40, H* 14.81
G1 X119.100 Y84.660 Z7.194 E0.13061 F382.8 ; V* 0.40, H* 14.81
G1 X119.100 Y83.660 Z7.194 E0.13061 F382.8 ; V* 0.40, H* 14.81
G1 X119.100 Y82.660 Z7.194 E0.13061 F382.8 ; V* 0.40, H* 14.81
G1 X119.100 Y81.660 Z7.194 E0.13061 F382.8 ; V* 0.40, H* 14.81
G0 X119.100 Y80.660 Z4.042 F3000.0 ; Parameter change travel move: V* 0.40->0.15, H* 14.81-> 6.93
G1 X119.100 Y79.660 Z4.042 E0.34830 F143.6 ; V* 0.15, H* 6.93
G1 X119.100 Y78.660 Z4.042 E0.34830 F143.6 ; V* 0.15, H* 6.93
G1 X119.100 Y77.660 Z4.042 E0.34830 F143.6 ; V* 0.15, H* 6.93
G1 X119.100 Y76.660 Z4.042 E0.34830 F143.6 ; V* 0.15, H* 6.93
G1 X119.100 Y75.660 Z4.042 E0.34830 F143.6 ; V* 0.15, H* 6.93
G1 X119.100 Y74.660 Z4.042 E0.34830 F143.6 ; V* 0.15, H* 6.93
G1 X119.100 Y73.660 Z4.042 E0.34830 F143.6 ; V* 0.15, H* 6.93
G1 X119.100 Y72.660 Z4.042 E0.34830 F143.6 ; V* 0.15, H* 6.93
G1 X119.100 Y72.340 Z4.042 E0.11116 F143.6 ; V* 0.15, H* 6.93
G1 X118.100 Y72.340 Z4.042 E0.34830 F143.6 ; V* 0.15, H* 6.93
G1 X117.900 Y72.340 Z4.042 E0.06966 F143.6 ; V* 0.15, H* 6.93
G1 X117.900 Y73.340 Z4.042 E0.34830 F143.6 ; V* 0.15, H* 6.93
G1 X117.900 Y74.340 Z4.042 E0.34830 F143.6 ; V* 0.15, H* 6.93
G1 X117.900 Y75.340 Z4.042 E0.34830 F143.6 ; V* 0.15, H* 6.93
G1 X117.900 Y76.340 Z4.042 E0.34830 F143.6 ; V* 0.15, H* 6.93
G1 X117.900 Y77.340 Z4.042 E0.34830 F143.6 ; V* 0.15, H* 6.93
G1 X117.900 Y78.340 Z4.042 E0.34830 F143.6 ; V* 0.15, H* 6.93
G1 X117.900 Y79.340 Z4.042 E0.34830 F143.6 ; V* 0.15, H* 6.93
G1 X117.900 Y80.340 Z4.042 E0.34830 F143.6 ; V* 0.15, H* 6.93
G1 X117.900 Y81.340 Z4.042 E0.34830 F143.6 ; V* 0.15, H* 6.93
G0 X117.900 Y82.340 Z7.194 F3000.0 ; Parameter change travel move: V* 0.15->0.40, H* 6.93-> 14.81
G1 X117.900 Y83.340 Z7.194 E0.13061 F382.8 ; V* 0.40, H* 14.81
G1 X117.900 Y84.340 Z7.194 E0.13061 F382.8 ; V* 0.40, H* 14.81
G1 X117.900 Y85.340 Z7.194 E0.13061 F382.8 ; V* 0.40, H* 14.81
G1 X117.900 Y86.340 Z7.194 E0.13061 F382.8 ; V* 0.40, H* 14.81
G1 X117.900 Y87.340 Z7.194 E0.13061 F382.8 ; V* 0.40, H* 14.81
G1 X117.900 Y88.340 Z7.194 E0.13061 F382.8 ; V* 0.40, H* 14.81
G1 X117.900 Y89.340 Z7.194 E0.13061 F382.8 ; V* 0.40, H* 14.81
G1 X117.900 Y90.340 Z7.194 E0.13061 F382.8 ; V* 0.40, H* 14.81
G1 X117.900 Y91.340 Z7.194 E0.13061 F382.8 ; V* 0.40, H* 14.81
G1 X117.900 Y92.340 Z7.194 E0.13061 F382.8 ; V* 0.40, H* 14.81
G1 X117.900 Y93.340 Z7.194 E0.13061 F382.8 ; V* 0.40, H* 14.81
G1 X117.900 Y94.340 Z7.194 E0.13061 F382.8 ; V* 0.40, H* 14.81
G1 X117.900 Y95.340 Z7.194 E0.13061 F382.8 ; V* 0.40, H* 14.81
G1 X117.900 Y96.340 Z7.194 E0.13061 F382.8 ; V* 0.40, H* 14.81
G0 X117.900 Y97.340 Z4.042 F3000.0 ; Parameter change travel move: V* 0.40->0.15, H* 14.81-> 6.93
G1 X117.900 Y98.340 Z4.042 E0.34830 F143.6 ; V* 0.15, H* 6.93
G1 X117.900 Y99.340 Z4.042 E0.34830 F143.6 ; V* 0.15, H* 6.93
G1 X117.900 Y100.340 Z4.042 E0.34830 F143.6 ; V* 0.15, H* 6.93
G1 X117.900 Y101.340 Z4.042 E0.34830 F143.6 ; V* 0.15, H* 6.93
G1 X117.900 Y102.340 Z4.042 E0.34830 F143.6 ; V* 0.15, H* 6.93
G1 X117.900 Y103.340 Z4.042 E0.34830 F143.6 ; V* 0.15, H* 6.93
G1 X117.900 Y104.340 Z4.042 E0.34830 F143.6 ; V* 0.15, H* 6.93
G1 X117.900 Y105.340 Z4.042 E0.34830 F143.6 ; V* 0.15, H* 6.93
G0 X117.900 Y106.340 Z7.194 F3000.0 ; Parameter change travel move: V* 0.15->0.40, H* 6.93-> 14.81
G1 X117.900 Y107.340 Z7.194 E0.13061 F382.8 ; V* 0.40, H* 14.81
G1 X117.900 Y108.340 Z7.194 E0.13061 F382.8 ; V* 0.40, H* 14.81
G1 X117.900 Y109.340 Z7.194 E0.13061 F382.8 ; V* 0.40, H* 14.81
G1 X117.900 Y110.340 Z7.194 E0.13061 F382.8 ; V* 0.40, H* 14.81
G1 X117.900 Y111.340 Z7.194 E0.13061 F382.8 ; V* 0.40, H* 14.81
G1 X117.900 Y112.340 Z7.194 E0.13061 F382.8 ; V* 0.40, H* 14.81
G1 X117.900 Y113.340 Z7.194 E0.13061 F382.8 ; V* 0.40, H* 14.81
G1 X117.900 Y114.340 Z7.194 E0.13061 F382.8 ; V* 0.40, H* 14.81
G1 X117.900 Y115.340 Z7.194 E0.13061 F382.8 ; V* 0.40, H* 14.81
G1 X117.900 Y116.340 Z7.194 E0.13061 F382.8 ; V* 0.40, H* 14.81
G1 X117.900 Y117.340 Z7.194 E0.13061 F382.8 ; V* 0.40, H* 14.81
G1 X117.900 Y118.340 Z7.194 E0.13061 F382.8 ; V* 0.40, H* 14.81
G1 X117.900 Y119.340 Z7.194 E0.13061 F382.8 ; V* 0.40, H* 14.81
G0 X117.900 Y120.340 Z4.042 F3000.0 ; Parameter change travel move: V* 0.40->0.15, H* 14.81-> 6.93
G1 X117.900 Y121.340 Z4.042 E0.34830 F143.6 ; V* 0.15, H* 6.93
G0 X117.900 Y122.340 Z7.194 F3000.0 ; Parameter change travel move: V* 0.15->0.40, H* 6.93-> 14.81
G1 X117.900 Y123.340 Z7.194 E0.13061 F382.8 ; V* 0.40, H* 14.81
G1 X117.900 Y124.340 Z7.194 E0.13061 F382.8 ; V* 0.40, H* 14.81
G1 X117.900 Y125.340 Z7.194 E0.13061 F382.8 ; V* 0.40, H* 14.81
G1 X117.900 Y126.340 Z7.194 E0.13061 F382.8 ; V* 0.40, H* 14.81
G1 X117.900 Y127.340 Z7.194 E0.13061 F382.8 ; V* 0.40, H* 14.81
G1 X117.900 Y128.340 Z7.194 E0.13061 F382.8 ; V* 0.40, H* 14.81
G1 X117.900 Y129.340 Z7.194 E0.13061 F382.8 ; V* 0.40, H* 14.81
G1 X117.900 Y130.340 Z7.194 E0.13061 F382.8 ; V* 0.40, H* 14.81
G1 X117.900 Y131.340 Z7.194 E0.13061 F382.8 ; V* 0.40, H* 14.81
G0 X117.900 Y132.340 Z4.042 F3000.0 ; Parameter change travel move: V* 0.40->0.15, H* 14.81-> 6.93
G1 X117.900 Y133.340 Z4.042 E0.34830 F143.6 ; V* 0.15, H* 6.93
G1 X117.900 Y134.340 Z4.042 E0.34830 F143.6 ; V* 0.15, H* 6.93
G1 X117.900 Y135.340 Z4.042 E0.34830 F143.6 ; V* 0.15, H* 6.93
G0 X117.900 Y136.340 Z7.194 F3000.0 ; Parameter change travel move: V* 0.15->0.40, H* 6.93-> 14.81
G1 X117.900 Y137.340 Z7.194 E0.13061 F382.8 ; V* 0.40, H* 14.81
G1 X117.900 Y137.660 Z7.194 E0.04168 F382.8 ; V* 0.40, H* 14.81
G1 X116.900 Y137.660 Z7.194 E0.13061 F382.8 ; V* 0.40, H* 14.81
G1 X116.700 Y137.660 Z7.194 E0.02612 F382.8 ; V* 0.40, H* 14.81
G1 X116.700 Y136.660 Z7.194 E0.13061 F382.8 ; V* 0.40, H* 14.81
G1 X116.700 Y135.660 Z7.194 E0.13061 F382.8 ; V* 0.40, H* 14.81
G0 X116.700 Y134.660 Z4.042 F3000.0 ; Parameter change travel move: V* 0.40->0.15, H* 14.81-> 6.93
G1 X116.700 Y133.660 Z4.042 E0.34830 F143.6 ; V* 0.15, H* 6.93
G1 X116.700 Y132.660 Z4.042 E0.34830 F143.6 ; V* 0.15, H* 6.93
G1 X116.700 Y131.660 Z4.042 E0.34830 F143.6 ; V* 0.15, H* 6.93
G0 X116.700 Y130.660 Z7.194 F3000.0 ; Parameter change travel move: V* 0.15->0.40, H* 6.93-> 14.81
G1 X116.700 Y129.660 Z7.194 E0.13061 F382.8 ; V* 0.40, H* 14.81
G1 X116.700 Y128.660 Z7.194 E0.13061 F382.8 ; V* 0.40, H* 14.81
G1 X116.700 Y127.660 Z7.194 E0.13061 F382.8 ; V* 0.40, H* 14.81
G1 X116.700 Y126.660 Z7.194 E0.13061 F382.8 ; V* 0.40, H* 14.81
G1 X116.700 Y125.660 Z7.194 E0.13061 F382.8 ; V* 0.40, H* 14.81
G1 X116.700 Y124.660 Z7.194 E0.13061 F382.8 ; V* 0.40, H* 14.81
G1 X116.700 Y123.660 Z7.194 E0.13061 F382.8 ; V* 0.40, H* 14.81
G1 X116.700 Y122.660 Z7.194 E0.13061 F382.8 ; V* 0.40, H* 14.81
G0 X116.700 Y121.660 Z4.042 F3000.0 ; Parameter change travel move: V* 0.40->0.15, H* 14.81-> 6.93
G1 X116.700 Y120.660 Z4.042 E0.34830 F143.6 ; V* 0.15, H* 6.93
G1 X116.700 Y119.660 Z4.042 E0.34830 F143.6 ; V* 0.15, H* 6.93
G0 X116.700 Y118.660 Z7.194 F3000.0 ; Parameter change travel move: V* 0.15->0.40, H* 6.93-> 14.81
G1 X116.700 Y117.660 Z7.194 E0.13061 F382.8 ; V* 0.40, H* 14.81
G1 X116.700 Y116.660 Z7.194 E0.13061 F382.8 ; V* 0.40, H* 14.81
G1 X116.700 Y115.660 Z7.194 E0.13061 F382.8 ; V* 0.40, H* 14.81
G1 X116.700 Y114.660 Z7.194 E0.13061 F382.8 ; V* 0.40, H* 14.81
G1 X116.700 Y113.660 Z7.194 E0.13061 F382.8 ; V* 0.40, H* 14.81
G1 X116.700 Y112.660 Z7.194 E0.13061 F382.8 ; V* 0.40, H* 14.81
G1 X116.700 Y111.660 Z7.194 E0.13061 F382.8 ; V* 0.40, H* 14.81
G1 X116.700 Y110.660 Z7.194 E0.13061 F382.8 ; V* 0.40, H* 14.81
G1 X116.700 Y109.660 Z7.194 E0.13061 F382.8 ; V* 0.40, H* 14.81
G1 X116.700 Y108.660 Z7.194 E0.13061 F382.8 ; V* 0.40, H* 14.81
G1 X116.700 Y107.660 Z7.194 E0.13061 F382.8 ; V* 0.40, H* 14.81
G0 X116.700 Y106.660 Z4.042 F3000.0 ; Parameter change travel move: V* 0.40->0.15, H* 14.81-> 6.93
G1 X116.700 Y105.660 Z4.042 E0.34830 F143.6 ; V* 0.15, H* 6.93
G1 X116.700 Y104.660 Z4.042 E0.34830 F143.6 ; V* 0.15, H* 6.93
G1 X116.700 Y103.660 Z4.042 E0.34830 F143.6 ; V* 0.15, H* 6.93
G1 X116.700 Y102.660 Z4.042 E0.34830 F143.6 ; V* 0.15, H* 6.93
G1 X116.700 Y101.660 Z4.042 E0.34830 F143.6 ; V* 0.15, H* 6.93
G1 X116.700 Y100.660 Z4.042 E0.34830 F143.6 ; V* 0.15, H* 6.93
G1 X116.700 Y99.660 Z4.042 E0.34830 F143.6 ; V* 0.15, H* 6.93
G1 X116.700 Y98.660 Z4.042 E0.34830 F143.6 ; V* 0.15, H* 6.93
G1 X116.700 Y97.660 Z4.042 E0.34830 F143.6 ; V* 0.15, H* 6.93
G0 X116.700 Y96.660 Z7.194 F3000.0 ; Parameter change travel move: V* 0.15->0.40, H* 6.93-> 14.81
G1 X116.700 Y95.660 Z7.194 E0.13061 F382.8 ; V* 0.40, H* 14.81
G1 X116.700 Y94.660 Z7.194 E0.13061 F382.8 ; V* 0.40, H* 14.81
G1 X116.700 Y93.660 Z7.194 E0.13061 F382.8 ; V* 0.40, H* 14.81
G1 X116.700 Y92.660 Z7.194 E0.13061 F382.8 ; V* 0.40, H* 14.81
G1 X116.700 Y91.660 Z7.194 E0.13061 F382.8 ; V* 0.40, H* 14.81
G1 X116.700 Y90.660 Z7.194 E0.13061 F382.8 ; V* 0.40, H* 14.81
G1 X116.700 Y89.660 Z7.194 E0.13061 F382.8 ; V* 0.40, H* 14.81
G1 X116.700 Y88.660 Z7.194 E0.13061 F382.8 ; V* 0.40, H* 14.81
G1 X116.700 Y87.660 Z7.194 E0.13061 F382.8 ; V* 0.40, H* 14.81
G1 X116.700 Y86.660 Z7.194 E0.13061 F382.8 ; V* 0.40, H* 14.81
G1 X116.700 Y85.660 Z7.194 E0.13061 F382.8 ; V* 0.40, H* 14.81
G1 X116.700 Y84.660 Z7.194 E0.13061 F382.8 ; V* 0.40, H* 14.81
G1 X116.700 Y83.660 Z7.194 E0.13061 F382.8 ; V* 0.40, H* 14.81
G1 X116.700 Y82.660 Z7.194 E0.13061 F382.8 ; V* 0.40, H* 14.81
G0 X116.700 Y81.660 Z4.042 F3000.0 ; Parameter change travel move: V* 0.40->0.15, H* 14.81-> 6.93
G1 X116.700 Y80.660 Z4.042 E0.34830 F143.6 ; V* 0.15, H* 6.93
G1 X116.700 Y79.660 Z4.042 E0.34830 F143.6 ; V* 0.15, H* 6.93
G1 X116.700 Y78.660 Z4.042 E0.34830 F143.6 ; V* 0.15, H* 6.93
G1 X116.700 Y77.660 Z4.042 E0.34830 F143.6 ; V* 0.15, H* 6.93
G1 X116.700 Y76.660 Z4.042 E0.34830 F143.6 ; V* 0.15, H* 6.93
G1 X116.700 Y75.660 Z4.042 E0.34830 F143.6 ; V* 0.15, H* 6.93
G1 X116.700 Y74.660 Z4.042 E0.34830 F143.6 ; V* 0.15, H* 6.93
G1 X116.700 Y73.660 Z4.042 E0.34830 F143.6 ; V* 0.15, H* 6.93
G1 X116.700 Y72.660 Z4.042 E0.34830 F143.6 ; V* 0.15, H* 6.93
G1 X116.700 Y72.340 Z4.042 E0.11116 F143.6 ; V* 0.15, H* 6.93
G1 X115.700 Y72.340 Z4.042 E0.34830 F143.6 ; V* 0.15, H* 6.93
G1 X115.500 Y72.340 Z4.042 E0.06966 F143.6 ; V* 0.15, H* 6.93
G1 X115.500 Y73.340 Z4.042 E0.34830 F143.6 ; V* 0.15, H* 6.93
G1 X115.500 Y74.340 Z4.042 E0.34830 F143.6 ; V* 0.15, H* 6.93
G1 X115.500 Y75.340 Z4.042 E0.34830 F143.6 ; V* 0.15, H* 6.93
G1 X115.500 Y76.340 Z4.042 E0.34830 F143.6 ; V* 0.15, H* 6.93
G1 X115.500 Y77.340 Z4.042 E0.34830 F143.6 ; V* 0.15, H* 6.93
G1 X115.500 Y78.340 Z4.042 E0.34830 F143.6 ; V* 0.15, H* 6.93
G1 X115.500 Y79.340 Z4.042 E0.34830 F143.6 ; V* 0.15, H* 6.93
G1 X115.500 Y80.340 Z4.042 E0.34830 F143.6 ; V* 0.15, H* 6.93
G1 X115.500 Y81.340 Z4.042 E0.34830 F143.6 ; V* 0.15, H* 6.93
G0 X115.500 Y82.340 Z7.194 F3000.0 ; Parameter change travel move: V* 0.15->0.40, H* 6.93-> 14.81
G1 X115.500 Y83.340 Z7.194 E0.13061 F382.8 ; V* 0.40, H* 14.81
G1 X115.500 Y84.340 Z7.194 E0.13061 F382.8 ; V* 0.40, H* 14.81
G1 X115.500 Y85.340 Z7.194 E0.13061 F382.8 ; V* 0.40, H* 14.81
G1 X115.500 Y86.340 Z7.194 E0.13061 F382.8 ; V* 0.40, H* 14.81
G1 X115.500 Y87.340 Z7.194 E0.13061 F382.8 ; V* 0.40, H* 14.81
G1 X115.500 Y88.340 Z7.194 E0.13061 F382.8 ; V* 0.40, H* 14.81
G1 X115.500 Y89.340 Z7.194 E0.13061 F382.8 ; V* 0.40, H* 14.81
G1 X115.500 Y90.340 Z7.194 E0.13061 F382.8 ; V* 0.40, H* 14.81
G1 X115.500 Y91.340 Z7.194 E0.13061 F382.8 ; V* 0.40, H* 14.81
G1 X115.500 Y92.340 Z7.194 E0.13061 F382.8 ; V* 0.40, H* 14.81
G1 X115.500 Y93.340 Z7.194 E0.13061 F382.8 ; V* 0.40, H* 14.81
G0 X115.500 Y94.340 Z4.042 F3000.0 ; Parameter change travel move: V* 0.40->0.15, H* 14.81-> 6.93
G1 X115.500 Y95.340 Z4.042 E0.34830 F143.6 ; V* 0.15, H* 6.93
G0 X115.500 Y96.340 Z7.194 F3000.0 ; Parameter change travel move: V* 0.15->0.40, H* 6.93-> 14.81
G0 X115.500 Y97.340 Z4.042 F3000.0 ; Parameter change travel move: V* 0.40->0.15, H* 14.81-> 6.93
G1 X115.500 Y98.340 Z4.042 E0.34830 F143.6 ; V* 0.15, H* 6.93
G1 X115.500 Y99.340 Z4.042 E0.34830 F143.6 ; V* 0.15, H* 6.93
G1 X115.500 Y100.340 Z4.042 E0.34830 F143.6 ; V* 0.15, H* 6.93
G1 X115.500 Y101.340 Z4.042 E0.34830 F143.6 ; V* 0.15, H* 6.93
G1 X115.500 Y102.340 Z4.042 E0.34830 F143.6 ; V* 0.15, H* 6.93
G1 X115.500 Y103.340 Z4.042 E0.34830 F143.6 ; V* 0.15, H* 6.93
G1 X115.500 Y104.340 Z4.042 E0.34830 F143.6 ; V* 0.15, H* 6.93
G1 X115.500 Y105.340 Z4.042 E0.34830 F143.6 ; V* 0.15, H* 6.93
G1 X115.500 Y106.340 Z4.042 E0.34830 F143.6 ; V* 0.15, H* 6.93
G1 X115.500 Y107.340 Z4.042 E0.34830 F143.6 ; V* 0.15, H* 6.93
G1 X115.500 Y108.340 Z4.042 E0.34830 F143.6 ; V* 0.15, H* 6.93
G0 X115.500 Y109.340 Z7.194 F3000.0 ; Parameter change travel move: V* 0.15->0.40, H* 6.93-> 14.81
G1 X115.500 Y110.340 Z7.194 E0.13061 F382.8 ; V* 0.40, H* 14.81
G1 X115.500 Y111.340 Z7.194 E0.13061 F382.8 ; V* 0.40, H* 14.81
G1 X115.500 Y112.340 Z7.194 E0.13061 F382.8 ; V* 0.40, H* 14.81
G1 X115.500 Y113.340 Z7.194 E0.13061 F382.8 ; V* 0.40, H* 14.81
G1 X115.500 Y114.340 Z7.194 E0.13061 F382.8 ; V* 0.40, H* 14.81
G1 X115.500 Y115.340 Z7.194 E0.13061 F382.8 ; V* 0.40, H* 14.81
G1 X115.500 Y116.340 Z7.194 E0.13061 F382.8 ; V* 0.40, H* 14.81
G1 X115.500 Y117.340 Z7.194 E0.13061 F382.8 ; V* 0.40, H* 14.81
G1 X115.500 Y118.340 Z7.194 E0.13061 F382.8 ; V* 0.40, H* 14.81
G1 X115.500 Y119.340 Z7.194 E0.13061 F382.8 ; V* 0.40, H* 14.81
G0 X115.500 Y120.340 Z4.042 F3000.0 ; Parameter change travel move: V* 0.40->0.15, H* 14.81-> 6.93
G1 X115.500 Y121.340 Z4.042 E0.34830 F143.6 ; V* 0.15, H* 6.93
G0 X115.500 Y122.340 Z7.194 F3000.0 ; Parameter change travel move: V* 0.15->0.40, H* 6.93-> 14.81
G1 X115.500 Y123.340 Z7.194 E0.13061 F382.8 ; V* 0.40, H* 14.81
G1 X115.500 Y124.340 Z7.194 E0.13061 F382.8 ; V* 0.40, H* 14.81
G1 X115.500 Y125.340 Z7.194 E0.13061 F382.8 ; V* 0.40, H* 14.81
G1 X115.500 Y126.340 Z7.194 E0.13061 F382.8 ; V* 0.40, H* 14.81
G1 X115.500 Y127.340 Z7.194 E0.13061 F382.8 ; V* 0.40, H* 14.81
G1 X115.500 Y128.340 Z7.194 E0.13061 F382.8 ; V* 0.40, H* 14.81
G1 X115.500 Y129.340 Z7.194 E0.13061 F382.8 ; V* 0.40, H* 14.81
G1 X115.500 Y130.340 Z7.194 E0.13061 F382.8 ; V* 0.40, H* 14.81
G0 X115.500 Y131.340 Z4.042 F3000.0 ; Parameter change travel move: V* 0.40->0.15, H* 14.81-> 6.93
G1 X115.500 Y132.340 Z4.042 E0.34830 F143.6 ; V* 0.15, H* 6.93
G1 X115.500 Y133.340 Z4.042 E0.34830 F143.6 ; V* 0.15, H* 6.93
G0 X115.500 Y134.340 Z7.194 F3000.0 ; Parameter change travel move: V* 0.15->0.40, H* 6.93-> 14.81
G1 X115.500 Y135.340 Z7.194 E0.13061 F382.8 ; V* 0.40, H* 14.81
G1 X115.500 Y136.340 Z7.194 E0.13061 F382.8 ; V* 0.40, H* 14.81
G1 X115.500 Y137.340 Z7.194 E0.13061 F382.8 ; V* 0.40, H* 14.81
G1 X115.500 Y137.660 Z7.194 E0.04168 F382.8 ; V* 0.40, H* 14.81
G1 X114.500 Y137.660 Z7.194 E0.13061 F382.8 ; V* 0.40, H* 14.81
G1 X114.300 Y137.660 Z7.194 E0.02612 F382.8 ; V* 0.40, H* 14.81
G1 X114.300 Y136.660 Z7.194 E0.13061 F382.8 ; V* 0.40, H* 14.81
G1 X114.300 Y135.660 Z7.194 E0.13061 F382.8 ; V* 0.40, H* 14.81
G1 X114.300 Y134.660 Z7.194 E0.13061 F382.8 ; V* 0.40, H* 14.81
G1 X114.300 Y133.660 Z7.194 E0.13061 F382.8 ; V* 0.40, H* 14.81
G1 X114.300 Y132.660 Z7.194 E0.13061 F382.8 ; V* 0.40, H* 14.81
G0 X114.300 Y131.660 Z4.042 F3000.0 ; Parameter change travel move: V* 0.40->0.15, H* 14.81-> 6.93
G0 X114.300 Y130.660 Z7.194 F3000.0 ; Parameter change travel move: V* 0.15->0.40, H* 6.93-> 14.81
G1 X114.300 Y129.660 Z7.194 E0.13061 F382.8 ; V* 0.40, H* 14.81
G1 X114.300 Y128.660 Z7.194 E0.13061 F382.8 ; V* 0.40, H* 14.81
G1 X114.300 Y127.660 Z7.194 E0.13061 F382.8 ; V* 0.40, H* 14.81
G1 X114.300 Y126.660 Z7.194 E0.13061 F382.8 ; V* 0.40, H* 14.81
G1 X114.300 Y125.660 Z7.194 E0.13061 F382.8 ; V* 0.40, H* 14.81
G1 X114.300 Y124.660 Z7.194 E0.13061 F382.8 ; V* 0.40, H* 14.81
G1 X114.300 Y123.660 Z7.194 E0.13061 F382.8 ; V* 0.40, H* 14.81
G1 X114.300 Y122.660 Z7.194 E0.13061 F382.8 ; V* 0.40, H* 14.81
G1 X114.300 Y121.660 Z7.194 E0.13061 F382.8 ; V* 0.40, H* 14.81
G0 X114.300 Y120.660 Z4.042 F3000.0 ; Parameter change travel move: V* 0.40->0.15, H* 14.81-> 6.93
G1 X114.300 Y119.660 Z4.042 E0.34830 F143.6 ; V* 0.15, H* 6.93
G0 X114.300 Y118.660 Z7.194 F3000.0 ; Parameter change travel move: V* 0.15->0.40, H* 6.93-> 14.81
G1 X114.300 Y117.660 Z7.194 E0.13061 F382.8 ; V* 0.40, H* 14.81
G1 X114.300 Y116.660 Z7.194 E0.13061 F382.8 ; V* 0.40, H* 14.81
G1 X114.300 Y115.660 Z7.194 E0.13061 F382.8 ; V* 0.40, H* 14.81
G1 X114.300 Y114.660 Z7.194 E0.13061 F382.8 ; V* 0.40, H* 14.81
G1 X114.300 Y113.660 Z7.194 E0.13061 F382.8 ; V* 0.40, H* 14.81
G0 X114.300 Y112.660 Z4.042 F3000.0 ; Parameter change travel move: V* 0.40->0.15, H* 14.81-> 6.93
G1 X114.300 Y111.660 Z4.042 E0.34830 F143.6 ; V* 0.15, H* 6.93
G1 X114.300 Y110.660 Z4.042 E0.34830 F143.6 ; V* 0.15, H* 6.93
G1 X114.300 Y109.660 Z4.042 E0.34830 F143.6 ; V* 0.15, H* 6.93
G1 X114.300 Y108.660 Z4.042 E0.34830 F143.6 ; V* 0.15, H* 6.93
G1 X114.300 Y107.660 Z4.042 E0.34830 F143.6 ; V* 0.15, H* 6.93
G1 X114.300 Y106.660 Z4.042 E0.34830 F143.6 ; V* 0.15, H* 6.93
G1 X114.300 Y105.660 Z4.042 E0.34830 F143.6 ; V* 0.15, H* 6.93
G1 X114.300 Y104.660 Z4.042 E0.34830 F143.6 ; V* 0.15, H* 6.93
G1 X114.300 Y103.660 Z4.042 E0.34830 F143.6 ; V* 0.15, H* 6.93
G1 X114.300 Y102.660 Z4.042 E0.34830 F143.6 ; V* 0.15, H* 6.93
G1 X114.300 Y101.660 Z4.042 E0.34830 F143.6 ; V* 0.15, H* 6.93
G1 X114.300 Y100.660 Z4.042 E0.34830 F143.6 ; V* 0.15, H* 6.93
G1 X114.300 Y99.660 Z4.042 E0.34830 F143.6 ; V* 0.15, H* 6.93
G1 X114.300 Y98.660 Z4.042 E0.34830 F143.6 ; V* 0.15, H* 6.93
G1 X114.300 Y97.660 Z4.042 E0.34830 F143.6 ; V* 0.15, H* 6.93
G0 X114.300 Y96.660 Z7.194 F3000.0 ; Parameter change travel move: V* 0.15->0.40, H* 6.93-> 14.81
G0 X114.300 Y95.660 Z4.042 F3000.0 ; Parameter change travel move: V* 0.40->0.15, H* 14.81-> 6.93
G1 X114.300 Y94.660 Z4.042 E0.34830 F143.6 ; V* 0.15, H* 6.93
G1 X114.300 Y93.660 Z4.042 E0.34830 F143.6 ; V* 0.15, H* 6.93
G1 X114.300 Y92.660 Z4.042 E0.34830 F143.6 ; V* 0.15, H* 6.93
G1 X114.300 Y91.660 Z4.042 E0.34830 F143.6 ; V* 0.15, H* 6.93
G1 X114.300 Y90.660 Z4.042 E0.34830 F143.6 ; V* 0.15, H* 6.93
G0 X114.300 Y89.660 Z7.194 F3000.0 ; Parameter change travel move: V* 0.15->0.40, H* 6.93-> 14.81
G1 X114.300 Y88.660 Z7.194 E0.13061 F382.8 ; V* 0.40, H* 14.81
G1 X114.300 Y87.660 Z7.194 E0.13061 F382.8 ; V* 0.40, H* 14.81
G1 X114.300 Y86.660 Z7.194 E0.13061 F382.8 ; V* 0.40, H* 14.81
G1 X114.300 Y85.660 Z7.194 E0.13061 F382.8 ; V* 0.40, H* 14.81
G1 X114.300 Y84.660 Z7.194 E0.13061 F382.8 ; V* 0.40, H* 14.81
G1 X114.300 Y83.660 Z7.194 E0.13061 F382.8 ; V* 0.40, H* 14.81
G1 X114.300 Y82.660 Z7.194 E0.13061 F382.8 ; V* 0.40, H* 14.81
G0 X114.300 Y81.660 Z4.042 F3000.0 ; Parameter change travel move: V* 0.40->0.15, H* 14.81-> 6.93
G1 X114.300 Y80.660 Z4.042 E0.34830 F143.6 ; V* 0.15, H* 6.93
G1 X114.300 Y79.660 Z4.042 E0.34830 F143.6 ; V* 0.15, H* 6.93
G1 X114.300 Y78.660 Z4.042 E0.34830 F143.6 ; V* 0.15, H* 6.93
G1 X114.300 Y77.660 Z4.042 E0.34830 F143.6 ; V* 0.15, H* 6.93
G1 X114.300 Y76.660 Z4.042 E0.34830 F143.6 ; V* 0.15, H* 6.93
G1 X114.300 Y75.660 Z4.042 E0.34830 F143.6 ; V* 0.15, H* 6.93
G1 X114.300 Y74.660 Z4.042 E0.34830 F143.6 ; V* 0.15, H* 6.93
G1 X114.300 Y73.660 Z4.042 E0.34830 F143.6 ; V* 0.15, H* 6.93
G1 X114.300 Y72.660 Z4.042 E0.34830 F143.6 ; V* 0.15, H* 6.93
G1 X114.300 Y72.340 Z4.042 E0.11116 F143.6 ; V* 0.15, H* 6.93
G1 X113.300 Y72.340 Z4.042 E0.34830 F143.6 ; V* 0.15, H* 6.93
G1 X113.100 Y72.340 Z4.042 E0.06966 F143.6 ; V* 0.15, H* 6.93
G1 X113.100 Y73.340 Z4.042 E0.34830 F143.6 ; V* 0.15, H* 6.93
G1 X113.100 Y74.340 Z4.042 E0.34830 F143.6 ; V* 0.15, H* 6.93
G1 X113.100 Y75.340 Z4.042 E0.34830 F143.6 ; V* 0.15, H* 6.93
G1 X113.100 Y76.340 Z4.042 E0.34830 F143.6 ; V* 0.15, H* 6.93
G1 X113.100 Y77.340 Z4.042 E0.34830 F143.6 ; V* 0.15, H* 6.93
G1 X113.100 Y78.340 Z4.042 E0.34830 F143.6 ; V* 0.15, H* 6.93
G1 X113.100 Y79.340 Z4.042 E0.34830 F143.6 ; V* 0.15, H* 6.93
G1 X113.100 Y80.340 Z4.042 E0.34830 F143.6 ; V* 0.15, H* 6.93
G1 X113.100 Y81.340 Z4.042 E0.34830 F143.6 ; V* 0.15, H* 6.93
G1 X113.100 Y82.340 Z4.042 E0.34830 F143.6 ; V* 0.15, H* 6.93
G0 X113.100 Y83.340 Z7.194 F3000.0 ; Parameter change travel move: V* 0.15->0.40, H* 6.93-> 14.81
G1 X113.100 Y84.340 Z7.194 E0.13061 F382.8 ; V* 0.40, H* 14.81
G1 X113.100 Y85.340 Z7.194 E0.13061 F382.8 ; V* 0.40, H* 14.81
G1 X113.100 Y86.340 Z7.194 E0.13061 F382.8 ; V* 0.40, H* 14.81
G1 X113.100 Y87.340 Z7.194 E0.13061 F382.8 ; V* 0.40, H* 14.81
G1 X113.100 Y88.340 Z7.194 E0.13061 F382.8 ; V* 0.40, H* 14.81
G0 X113.100 Y89.340 Z4.042 F3000.0 ; Parameter change travel move: V* 0.40->0.15, H* 14.81-> 6.93
G1 X113.100 Y90.340 Z4.042 E0.34830 F143.6 ; V* 0.15, H* 6.93
G1 X113.100 Y91.340 Z4.042 E0.34830 F143.6 ; V* 0.15, H* 6.93
G1 X113.100 Y92.340 Z4.042 E0.34830 F143.6 ; V* 0.15, H* 6.93
G1 X113.100 Y93.340 Z4.042 E0.34830 F143.6 ; V* 0.15, H* 6.93
G1 X113.100 Y94.340 Z4.042 E0.34830 F143.6 ; V* 0.15, H* 6.93
G1 X113.100 Y95.340 Z4.042 E0.34830 F143.6 ; V* 0.15, H* 6.93
G0 X113.100 Y96.340 Z7.194 F3000.0 ; Parameter change travel move: V* 0.15->0.40, H* 6.93-> 14.81
G1 X113.100 Y97.340 Z7.194 E0.13061 F382.8 ; V* 0.40, H* 14.81
G0 X113.100 Y98.340 Z4.042 F3000.0 ; Parameter change travel move: V* 0.40->0.15, H* 14.81-> 6.93
G1 X113.100 Y99.340 Z4.042 E0.34830 F143.6 ; V* 0.15, H* 6.93
G1 X113.100 Y100.340 Z4.042 E0.34830 F143.6 ; V* 0.15, H* 6.93
G1 X113.100 Y101.340 Z4.042 E0.34830 F143.6 ; V* 0.15, H* 6.93
G1 X113.100 Y102.340 Z4.042 E0.34830 F143.6 ; V* 0.15, H* 6.93
G1 X113.100 Y103.340 Z4.042 E0.34830 F143.6 ; V* 0.15, H* 6.93
G1 X113.100 Y104.340 Z4.042 E0.34830 F143.6 ; V* 0.15, H* 6.93
G1 X113.100 Y105.340 Z4.042 E0.34830 F143.6 ; V* 0.15, H* 6.93
G1 X113.100 Y106.340 Z4.042 E0.34830 F143.6 ; V* 0.15, H* 6.93
G1 X113.100 Y107.340 Z4.042 E0.34830 F143.6 ; V* 0.15, H* 6.93
G1 X113.100 Y108.340 Z4.042 E0.34830 F143.6 ; V* 0.15, H* 6.93
G1 X113.100 Y109.340 Z4.042 E0.34830 F143.6 ; V* 0.15, H* 6.93
G1 X113.100 Y110.340 Z4.042 E0.34830 F143.6 ; V* 0.15, H* 6.93
G1 X113.100 Y111.340 Z4.042 E0.34830 F143.6 ; V* 0.15, H* 6.93
G1 X113.100 Y112.340 Z4.042 E0.34830 F143.6 ; V* 0.15, H* 6.93
G1 X113.100 Y113.340 Z4.042 E0.34830 F143.6 ; V* 0.15, H* 6.93
G1 X113.100 Y114.340 Z4.042 E0.34830 F143.6 ; V* 0.15, H* 6.93
G1 X113.100 Y115.340 Z4.042 E0.34830 F143.6 ; V* 0.15, H* 6.93
G1 X113.100 Y116.340 Z4.042 E0.34830 F143.6 ; V* 0.15, H* 6.93
G1 X113.100 Y117.340 Z4.042 E0.34830 F143.6 ; V* 0.15, H* 6.93
G1 X113.100 Y118.340 Z4.042 E0.34830 F143.6 ; V* 0.15, H* 6.93
G1 X113.100 Y119.340 Z4.042 E0.34830 F143.6 ; V* 0.15, H* 6.93
G1 X113.100 Y120.340 Z4.042 E0.34830 F143.6 ; V* 0.15, H* 6.93
G1 X113.100 Y121.340 Z4.042 E0.34830 F143.6 ; V* 0.15, H* 6.93
G1 X113.100 Y122.340 Z4.042 E0.34830 F143.6 ; V* 0.15, H* 6.93
G1 X113.100 Y123.340 Z4.042 E0.34830 F143.6 ; V* 0.15, H* 6.93
G1 X113.100 Y124.340 Z4.042 E0.34830 F143.6 ; V* 0.15, H* 6.93
G1 X113.100 Y125.340 Z4.042 E0.34830 F143.6 ; V* 0.15, H* 6.93
G1 X113.100 Y126.340 Z4.042 E0.34830 F143.6 ; V* 0.15, H* 6.93
G1 X113.100 Y127.340 Z4.042 E0.34830 F143.6 ; V* 0.15, H* 6.93
G0 X113.100 Y128.340 Z7.194 F3000.0 ; Parameter change travel move: V* 0.15->0.40, H* 6.93-> 14.81
G1 X113.100 Y129.340 Z7.194 E0.13061 F382.8 ; V* 0.40, H* 14.81
G1 X113.100 Y130.340 Z7.194 E0.13061 F382.8 ; V* 0.40, H* 14.81
G1 X113.100 Y131.340 Z7.194 E0.13061 F382.8 ; V* 0.40, H* 14.81
G1 X113.100 Y132.340 Z7.194 E0.13061 F382.8 ; V* 0.40, H* 14.81
G1 X113.100 Y133.340 Z7.194 E0.13061 F382.8 ; V* 0.40, H* 14.81
G1 X113.100 Y134.340 Z7.194 E0.13061 F382.8 ; V* 0.40, H* 14.81
G1 X113.100 Y135.340 Z7.194 E0.13061 F382.8 ; V* 0.40, H* 14.81
G1 X113.100 Y136.340 Z7.194 E0.13061 F382.8 ; V* 0.40, H* 14.81
G1 X113.100 Y137.340 Z7.194 E0.13061 F382.8 ; V* 0.40, H* 14.81
G1 X113.100 Y137.660 Z7.194 E0.04168 F382.8 ; V* 0.40, H* 14.81
G1 X112.100 Y137.660 Z7.194 E0.13061 F382.8 ; V* 0.40, H* 14.81
G1 X111.900 Y137.660 Z7.194 E0.02612 F382.8 ; V* 0.40, H* 14.81
G1 X111.900 Y136.660 Z7.194 E0.13061 F382.8 ; V* 0.40, H* 14.81
G1 X111.900 Y135.660 Z7.194 E0.13061 F382.8 ; V* 0.40, H* 14.81
G1 X111.900 Y134.660 Z7.194 E0.13061 F382.8 ; V* 0.40, H* 14.81
G1 X111.900 Y133.660 Z7.194 E0.13061 F382.8 ; V* 0.40, H* 14.81
G1 X111.900 Y132.660 Z7.194 E0.13061 F382.8 ; V* 0.40, H* 14.81
G1 X111.900 Y131.660 Z7.194 E0.13061 F382.8 ; V* 0.40, H* 14.81
G1 X111.900 Y130.660 Z7.194 E0.13061 F382.8 ; V* 0.40, H* 14.81
G1 X111.900 Y129.660 Z7.194 E0.13061 F382.8 ; V* 0.40, H* 14.81
G1 X111.900 Y128.660 Z7.194 E0.13061 F382.8 ; V* 0.40, H* 14.81
G1 X111.900 Y127.660 Z7.194 E0.13061 F382.8 ; V* 0.40, H* 14.81
G0 X111.900 Y126.660 Z4.042 F3000.0 ; Parameter change travel move: V* 0.40->0.15, H* 14.81-> 6.93
G1 X111.900 Y125.660 Z4.042 E0.34830 F143.6 ; V* 0.15, H* 6.93
G1 X111.900 Y124.660 Z4.042 E0.34830 F143.6 ; V* 0.15, H* 6.93
G1 X111.900 Y123.660 Z4.042 E0.34830 F143.6 ; V* 0.15, H* 6.93
G1 X111.900 Y122.660 Z4.042 E0.34830 F143.6 ; V* 0.15, H* 6.93
G1 X111.900 Y121.660 Z4.042 E0.34830 F143.6 ; V* 0.15, H* 6.93
G1 X111.900 Y120.660 Z4.042 E0.34830 F143.6 ; V* 0.15, H* 6.93
G1 X111.900 Y119.660 Z4.042 E0.34830 F143.6 ; V* 0.15, H* 6.93
G1 X111.900 Y118.660 Z4.042 E0.34830 F143.6 ; V* 0.15, H* 6.93
G1 X111.900 Y117.660 Z4.042 E0.34830 F143.6 ; V* 0.15, H* 6.93
G1 X111.900 Y116.660 Z4.042 E0.34830 F143.6 ; V* 0.15, H* 6.93
G1 X111.900 Y115.660 Z4.042 E0.34830 F143.6 ; V* 0.15, H* 6.93
G1 X111.900 Y114.660 Z4.042 E0.34830 F143.6 ; V* 0.15, H* 6.93
G1 X111.900 Y113.660 Z4.042 E0.34830 F143.6 ; V* 0.15, H* 6.93
G1 X111.900 Y112.660 Z4.042 E0.34830 F143.6 ; V* 0.15, H* 6.93
G1 X111.900 Y111.660 Z4.042 E0.34830 F143.6 ; V* 0.15, H* 6.93
G1 X111.900 Y110.660 Z4.042 E0.34830 F143.6 ; V* 0.15, H* 6.93
G1 X111.900 Y109.660 Z4.042 E0.34830 F143.6 ; V* 0.15, H* 6.93
G1 X111.900 Y108.660 Z4.042 E0.34830 F143.6 ; V* 0.15, H* 6.93
G1 X111.900 Y107.660 Z4.042 E0.34830 F143.6 ; V* 0.15, H* 6.93
G1 X111.900 Y106.660 Z4.042 E0.34830 F143.6 ; V* 0.15, H* 6.93
G1 X111.900 Y105.660 Z4.042 E0.34830 F143.6 ; V* 0.15, H* 6.93
G1 X111.900 Y104.660 Z4.042 E0.34830 F143.6 ; V* 0.15, H* 6.93
G1 X111.900 Y103.660 Z4.042 E0.34830 F143.6 ; V* 0.15, H* 6.93
G1 X111.900 Y102.660 Z4.042 E0.34830 F143.6 ; V* 0.15, H* 6.93
G1 X111.900 Y101.660 Z4.042 E0.34830 F143.6 ; V* 0.15, H* 6.93
G1 X111.900 Y100.660 Z4.042 E0.34830 F143.6 ; V* 0.15, H* 6.93
G1 X111.900 Y99.660 Z4.042 E0.34830 F143.6 ; V* 0.15, H* 6.93
G1 X111.900 Y98.660 Z4.042 E0.34830 F143.6 ; V* 0.15, H* 6.93
G0 X111.900 Y97.660 Z7.194 F3000.0 ; Parameter change travel move: V* 0.15->0.40, H* 6.93-> 14.81
G1 X111.900 Y96.660 Z7.194 E0.13061 F382.8 ; V* 0.40, H* 14.81
G0 X111.900 Y95.660 Z4.042 F3000.0 ; Parameter change travel move: V* 0.40->0.15, H* 14.81-> 6.93
G1 X111.900 Y94.660 Z4.042 E0.34830 F143.6 ; V* 0.15, H* 6.93
G1 X111.900 Y93.660 Z4.042 E0.34830 F143.6 ; V* 0.15, H* 6.93
G1 X111.900 Y92.660 Z4.042 E0.34830 F143.6 ; V* 0.15, H* 6.93
G1 X111.900 Y91.660 Z4.042 E0.34830 F143.6 ; V* 0.15, H* 6.93
G1 X111.900 Y90.660 Z4.042 E0.34830 F143.6 ; V* 0.15, H* 6.93
G1 X111.900 Y89.660 Z4.042 E0.34830 F143.6 ; V* 0.15, H* 6.93
G1 X111.900 Y88.660 Z4.042 E0.34830 F143.6 ; V* 0.15, H* 6.93
G0 X111.900 Y87.660 Z7.194 F3000.0 ; Parameter change travel move: V* 0.15->0.40, H* 6.93-> 14.81
G1 X111.900 Y86.660 Z7.194 E0.13061 F382.8 ; V* 0.40, H* 14.81
G1 X111.900 Y85.660 Z7.194 E0.13061 F382.8 ; V* 0.40, H* 14.81
G1 X111.900 Y84.660 Z7.194 E0.13061 F382.8 ; V* 0.40, H* 14.81
G0 X111.900 Y83.660 Z4.042 F3000.0 ; Parameter change travel move: V* 0.40->0.15, H* 14.81-> 6.93
G1 X111.900 Y82.660 Z4.042 E0.34830 F143.6 ; V* 0.15, H* 6.93
G1 X111.900 Y81.660 Z4.042 E0.34830 F143.6 ; V* 0.15, H* 6.93
G1 X111.900 Y80.660 Z4.042 E0.34830 F143.6 ; V* 0.15, H* 6.93
G1 X111.900 Y79.660 Z4.042 E0.34830 F143.6 ; V* 0.15, H* 6.93
G1 X111.900 Y78.660 Z4.042 E0.34830 F143.6 ; V* 0.15, H* 6.93
G1 X111.900 Y77.660 Z4.042 E0.34830 F143.6 ; V* 0.15, H* 6.93
G1 X111.900 Y76.660 Z4.042 E0.34830 F143.6 ; V* 0.15, H* 6.93
G1 X111.900 Y75.660 Z4.042 E0.34830 F143.6 ; V* 0.15, H* 6.93
G1 X111.900 Y74.660 Z4.042 E0.34830 F143.6 ; V* 0.15, H* 6.93
G1 X111.900 Y73.660 Z4.042 E0.34830 F143.6 ; V* 0.15, H* 6.93
G1 X111.900 Y72.660 Z4.042 E0.34830 F143.6 ; V* 0.15, H* 6.93
G0 X111.900 Y72.340 Z7.194 F3000.0 ; Parameter change travel move: V* 0.15->0.40, H* 6.93-> 14.81
G1 X110.900 Y72.340 Z7.194 E0.13061 F382.8 ; V* 0.40, H* 14.81
G1 X110.700 Y72.340 Z7.194 E0.02612 F382.8 ; V* 0.40, H* 14.81
G0 X110.700 Y73.340 Z4.042 F3000.0 ; Parameter change travel move: V* 0.40->0.15, H* 14.81-> 6.93
G1 X110.700 Y74.340 Z4.042 E0.34830 F143.6 ; V* 0.15, H* 6.93
G1 X110.700 Y75.340 Z4.042 E0.34830 F143.6 ; V* 0.15, H* 6.93
G1 X110.700 Y76.340 Z4.042 E0.34830 F143.6 ; V* 0.15, H* 6.93
G1 X110.700 Y77.340 Z4.042 E0.34830 F143.6 ; V* 0.15, H* 6.93
G1 X110.700 Y78.340 Z4.042 E0.34830 F143.6 ; V* 0.15, H* 6.93
G1 X110.700 Y79.340 Z4.042 E0.34830 F143.6 ; V* 0.15, H* 6.93
G1 X110.700 Y80.340 Z4.042 E0.34830 F143.6 ; V* 0.15, H* 6.93
G1 X110.700 Y81.340 Z4.042 E0.34830 F143.6 ; V* 0.15, H* 6.93
G1 X110.700 Y82.340 Z4.042 E0.34830 F143.6 ; V* 0.15, H* 6.93
G1 X110.700 Y83.340 Z4.042 E0.34830 F143.6 ; V* 0.15, H* 6.93
G1 X110.700 Y84.340 Z4.042 E0.34830 F143.6 ; V* 0.15, H* 6.93
G1 X110.700 Y85.340 Z4.042 E0.34830 F143.6 ; V* 0.15, H* 6.93
G1 X110.700 Y86.340 Z4.042 E0.34830 F143.6 ; V* 0.15, H* 6.93
G1 X110.700 Y87.340 Z4.042 E0.34830 F143.6 ; V* 0.15, H* 6.93
G1 X110.700 Y88.340 Z4.042 E0.34830 F143.6 ; V* 0.15, H* 6.93
G1 X110.700 Y89.340 Z4.042 E0.34830 F143.6 ; V* 0.15, H* 6.93
G1 X110.700 Y90.340 Z4.042 E0.34830 F143.6 ; V* 0.15, H* 6.93
G1 X110.700 Y91.340 Z4.042 E0.34830 F143.6 ; V* 0.15, H* 6.93
G1 X110.700 Y92.340 Z4.042 E0.34830 F143.6 ; V* 0.15, H* 6.93
G1 X110.700 Y93.340 Z4.042 E0.34830 F143.6 ; V* 0.15, H* 6.93
G1 X110.700 Y94.340 Z4.042 E0.34830 F143.6 ; V* 0.15, H* 6.93
G0 X110.700 Y95.340 Z7.194 F3000.0 ; Parameter change travel move: V* 0.15->0.40, H* 6.93-> 14.81
G1 X110.700 Y96.340 Z7.194 E0.13061 F382.8 ; V* 0.40, H* 14.81
G1 X110.700 Y97.340 Z7.194 E0.13061 F382.8 ; V* 0.40, H* 14.81
G1 X110.700 Y98.340 Z7.194 E0.13061 F382.8 ; V* 0.40, H* 14.81
G1 X110.700 Y99.340 Z7.194 E0.13061 F382.8 ; V* 0.40, H* 14.81
G0 X110.700 Y100.340 Z4.042 F3000.0 ; Parameter change travel move: V* 0.40->0.15, H* 14.81-> 6.93
G1 X110.700 Y101.340 Z4.042 E0.34830 F143.6 ; V* 0.15, H* 6.93
G1 X110.700 Y102.340 Z4.042 E0.34830 F143.6 ; V* 0.15, H* 6.93
G1 X110.700 Y103.340 Z4.042 E0.34830 F143.6 ; V* 0.15, H* 6.93
G1 X110.700 Y104.340 Z4.042 E0.34830 F143.6 ; V* 0.15, H* 6.93
G1 X110.700 Y105.340 Z4.042 E0.34830 F143.6 ; V* 0.15, H* 6.93
G1 X110.700 Y106.340 Z4.042 E0.34830 F143.6 ; V* 0.15, H* 6.93
G1 X110.700 Y107.340 Z4.042 E0.34830 F143.6 ; V* 0.15, H* 6.93
G1 X110.700 Y108.340 Z4.042 E0.34830 F143.6 ; V* 0.15, H* 6.93
G1 X110.700 Y109.340 Z4.042 E0.34830 F143.6 ; V* 0.15, H* 6.93
G1 X110.700 Y110.340 Z4.042 E0.34830 F143.6 ; V* 0.15, H* 6.93
G1 X110.700 Y111.340 Z4.042 E0.34830 F143.6 ; V* 0.15, H* 6.93
G1 X110.700 Y112.340 Z4.042 E0.34830 F143.6 ; V* 0.15, H* 6.93
G1 X110.700 Y113.340 Z4.042 E0.34830 F143.6 ; V* 0.15, H* 6.93
G1 X110.700 Y114.340 Z4.042 E0.34830 F143.6 ; V* 0.15, H* 6.93
G1 X110.700 Y115.340 Z4.042 E0.34830 F143.6 ; V* 0.15, H* 6.93
G1 X110.700 Y116.340 Z4.042 E0.34830 F143.6 ; V* 0.15, H* 6.93
G1 X110.700 Y117.340 Z4.042 E0.34830 F143.6 ; V* 0.15, H* 6.93
G1 X110.700 Y118.340 Z4.042 E0.34830 F143.6 ; V* 0.15, H* 6.93
G1 X110.700 Y119.340 Z4.042 E0.34830 F143.6 ; V* 0.15, H* 6.93
G1 X110.700 Y120.340 Z4.042 E0.34830 F143.6 ; V* 0.15, H* 6.93
G1 X110.700 Y121.340 Z4.042 E0.34830 F143.6 ; V* 0.15, H* 6.93
G1 X110.700 Y122.340 Z4.042 E0.34830 F143.6 ; V* 0.15, H* 6.93
G0 X110.700 Y123.340 Z7.194 F3000.0 ; Parameter change travel move: V* 0.15->0.40, H* 6.93-> 14.81
G1 X110.700 Y124.340 Z7.194 E0.13061 F382.8 ; V* 0.40, H* 14.81
G1 X110.700 Y125.340 Z7.194 E0.13061 F382.8 ; V* 0.40, H* 14.81
G1 X110.700 Y126.340 Z7.194 E0.13061 F382.8 ; V* 0.40, H* 14.81
G1 X110.700 Y127.340 Z7.194 E0.13061 F382.8 ; V* 0.40, H* 14.81
G1 X110.700 Y128.340 Z7.194 E0.13061 F382.8 ; V* 0.40, H* 14.81
G1 X110.700 Y129.340 Z7.194 E0.13061 F382.8 ; V* 0.40, H* 14.81
G1 X110.700 Y130.340 Z7.194 E0.13061 F382.8 ; V* 0.40, H* 14.81
G1 X110.700 Y131.340 Z7.194 E0.13061 F382.8 ; V* 0.40, H* 14.81
G1 X110.700 Y132.340 Z7.194 E0.13061 F382.8 ; V* 0.40, H* 14.81
G1 X110.700 Y133.340 Z7.194 E0.13061 F382.8 ; V* 0.40, H* 14.81
G1 X110.700 Y134.340 Z7.194 E0.13061 F382.8 ; V* 0.40, H* 14.81
G1 X110.700 Y135.340 Z7.194 E0.13061 F382.8 ; V* 0.40, H* 14.81
G1 X110.700 Y136.340 Z7.194 E0.13061 F382.8 ; V* 0.40, H* 14.81
G1 X110.700 Y137.340 Z7.194 E0.13061 F382.8 ; V* 0.40, H* 14.81
G1 X110.700 Y137.660 Z7.194 E0.04168 F382.8 ; V* 0.40, H* 14.81
G1 X109.700 Y137.660 Z7.194 E0.13061 F382.8 ; V* 0.40, H* 14.81
G1 X109.500 Y137.660 Z7.194 E0.02612 F382.8 ; V* 0.40, H* 14.81
G1 X109.500 Y136.660 Z7.194 E0.13061 F382.8 ; V* 0.40, H* 14.81
G1 X109.500 Y135.660 Z7.194 E0.13061 F382.8 ; V* 0.40, H* 14.81
G1 X109.500 Y134.660 Z7.194 E0.13061 F382.8 ; V* 0.40, H* 14.81
G1 X109.500 Y133.660 Z7.194 E0.13061 F382.8 ; V* 0.40, H* 14.81
G1 X109.500 Y132.660 Z7.194 E0.13061 F382.8 ; V* 0.40, H* 14.81
G1 X109.500 Y131.660 Z7.194 E0.13061 F382.8 ; V* 0.40, H* 14.81
G1 X109.500 Y130.660 Z7.194 E0.13061 F382.8 ; V* 0.40, H* 14.81
G1 X109.500 Y129.660 Z7.194 E0.13061 F382.8 ; V* 0.40, H* 14.81
G1 X109.500 Y128.660 Z7.194 E0.13061 F382.8 ; V* 0.40, H* 14.81
G1 X109.500 Y127.660 Z7.194 E0.13061 F382.8 ; V* 0.40, H* 14.81
G1 X109.500 Y126.660 Z7.194 E0.13061 F382.8 ; V* 0.40, H* 14.81
G1 X109.500 Y125.660 Z7.194 E0.13061 F382.8 ; V* 0.40, H* 14.81
G1 X109.500 Y124.660 Z7.194 E0.13061 F382.8 ; V* 0.40, H* 14.81
G1 X109.500 Y123.660 Z7.194 E0.13061 F382.8 ; V* 0.40, H* 14.81
G1 X109.500 Y122.660 Z7.194 E0.13061 F382.8 ; V* 0.40, H* 14.81
G1 X109.500 Y121.660 Z7.194 E0.13061 F382.8 ; V* 0.40, H* 14.81
G1 X109.500 Y120.660 Z7.194 E0.13061 F382.8 ; V* 0.40, H* 14.81
G1 X109.500 Y119.660 Z7.194 E0.13061 F382.8 ; V* 0.40, H* 14.81
G1 X109.500 Y118.660 Z7.194 E0.13061 F382.8 ; V* 0.40, H* 14.81
G1 X109.500 Y117.660 Z7.194 E0.13061 F382.8 ; V* 0.40, H* 14.81
G1 X109.500 Y116.660 Z7.194 E0.13061 F382.8 ; V* 0.40, H* 14.81
G1 X109.500 Y115.660 Z7.194 E0.13061 F382.8 ; V* 0.40, H* 14.81
G0 X109.500 Y114.660 Z4.042 F3000.0 ; Parameter change travel move: V* 0.40->0.15, H* 14.81-> 6.93
G1 X109.500 Y113.660 Z4.042 E0.34830 F143.6 ; V* 0.15, H* 6.93
G1 X109.500 Y112.660 Z4.042 E0.34830 F143.6 ; V* 0.15, H* 6.93
G1 X109.500 Y111.660 Z4.042 E0.34830 F143.6 ; V* 0.15, H* 6.93
G1 X109.500 Y110.660 Z4.042 E0.34830 F143.6 ; V* 0.15, H* 6.93
G1 X109.500 Y109.660 Z4.042 E0.34830 F143.6 ; V* 0.15, H* 6.93
G1 X109.500 Y108.660 Z4.042 E0.34830 F143.6 ; V* 0.15, H* 6.93
G1 X109.500 Y107.660 Z4.042 E0.34830 F143.6 ; V* 0.15, H* 6.93
G1 X109.500 Y106.660 Z4.042 E0.34830 F143.6 ; V* 0.15, H* 6.93
G1 X109.500 Y105.660 Z4.042 E0.34830 F143.6 ; V* 0.15, H* 6.93
G1 X109.500 Y104.660 Z4.042 E0.34830 F143.6 ; V* 0.15, H* 6.93
G1 X109.500 Y103.660 Z4.042 E0.34830 F143.6 ; V* 0.15, H* 6.93
G1 X109.500 Y102.660 Z4.042 E0.34830 F143.6 ; V* 0.15, H* 6.93
G0 X109.500 Y101.660 Z7.194 F3000.0 ; Parameter change travel move: V* 0.15->0.40, H* 6.93-> 14.81
G1 X109.500 Y100.660 Z7.194 E0.13061 F382.8 ; V* 0.40, H* 14.81
G1 X109.500 Y99.660 Z7.194 E0.13061 F382.8 ; V* 0.40, H* 14.81
G1 X109.500 Y98.660 Z7.194 E0.13061 F382.8 ; V* 0.40, H* 14.81
G1 X109.500 Y97.660 Z7.194 E0.13061 F382.8 ; V* 0.40, H* 14.81
G1 X109.500 Y96.660 Z7.194 E0.13061 F382.8 ; V* 0.40, H* 14.81
G1 X109.500 Y95.660 Z7.194 E0.13061 F382.8 ; V* 0.40, H* 14.81
G1 X109.500 Y94.660 Z7.194 E0.13061 F382.8 ; V* 0.40, H* 14.81
G0 X109.500 Y93.660 Z4.042 F3000.0 ; Parameter change travel move: V* 0.40->0.15, H* 14.81-> 6.93
G1 X109.500 Y92.660 Z4.042 E0.34830 F143.6 ; V* 0.15, H* 6.93
G1 X109.500 Y91.660 Z4.042 E0.34830 F143.6 ; V* 0.15, H* 6.93
G1 X109.500 Y90.660 Z4.042 E0.34830 F143.6 ; V* 0.15, H* 6.93
G1 X109.500 Y89.660 Z4.042 E0.34830 F143.6 ; V* 0.15, H* 6.93
G1 X109.500 Y88.660 Z4.042 E0.34830 F143.6 ; V* 0.15, H* 6.93
G1 X109.500 Y87.660 Z4.042 E0.34830 F143.6 ; V* 0.15, H* 6.93
G1 X109.500 Y86.660 Z4.042 E0.34830 F143.6 ; V* 0.15, H* 6.93
G1 X109.500 Y85.660 Z4.042 E0.34830 F143.6 ; V* 0.15, H* 6.93
G1 X109.500 Y84.660 Z4.042 E0.34830 F143.6 ; V* 0.15, H* 6.93
G1 X109.500 Y83.660 Z4.042 E0.34830 F143.6 ; V* 0.15, H* 6.93
G1 X109.500 Y82.660 Z4.042 E0.34830 F143.6 ; V* 0.15, H* 6.93
G1 X109.500 Y81.660 Z4.042 E0.34830 F143.6 ; V* 0.15, H* 6.93
G1 X109.500 Y80.660 Z4.042 E0.34830 F143.6 ; V* 0.15, H* 6.93
G1 X109.500 Y79.660 Z4.042 E0.34830 F143.6 ; V* 0.15, H* 6.93
G1 X109.500 Y78.660 Z4.042 E0.34830 F143.6 ; V* 0.15, H* 6.93
G1 X109.500 Y77.660 Z4.042 E0.34830 F143.6 ; V* 0.15, H* 6.93
G1 X109.500 Y76.660 Z4.042 E0.34830 F143.6 ; V* 0.15, H* 6.93
G1 X109.500 Y75.660 Z4.042 E0.34830 F143.6 ; V* 0.15, H* 6.93
G1 X109.500 Y74.660 Z4.042 E0.34830 F143.6 ; V* 0.15, H* 6.93
G1 X109.500 Y73.660 Z4.042 E0.34830 F143.6 ; V* 0.15, H* 6.93
G1 X109.500 Y72.660 Z4.042 E0.34830 F143.6 ; V* 0.15, H* 6.93
G0 X109.500 Y72.340 Z7.194 F3000.0 ; Parameter change travel move: V* 0.15->0.40, H* 6.93-> 14.81
G1 X108.500 Y72.340 Z7.194 E0.13061 F382.8 ; V* 0.40, H* 14.81
G1 X108.300 Y72.340 Z7.194 E0.02612 F382.8 ; V* 0.40, H* 14.81
G0 X108.300 Y73.340 Z4.042 F3000.0 ; Parameter change travel move: V* 0.40->0.15, H* 14.81-> 6.93
G1 X108.300 Y74.340 Z4.042 E0.34830 F143.6 ; V* 0.15, H* 6.93
G1 X108.300 Y75.340 Z4.042 E0.34830 F143.6 ; V* 0.15, H* 6.93
G1 X108.300 Y76.340 Z4.042 E0.34830 F143.6 ; V* 0.15, H* 6.93
G1 X108.300 Y77.340 Z4.042 E0.34830 F143.6 ; V* 0.15, H* 6.93
G1 X108.300 Y78.340 Z4.042 E0.34830 F143.6 ; V* 0.15, H* 6.93
G1 X108.300 Y79.340 Z4.042 E0.34830 F143.6 ; V* 0.15, H* 6.93
G1 X108.300 Y80.340 Z4.042 E0.34830 F143.6 ; V* 0.15, H* 6.93
G1 X108.300 Y81.340 Z4.042 E0.34830 F143.6 ; V* 0.15, H* 6.93
G1 X108.300 Y82.340 Z4.042 E0.34830 F143.6 ; V* 0.15, H* 6.93
G1 X108.300 Y83.340 Z4.042 E0.34830 F143.6 ; V* 0.15, H* 6.93
G1 X108.300 Y84.340 Z4.042 E0.34830 F143.6 ; V* 0.15, H* 6.93
G1 X108.300 Y85.340 Z4.042 E0.34830 F143.6 ; V* 0.15, H* 6.93
G1 X108.300 Y86.340 Z4.042 E0.34830 F143.6 ; V* 0.15, H* 6.93
G1 X108.300 Y87.340 Z4.042 E0.34830 F143.6 ; V* 0.15, H* 6.93
G1 X108.300 Y88.340 Z4.042 E0.34830 F143.6 ; V* 0.15, H* 6.93
G1 X108.300 Y89.340 Z4.042 E0.34830 F143.6 ; V* 0.15, H* 6.93
G1 X108.300 Y90.340 Z4.042 E0.34830 F143.6 ; V* 0.15, H* 6.93
G1 X108.300 Y91.340 Z4.042 E0.34830 F143.6 ; V* 0.15, H* 6.93
G0 X108.300 Y92.340 Z7.194 F3000.0 ; Parameter change travel move: V* 0.15->0.40, H* 6.93-> 14.81
G1 X108.300 Y93.340 Z7.194 E0.13061 F382.8 ; V* 0.40, H* 14.81
G1 X108.300 Y94.340 Z7.194 E0.13061 F382.8 ; V* 0.40, H* 14.81
G1 X108.300 Y95.340 Z7.194 E0.13061 F382.8 ; V* 0.40, H* 14.81
G1 X108.300 Y96.340 Z7.194 E0.13061 F382.8 ; V* 0.40, H* 14.81
G1 X108.300 Y97.340 Z7.194 E0.13061 F382.8 ; V* 0.40, H* 14.81
G1 X108.300 Y98.340 Z7.194 E0.13061 F382.8 ; V* 0.40, H* 14.81
G1 X108.300 Y99.340 Z7.194 E0.13061 F382.8 ; V* 0.40, H* 14.81
G1 X108.300 Y100.340 Z7.194 E0.13061 F382.8 ; V* 0.40, H* 14.81
G1 X108.300 Y101.340 Z7.194 E0.13061 F382.8 ; V* 0.40, H* 14.81
G1 X108.300 Y102.340 Z7.194 E0.13061 F382.8 ; V* 0.40, H* 14.81
G1 X108.300 Y103.340 Z7.194 E0.13061 F382.8 ; V* 0.40, H* 14.81
G1 X108.300 Y104.340 Z7.194 E0.13061 F382.8 ; V* 0.40, H* 14.81
G1 X108.300 Y105.340 Z7.194 E0.13061 F382.8 ; V* 0.40, H* 14.81
G1 X108.300 Y106.340 Z7.194 E0.13061 F382.8 ; V* 0.40, H* 14.81
G1 X108.300 Y107.340 Z7.194 E0.13061 F382.8 ; V* 0.40, H* 14.81
G1 X108.300 Y108.340 Z7.194 E0.13061 F382.8 ; V* 0.40, H* 14.81
G1 X108.300 Y109.340 Z7.194 E0.13061 F382.8 ; V* 0.40, H* 14.81
G1 X108.300 Y110.340 Z7.194 E0.13061 F382.8 ; V* 0.40, H* 14.81
G1 X108.300 Y111.340 Z7.194 E0.13061 F382.8 ; V* 0.40, H* 14.81
G1 X108.300 Y112.340 Z7.194 E0.13061 F382.8 ; V* 0.40, H* 14.81
G1 X108.300 Y113.340 Z7.194 E0.13061 F382.8 ; V* 0.40, H* 14.81
G1 X108.300 Y114.340 Z7.194 E0.13061 F382.8 ; V* 0.40, H* 14.81
G1 X108.300 Y115.340 Z7.194 E0.13061 F382.8 ; V* 0.40, H* 14.81
G1 X108.300 Y116.340 Z7.194 E0.13061 F382.8 ; V* 0.40, H* 14.81
G1 X108.300 Y117.340 Z7.194 E0.13061 F382.8 ; V* 0.40, H* 14.81
G1 X108.300 Y118.340 Z7.194 E0.13061 F382.8 ; V* 0.40, H* 14.81
G1 X108.300 Y119.340 Z7.194 E0.13061 F382.8 ; V* 0.40, H* 14.81
G1 X108.300 Y120.340 Z7.194 E0.13061 F382.8 ; V* 0.40, H* 14.81
G1 X108.300 Y121.340 Z7.194 E0.13061 F382.8 ; V* 0.40, H* 14.81
G1 X108.300 Y122.340 Z7.194 E0.13061 F382.8 ; V* 0.40, H* 14.81
G1 X108.300 Y123.340 Z7.194 E0.13061 F382.8 ; V* 0.40, H* 14.81
G1 X108.300 Y124.340 Z7.194 E0.13061 F382.8 ; V* 0.40, H* 14.81
G1 X108.300 Y125.340 Z7.194 E0.13061 F382.8 ; V* 0.40, H* 14.81
G1 X108.300 Y126.340 Z7.194 E0.13061 F382.8 ; V* 0.40, H* 14.81
G1 X108.300 Y127.340 Z7.194 E0.13061 F382.8 ; V* 0.40, H* 14.81
G1 X108.300 Y128.340 Z7.194 E0.13061 F382.8 ; V* 0.40, H* 14.81
G1 X108.300 Y129.340 Z7.194 E0.13061 F382.8 ; V* 0.40, H* 14.81
G1 X108.300 Y130.340 Z7.194 E0.13061 F382.8 ; V* 0.40, H* 14.81
G1 X108.300 Y131.340 Z7.194 E0.13061 F382.8 ; V* 0.40, H* 14.81
G1 X108.300 Y132.340 Z7.194 E0.13061 F382.8 ; V* 0.40, H* 14.81
G1 X108.300 Y133.340 Z7.194 E0.13061 F382.8 ; V* 0.40, H* 14.81
G1 X108.300 Y134.340 Z7.194 E0.13061 F382.8 ; V* 0.40, H* 14.81
G1 X108.300 Y135.340 Z7.194 E0.13061 F382.8 ; V* 0.40, H* 14.81
G1 X108.300 Y136.340 Z7.194 E0.13061 F382.8 ; V* 0.40, H* 14.81
G1 X108.300 Y137.340 Z7.194 E0.13061 F382.8 ; V* 0.40, H* 14.81
G1 X108.300 Y137.660 Z7.194 E0.04168 F382.8 ; V* 0.40, H* 14.81
G1 X107.300 Y137.660 Z7.194 E0.13061 F382.8 ; V* 0.40, H* 14.81
G1 X107.100 Y137.660 Z7.194 E0.02612 F382.8 ; V* 0.40, H* 14.81
G1 X107.100 Y136.660 Z7.194 E0.13061 F382.8 ; V* 0.40, H* 14.81
G1 X107.100 Y135.660 Z7.194 E0.13061 F382.8 ; V* 0.40, H* 14.81
G1 X107.100 Y134.660 Z7.194 E0.13061 F382.8 ; V* 0.40, H* 14.81
G1 X107.100 Y133.660 Z7.194 E0.13061 F382.8 ; V* 0.40, H* 14.81
G1 X107.100 Y132.660 Z7.194 E0.13061 F382.8 ; V* 0.40, H* 14.81
G1 X107.100 Y131.660 Z7.194 E0.13061 F382.8 ; V* 0.40, H* 14.81
G1 X107.100 Y130.660 Z7.194 E0.13061 F382.8 ; V* 0.40, H* 14.81
G1 X107.100 Y129.660 Z7.194 E0.13061 F382.8 ; V* 0.40, H* 14.81
G1 X107.100 Y128.660 Z7.194 E0.13061 F382.8 ; V* 0.40, H* 14.81
G1 X107.100 Y127.660 Z7.194 E0.13061 F382.8 ; V* 0.40, H* 14.81
G1 X107.100 Y126.660 Z7.194 E0.13061 F382.8 ; V* 0.40, H* 14.81
G1 X107.100 Y125.660 Z7.194 E0.13061 F382.8 ; V* 0.40, H* 14.81
G1 X107.100 Y124.660 Z7.194 E0.13061 F382.8 ; V* 0.40, H* 14.81
G1 X107.100 Y123.660 Z7.194 E0.13061 F382.8 ; V* 0.40, H* 14.81
G1 X107.100 Y122.660 Z7.194 E0.13061 F382.8 ; V* 0.40, H* 14.81
G1 X107.100 Y121.660 Z7.194 E0.13061 F382.8 ; V* 0.40, H* 14.81
G1 X107.100 Y120.660 Z7.194 E0.13061 F382.8 ; V* 0.40, H* 14.81
G1 X107.100 Y119.660 Z7.194 E0.13061 F382.8 ; V* 0.40, H* 14.81
G1 X107.100 Y118.660 Z7.194 E0.13061 F382.8 ; V* 0.40, H* 14.81
G1 X107.100 Y117.660 Z7.194 E0.13061 F382.8 ; V* 0.40, H* 14.81
G1 X107.100 Y116.660 Z7.194 E0.13061 F382.8 ; V* 0.40, H* 14.81
G1 X107.100 Y115.660 Z7.194 E0.13061 F382.8 ; V* 0.40, H* 14.81
G1 X107.100 Y114.660 Z7.194 E0.13061 F382.8 ; V* 0.40, H* 14.81
G1 X107.100 Y113.660 Z7.194 E0.13061 F382.8 ; V* 0.40, H* 14.81
G1 X107.100 Y112.660 Z7.194 E0.13061 F382.8 ; V* 0.40, H* 14.81
G1 X107.100 Y111.660 Z7.194 E0.13061 F382.8 ; V* 0.40, H* 14.81
G1 X107.100 Y110.660 Z7.194 E0.13061 F382.8 ; V* 0.40, H* 14.81
G1 X107.100 Y109.660 Z7.194 E0.13061 F382.8 ; V* 0.40, H* 14.81
G1 X107.100 Y108.660 Z7.194 E0.13061 F382.8 ; V* 0.40, H* 14.81
G1 X107.100 Y107.660 Z7.194 E0.13061 F382.8 ; V* 0.40, H* 14.81
G1 X107.100 Y106.660 Z7.194 E0.13061 F382.8 ; V* 0.40, H* 14.81
G1 X107.100 Y105.660 Z7.194 E0.13061 F382.8 ; V* 0.40, H* 14.81
G1 X107.100 Y104.660 Z7.194 E0.13061 F382.8 ; V* 0.40, H* 14.81
G1 X107.100 Y103.660 Z7.194 E0.13061 F382.8 ; V* 0.40, H* 14.81
G1 X107.100 Y102.660 Z7.194 E0.13061 F382.8 ; V* 0.40, H* 14.81
G1 X107.100 Y101.660 Z7.194 E0.13061 F382.8 ; V* 0.40, H* 14.81
G1 X107.100 Y100.660 Z7.194 E0.13061 F382.8 ; V* 0.40, H* 14.81
G1 X107.100 Y99.660 Z7.194 E0.13061 F382.8 ; V* 0.40, H* 14.81
G1 X107.100 Y98.660 Z7.194 E0.13061 F382.8 ; V* 0.40, H* 14.81
G1 X107.100 Y97.660 Z7.194 E0.13061 F382.8 ; V* 0.40, H* 14.81
G1 X107.100 Y96.660 Z7.194 E0.13061 F382.8 ; V* 0.40, H* 14.81
G1 X107.100 Y95.660 Z7.194 E0.13061 F382.8 ; V* 0.40, H* 14.81
G1 X107.100 Y94.660 Z7.194 E0.13061 F382.8 ; V* 0.40, H* 14.81
G1 X107.100 Y93.660 Z7.194 E0.13061 F382.8 ; V* 0.40, H* 14.81
G1 X107.100 Y92.660 Z7.194 E0.13061 F382.8 ; V* 0.40, H* 14.81
G1 X107.100 Y91.660 Z7.194 E0.13061 F382.8 ; V* 0.40, H* 14.81
G1 X107.100 Y90.660 Z7.194 E0.13061 F382.8 ; V* 0.40, H* 14.81
G0 X107.100 Y89.660 Z4.042 F3000.0 ; Parameter change travel move: V* 0.40->0.15, H* 14.81-> 6.93
G1 X107.100 Y88.660 Z4.042 E0.34830 F143.6 ; V* 0.15, H* 6.93
G1 X107.100 Y87.660 Z4.042 E0.34830 F143.6 ; V* 0.15, H* 6.93
G1 X107.100 Y86.660 Z4.042 E0.34830 F143.6 ; V* 0.15, H* 6.93
G1 X107.100 Y85.660 Z4.042 E0.34830 F143.6 ; V* 0.15, H* 6.93
G1 X107.100 Y84.660 Z4.042 E0.34830 F143.6 ; V* 0.15, H* 6.93
G1 X107.100 Y83.660 Z4.042 E0.34830 F143.6 ; V* 0.15, H* 6.93
G1 X107.100 Y82.660 Z4.042 E0.34830 F143.6 ; V* 0.15, H* 6.93
G1 X107.100 Y81.660 Z4.042 E0.34830 F143.6 ; V* 0.15, H* 6.93
G1 X107.100 Y80.660 Z4.042 E0.34830 F143.6 ; V* 0.15, H* 6.93
G1 X107.100 Y79.660 Z4.042 E0.34830 F143.6 ; V* 0.15, H* 6.93
G1 X107.100 Y78.660 Z4.042 E0.34830 F143.6 ; V* 0.15, H* 6.93
G1 X107.100 Y77.660 Z4.042 E0.34830 F143.6 ; V* 0.15, H* 6.93
G1 X107.100 Y76.660 Z4.042 E0.34830 F143.6 ; V* 0.15, H* 6.93
G1 X107.100 Y75.660 Z4.042 E0.34830 F143.6 ; V* 0.15, H* 6.93
G1 X107.100 Y74.660 Z4.042 E0.34830 F143.6 ; V* 0.15, H* 6.93
G1 X107.100 Y73.660 Z4.042 E0.34830 F143.6 ; V* 0.15, H* 6.93
G0 X107.100 Y72.660 Z7.194 F3000.0 ; Parameter change travel move: V* 0.15->0.40, H* 6.93-> 14.81
G1 X107.100 Y72.340 Z7.194 E0.04168 F382.8 ; V* 0.40, H* 14.81
G1 X106.100 Y72.340 Z7.194 E0.13061 F382.8 ; V* 0.40, H* 14.81
G1 X105.900 Y72.340 Z7.194 E0.02612 F382.8 ; V* 0.40, H* 14.81
G0 X105.900 Y73.340 Z4.042 F3000.0 ; Parameter change travel move: V* 0.40->0.15, H* 14.81-> 6.93
G1 X105.900 Y74.340 Z4.042 E0.34830 F143.6 ; V* 0.15, H* 6.93
G1 X105.900 Y75.340 Z4.042 E0.34830 F143.6 ; V* 0.15, H* 6.93
G1 X105.900 Y76.340 Z4.042 E0.34830 F143.6 ; V* 0.15, H* 6.93
G1 X105.900 Y77.340 Z4.042 E0.34830 F143.6 ; V* 0.15, H* 6.93
G1 X105.900 Y78.340 Z4.042 E0.34830 F143.6 ; V* 0.15, H* 6.93
G1 X105.900 Y79.340 Z4.042 E0.34830 F143.6 ; V* 0.15, H* 6.93
G1 X105.900 Y80.340 Z4.042 E0.34830 F143.6 ; V* 0.15, H* 6.93
G1 X105.900 Y81.340 Z4.042 E0.34830 F143.6 ; V* 0.15, H* 6.93
G1 X105.900 Y82.340 Z4.042 E0.34830 F143.6 ; V* 0.15, H* 6.93
G1 X105.900 Y83.340 Z4.042 E0.34830 F143.6 ; V* 0.15, H* 6.93
G1 X105.900 Y84.340 Z4.042 E0.34830 F143.6 ; V* 0.15, H* 6.93
G1 X105.900 Y85.340 Z4.042 E0.34830 F143.6 ; V* 0.15, H* 6.93
G1 X105.900 Y86.340 Z4.042 E0.34830 F143.6 ; V* 0.15, H* 6.93
G1 X105.900 Y87.340 Z4.042 E0.34830 F143.6 ; V* 0.15, H* 6.93
G1 X105.900 Y88.340 Z4.042 E0.34830 F143.6 ; V* 0.15, H* 6.93
G0 X105.900 Y89.340 Z7.194 F3000.0 ; Parameter change travel move: V* 0.15->0.40, H* 6.93-> 14.81
G1 X105.900 Y90.340 Z7.194 E0.13061 F382.8 ; V* 0.40, H* 14.81
G1 X105.900 Y91.340 Z7.194 E0.13061 F382.8 ; V* 0.40, H* 14.81
G1 X105.900 Y92.340 Z7.194 E0.13061 F382.8 ; V* 0.40, H* 14.81
G1 X105.900 Y93.340 Z7.194 E0.13061 F382.8 ; V* 0.40, H* 14.81
G1 X105.900 Y94.340 Z7.194 E0.13061 F382.8 ; V* 0.40, H* 14.81
G1 X105.900 Y95.340 Z7.194 E0.13061 F382.8 ; V* 0.40, H* 14.81
G1 X105.900 Y96.340 Z7.194 E0.13061 F382.8 ; V* 0.40, H* 14.81
G1 X105.900 Y97.340 Z7.194 E0.13061 F382.8 ; V* 0.40, H* 14.81
G1 X105.900 Y98.340 Z7.194 E0.13061 F382.8 ; V* 0.40, H* 14.81
G1 X105.900 Y99.340 Z7.194 E0.13061 F382.8 ; V* 0.40, H* 14.81
G1 X105.900 Y100.340 Z7.194 E0.13061 F382.8 ; V* 0.40, H* 14.81
G1 X105.900 Y101.340 Z7.194 E0.13061 F382.8 ; V* 0.40, H* 14.81
G1 X105.900 Y102.340 Z7.194 E0.13061 F382.8 ; V* 0.40, H* 14.81
G1 X105.900 Y103.340 Z7.194 E0.13061 F382.8 ; V* 0.40, H* 14.81
G1 X105.900 Y104.340 Z7.194 E0.13061 F382.8 ; V* 0.40, H* 14.81
G1 X105.900 Y105.340 Z7.194 E0.13061 F382.8 ; V* 0.40, H* 14.81
G1 X105.900 Y106.340 Z7.194 E0.13061 F382.8 ; V* 0.40, H* 14.81
G1 X105.900 Y107.340 Z7.194 E0.13061 F382.8 ; V* 0.40, H* 14.81
G1 X105.900 Y108.340 Z7.194 E0.13061 F382.8 ; V* 0.40, H* 14.81
G1 X105.900 Y109.340 Z7.194 E0.13061 F382.8 ; V* 0.40, H* 14.81
G1 X105.900 Y110.340 Z7.194 E0.13061 F382.8 ; V* 0.40, H* 14.81
G1 X105.900 Y111.340 Z7.194 E0.13061 F382.8 ; V* 0.40, H* 14.81
G1 X105.900 Y112.340 Z7.194 E0.13061 F382.8 ; V* 0.40, H* 14.81
G1 X105.900 Y113.340 Z7.194 E0.13061 F382.8 ; V* 0.40, H* 14.81
G1 X105.900 Y114.340 Z7.194 E0.13061 F382.8 ; V* 0.40, H* 14.81
G1 X105.900 Y115.340 Z7.194 E0.13061 F382.8 ; V* 0.40, H* 14.81
G1 X105.900 Y116.340 Z7.194 E0.13061 F382.8 ; V* 0.40, H* 14.81
G1 X105.900 Y117.340 Z7.194 E0.13061 F382.8 ; V* 0.40, H* 14.81
G1 X105.900 Y118.340 Z7.194 E0.13061 F382.8 ; V* 0.40, H* 14.81
G1 X105.900 Y119.340 Z7.194 E0.13061 F382.8 ; V* 0.40, H* 14.81
G1 X105.900 Y120.340 Z7.194 E0.13061 F382.8 ; V* 0.40, H* 14.81
G1 X105.900 Y121.340 Z7.194 E0.13061 F382.8 ; V* 0.40, H* 14.81
G1 X105.900 Y122.340 Z7.194 E0.13061 F382.8 ; V* 0.40, H* 14.81
G1 X105.900 Y123.340 Z7.194 E0.13061 F382.8 ; V* 0.40, H* 14.81
G1 X105.900 Y124.340 Z7.194 E0.13061 F382.8 ; V* 0.40, H* 14.81
G1 X105.900 Y125.340 Z7.194 E0.13061 F382.8 ; V* 0.40, H* 14.81
G1 X105.900 Y126.340 Z7.194 E0.13061 F382.8 ; V* 0.40, H* 14.81
G1 X105.900 Y127.340 Z7.194 E0.13061 F382.8 ; V* 0.40, H* 14.81
G1 X105.900 Y128.340 Z7.194 E0.13061 F382.8 ; V* 0.40, H* 14.81
G1 X105.900 Y129.340 Z7.194 E0.13061 F382.8 ; V* 0.40, H* 14.81
G1 X105.900 Y130.340 Z7.194 E0.13061 F382.8 ; V* 0.40, H* 14.81
G1 X105.900 Y131.340 Z7.194 E0.13061 F382.8 ; V* 0.40, H* 14.81
G1 X105.900 Y132.340 Z7.194 E0.13061 F382.8 ; V* 0.40, H* 14.81
G1 X105.900 Y133.340 Z7.194 E0.13061 F382.8 ; V* 0.40, H* 14.81
G1 X105.900 Y134.340 Z7.194 E0.13061 F382.8 ; V* 0.40, H* 14.81
G1 X105.900 Y135.340 Z7.194 E0.13061 F382.8 ; V* 0.40, H* 14.81
G1 X105.900 Y136.340 Z7.194 E0.13061 F382.8 ; V* 0.40, H* 14.81
G1 X105.900 Y137.340 Z7.194 E0.13061 F382.8 ; V* 0.40, H* 14.81
G1 X105.900 Y137.660 Z7.194 E0.04168 F382.8 ; V* 0.40, H* 14.81
G1 X104.900 Y137.660 Z7.194 E0.13061 F382.8 ; V* 0.40, H* 14.81
G1 X104.700 Y137.660 Z7.194 E0.02612 F382.8 ; V* 0.40, H* 14.81
G1 X104.700 Y136.660 Z7.194 E0.13061 F382.8 ; V* 0.40, H* 14.81
G1 X104.700 Y135.660 Z7.194 E0.13061 F382.8 ; V* 0.40, H* 14.81
G1 X104.700 Y134.660 Z7.194 E0.13061 F382.8 ; V* 0.40, H* 14.81
G1 X104.700 Y133.660 Z7.194 E0.13061 F382.8 ; V* 0.40, H* 14.81
G1 X104.700 Y132.660 Z7.194 E0.13061 F382.8 ; V* 0.40, H* 14.81
G1 X104.700 Y131.660 Z7.194 E0.13061 F382.8 ; V* 0.40, H* 14.81
G1 X104.700 Y130.660 Z7.194 E0.13061 F382.8 ; V* 0.40, H* 14.81
G1 X104.700 Y129.660 Z7.194 E0.13061 F382.8 ; V* 0.40, H* 14.81
G1 X104.700 Y128.660 Z7.194 E0.13061 F382.8 ; V* 0.40, H* 14.81
G1 X104.700 Y127.660 Z7.194 E0.13061 F382.8 ; V* 0.40, H* 14.81
G1 X104.700 Y126.660 Z7.194 E0.13061 F382.8 ; V* 0.40, H* 14.81
G1 X104.700 Y125.660 Z7.194 E0.13061 F382.8 ; V* 0.40, H* 14.81
G1 X104.700 Y124.660 Z7.194 E0.13061 F382.8 ; V* 0.40, H* 14.81
G1 X104.700 Y123.660 Z7.194 E0.13061 F382.8 ; V* 0.40, H* 14.81
G1 X104.700 Y122.660 Z7.194 E0.13061 F382.8 ; V* 0.40, H* 14.81
G1 X104.700 Y121.660 Z7.194 E0.13061 F382.8 ; V* 0.40, H* 14.81
G1 X104.700 Y120.660 Z7.194 E0.13061 F382.8 ; V* 0.40, H* 14.81
G1 X104.700 Y119.660 Z7.194 E0.13061 F382.8 ; V* 0.40, H* 14.81
G1 X104.700 Y118.660 Z7.194 E0.13061 F382.8 ; V* 0.40, H* 14.81
G1 X104.700 Y117.660 Z7.194 E0.13061 F382.8 ; V* 0.40, H* 14.81
G1 X104.700 Y116.660 Z7.194 E0.13061 F382.8 ; V* 0.40, H* 14.81
G1 X104.700 Y115.660 Z7.194 E0.13061 F382.8 ; V* 0.40, H* 14.81
G1 X104.700 Y114.660 Z7.194 E0.13061 F382.8 ; V* 0.40, H* 14.81
G1 X104.700 Y113.660 Z7.194 E0.13061 F382.8 ; V* 0.40, H* 14.81
G1 X104.700 Y112.660 Z7.194 E0.13061 F382.8 ; V* 0.40, H* 14.81
G1 X104.700 Y111.660 Z7.194 E0.13061 F382.8 ; V* 0.40, H* 14.81
G1 X104.700 Y110.660 Z7.194 E0.13061 F382.8 ; V* 0.40, H* 14.81
G1 X104.700 Y109.660 Z7.194 E0.13061 F382.8 ; V* 0.40, H* 14.81
G1 X104.700 Y108.660 Z7.194 E0.13061 F382.8 ; V* 0.40, H* 14.81
G1 X104.700 Y107.660 Z7.194 E0.13061 F382.8 ; V* 0.40, H* 14.81
G1 X104.700 Y106.660 Z7.194 E0.13061 F382.8 ; V* 0.40, H* 14.81
G1 X104.700 Y105.660 Z7.194 E0.13061 F382.8 ; V* 0.40, H* 14.81
G1 X104.700 Y104.660 Z7.194 E0.13061 F382.8 ; V* 0.40, H* 14.81
G1 X104.700 Y103.660 Z7.194 E0.13061 F382.8 ; V* 0.40, H* 14.81
G1 X104.700 Y102.660 Z7.194 E0.13061 F382.8 ; V* 0.40, H* 14.81
G1 X104.700 Y101.660 Z7.194 E0.13061 F382.8 ; V* 0.40, H* 14.81
G1 X104.700 Y100.660 Z7.194 E0.13061 F382.8 ; V* 0.40, H* 14.81
G1 X104.700 Y99.660 Z7.194 E0.13061 F382.8 ; V* 0.40, H* 14.81
G1 X104.700 Y98.660 Z7.194 E0.13061 F382.8 ; V* 0.40, H* 14.81
G1 X104.700 Y97.660 Z7.194 E0.13061 F382.8 ; V* 0.40, H* 14.81
G1 X104.700 Y96.660 Z7.194 E0.13061 F382.8 ; V* 0.40, H* 14.81
G1 X104.700 Y95.660 Z7.194 E0.13061 F382.8 ; V* 0.40, H* 14.81
G1 X104.700 Y94.660 Z7.194 E0.13061 F382.8 ; V* 0.40, H* 14.81
G1 X104.700 Y93.660 Z7.194 E0.13061 F382.8 ; V* 0.40, H* 14.81
G1 X104.700 Y92.660 Z7.194 E0.13061 F382.8 ; V* 0.40, H* 14.81
G1 X104.700 Y91.660 Z7.194 E0.13061 F382.8 ; V* 0.40, H* 14.81
G1 X104.700 Y90.660 Z7.194 E0.13061 F382.8 ; V* 0.40, H* 14.81
G1 X104.700 Y89.660 Z7.194 E0.13061 F382.8 ; V* 0.40, H* 14.81
G1 X104.700 Y88.660 Z7.194 E0.13061 F382.8 ; V* 0.40, H* 14.81
G0 X104.700 Y87.660 Z4.042 F3000.0 ; Parameter change travel move: V* 0.40->0.15, H* 14.81-> 6.93
G1 X104.700 Y86.660 Z4.042 E0.34830 F143.6 ; V* 0.15, H* 6.93
G1 X104.700 Y85.660 Z4.042 E0.34830 F143.6 ; V* 0.15, H* 6.93
G1 X104.700 Y84.660 Z4.042 E0.34830 F143.6 ; V* 0.15, H* 6.93
G1 X104.700 Y83.660 Z4.042 E0.34830 F143.6 ; V* 0.15, H* 6.93
G1 X104.700 Y82.660 Z4.042 E0.34830 F143.6 ; V* 0.15, H* 6.93
G1 X104.700 Y81.660 Z4.042 E0.34830 F143.6 ; V* 0.15, H* 6.93
G1 X104.700 Y80.660 Z4.042 E0.34830 F143.6 ; V* 0.15, H* 6.93
G1 X104.700 Y79.660 Z4.042 E0.34830 F143.6 ; V* 0.15, H* 6.93
G1 X104.700 Y78.660 Z4.042 E0.34830 F143.6 ; V* 0.15, H* 6.93
G1 X104.700 Y77.660 Z4.042 E0.34830 F143.6 ; V* 0.15, H* 6.93
G1 X104.700 Y76.660 Z4.042 E0.34830 F143.6 ; V* 0.15, H* 6.93
G1 X104.700 Y75.660 Z4.042 E0.34830 F143.6 ; V* 0.15, H* 6.93
G1 X104.700 Y74.660 Z4.042 E0.34830 F143.6 ; V* 0.15, H* 6.93
G1 X104.700 Y73.660 Z4.042 E0.34830 F143.6 ; V* 0.15, H* 6.93
G0 X104.700 Y72.660 Z7.194 F3000.0 ; Parameter change travel move: V* 0.15->0.40, H* 6.93-> 14.81
G1 X104.700 Y72.340 Z7.194 E0.04168 F382.8 ; V* 0.40, H* 14.81
G1 X103.700 Y72.340 Z7.194 E0.13061 F382.8 ; V* 0.40, H* 14.81
G1 X103.500 Y72.340 Z7.194 E0.02612 F382.8 ; V* 0.40, H* 14.81
G1 X103.500 Y73.340 Z7.194 E0.13061 F382.8 ; V* 0.40, H* 14.81
G0 X103.500 Y74.340 Z4.042 F3000.0 ; Parameter change travel move: V* 0.40->0.15, H* 14.81-> 6.93
G1 X103.500 Y75.340 Z4.042 E0.34830 F143.6 ; V* 0.15, H* 6.93
G1 X103.500 Y76.340 Z4.042 E0.34830 F143.6 ; V* 0.15, H* 6.93
G1 X103.500 Y77.340 Z4.042 E0.34830 F143.6 ; V* 0.15, H* 6.93
G1 X103.500 Y78.340 Z4.042 E0.34830 F143.6 ; V* 0.15, H* 6.93
G1 X103.500 Y79.340 Z4.042 E0.34830 F143.6 ; V* 0.15, H* 6.93
G1 X103.500 Y80.340 Z4.042 E0.34830 F143.6 ; V* 0.15, H* 6.93
G1 X103.500 Y81.340 Z4.042 E0.34830 F143.6 ; V* 0.15, H* 6.93
G1 X103.500 Y82.340 Z4.042 E0.34830 F143.6 ; V* 0.15, H* 6.93
G1 X103.500 Y83.340 Z4.042 E0.34830 F143.6 ; V* 0.15, H* 6.93
G1 X103.500 Y84.340 Z4.042 E0.34830 F143.6 ; V* 0.15, H* 6.93
G1 X103.500 Y85.340 Z4.042 E0.34830 F143.6 ; V* 0.15, H* 6.93
G1 X103.500 Y86.340 Z4.042 E0.34830 F143.6 ; V* 0.15, H* 6.93
G0 X103.500 Y87.340 Z7.194 F3000.0 ; Parameter change travel move: V* 0.15->0.40, H* 6.93-> 14.81
G1 X103.500 Y88.340 Z7.194 E0.13061 F382.8 ; V* 0.40, H* 14.81
G1 X103.500 Y89.340 Z7.194 E0.13061 F382.8 ; V* 0.40, H* 14.81
G1 X103.500 Y90.340 Z7.194 E0.13061 F382.8 ; V* 0.40, H* 14.81
G1 X103.500 Y91.340 Z7.194 E0.13061 F382.8 ; V* 0.40, H* 14.81
G1 X103.500 Y92.340 Z7.194 E0.13061 F382.8 ; V* 0.40, H* 14.81
G1 X103.500 Y93.340 Z7.194 E0.13061 F382.8 ; V* 0.40, H* 14.81
G1 X103.500 Y94.340 Z7.194 E0.13061 F382.8 ; V* 0.40, H* 14.81
G1 X103.500 Y95.340 Z7.194 E0.13061 F382.8 ; V* 0.40, H* 14.81
G1 X103.500 Y96.340 Z7.194 E0.13061 F382.8 ; V* 0.40, H* 14.81
G1 X103.500 Y97.340 Z7.194 E0.13061 F382.8 ; V* 0.40, H* 14.81
G1 X103.500 Y98.340 Z7.194 E0.13061 F382.8 ; V* 0.40, H* 14.81
G1 X103.500 Y99.340 Z7.194 E0.13061 F382.8 ; V* 0.40, H* 14.81
G1 X103.500 Y100.340 Z7.194 E0.13061 F382.8 ; V* 0.40, H* 14.81
G1 X103.500 Y101.340 Z7.194 E0.13061 F382.8 ; V* 0.40, H* 14.81
G1 X103.500 Y102.340 Z7.194 E0.13061 F382.8 ; V* 0.40, H* 14.81
G1 X103.500 Y103.340 Z7.194 E0.13061 F382.8 ; V* 0.40, H* 14.81
G1 X103.500 Y104.340 Z7.194 E0.13061 F382.8 ; V* 0.40, H* 14.81
G1 X103.500 Y105.340 Z7.194 E0.13061 F382.8 ; V* 0.40, H* 14.81
G1 X103.500 Y106.340 Z7.194 E0.13061 F382.8 ; V* 0.40, H* 14.81
G1 X103.500 Y107.340 Z7.194 E0.13061 F382.8 ; V* 0.40, H* 14.81
G1 X103.500 Y108.340 Z7.194 E0.13061 F382.8 ; V* 0.40, H* 14.81
G1 X103.500 Y109.340 Z7.194 E0.13061 F382.8 ; V* 0.40, H* 14.81
G1 X103.500 Y110.340 Z7.194 E0.13061 F382.8 ; V* 0.40, H* 14.81
G1 X103.500 Y111.340 Z7.194 E0.13061 F382.8 ; V* 0.40, H* 14.81
G1 X103.500 Y112.340 Z7.194 E0.13061 F382.8 ; V* 0.40, H* 14.81
G1 X103.500 Y113.340 Z7.194 E0.13061 F382.8 ; V* 0.40, H* 14.81
G1 X103.500 Y114.340 Z7.194 E0.13061 F382.8 ; V* 0.40, H* 14.81
G1 X103.500 Y115.340 Z7.194 E0.13061 F382.8 ; V* 0.40, H* 14.81
G1 X103.500 Y116.340 Z7.194 E0.13061 F382.8 ; V* 0.40, H* 14.81
G1 X103.500 Y117.340 Z7.194 E0.13061 F382.8 ; V* 0.40, H* 14.81
G1 X103.500 Y118.340 Z7.194 E0.13061 F382.8 ; V* 0.40, H* 14.81
G1 X103.500 Y119.340 Z7.194 E0.13061 F382.8 ; V* 0.40, H* 14.81
G1 X103.500 Y120.340 Z7.194 E0.13061 F382.8 ; V* 0.40, H* 14.81
G1 X103.500 Y121.340 Z7.194 E0.13061 F382.8 ; V* 0.40, H* 14.81
G1 X103.500 Y122.340 Z7.194 E0.13061 F382.8 ; V* 0.40, H* 14.81
G1 X103.500 Y123.340 Z7.194 E0.13061 F382.8 ; V* 0.40, H* 14.81
G1 X103.500 Y124.340 Z7.194 E0.13061 F382.8 ; V* 0.40, H* 14.81
G1 X103.500 Y125.340 Z7.194 E0.13061 F382.8 ; V* 0.40, H* 14.81
G1 X103.500 Y126.340 Z7.194 E0.13061 F382.8 ; V* 0.40, H* 14.81
G1 X103.500 Y127.340 Z7.194 E0.13061 F382.8 ; V* 0.40, H* 14.81
G1 X103.500 Y128.340 Z7.194 E0.13061 F382.8 ; V* 0.40, H* 14.81
G1 X103.500 Y129.340 Z7.194 E0.13061 F382.8 ; V* 0.40, H* 14.81
G1 X103.500 Y130.340 Z7.194 E0.13061 F382.8 ; V* 0.40, H* 14.81
G1 X103.500 Y131.340 Z7.194 E0.13061 F382.8 ; V* 0.40, H* 14.81
G1 X103.500 Y132.340 Z7.194 E0.13061 F382.8 ; V* 0.40, H* 14.81
G1 X103.500 Y133.340 Z7.194 E0.13061 F382.8 ; V* 0.40, H* 14.81
G1 X103.500 Y134.340 Z7.194 E0.13061 F382.8 ; V* 0.40, H* 14.81
G1 X103.500 Y135.340 Z7.194 E0.13061 F382.8 ; V* 0.40, H* 14.81
G1 X103.500 Y136.340 Z7.194 E0.13061 F382.8 ; V* 0.40, H* 14.81
G1 X103.500 Y137.340 Z7.194 E0.13061 F382.8 ; V* 0.40, H* 14.81
G1 X103.500 Y137.660 Z7.194 E0.04168 F382.8 ; V* 0.40, H* 14.81
G1 X102.500 Y137.660 Z7.194 E0.13061 F382.8 ; V* 0.40, H* 14.81
G1 X102.300 Y137.660 Z7.194 E0.02612 F382.8 ; V* 0.40, H* 14.81
G1 X102.300 Y136.660 Z7.194 E0.13061 F382.8 ; V* 0.40, H* 14.81
G1 X102.300 Y135.660 Z7.194 E0.13061 F382.8 ; V* 0.40, H* 14.81
G1 X102.300 Y134.660 Z7.194 E0.13061 F382.8 ; V* 0.40, H* 14.81
G1 X102.300 Y133.660 Z7.194 E0.13061 F382.8 ; V* 0.40, H* 14.81
G1 X102.300 Y132.660 Z7.194 E0.13061 F382.8 ; V* 0.40, H* 14.81
G1 X102.300 Y131.660 Z7.194 E0.13061 F382.8 ; V* 0.40, H* 14.81
G1 X102.300 Y130.660 Z7.194 E0.13061 F382.8 ; V* 0.40, H* 14.81
G1 X102.300 Y129.660 Z7.194 E0.13061 F382.8 ; V* 0.40, H* 14.81
G1 X102.300 Y128.660 Z7.194 E0.13061 F382.8 ; V* 0.40, H* 14.81
G1 X102.300 Y127.660 Z7.194 E0.13061 F382.8 ; V* 0.40, H* 14.81
G1 X102.300 Y126.660 Z7.194 E0.13061 F382.8 ; V* 0.40, H* 14.81
G1 X102.300 Y125.660 Z7.194 E0.13061 F382.8 ; V* 0.40, H* 14.81
G1 X102.300 Y124.660 Z7.194 E0.13061 F382.8 ; V* 0.40, H* 14.81
G1 X102.300 Y123.660 Z7.194 E0.13061 F382.8 ; V* 0.40, H* 14.81
G1 X102.300 Y122.660 Z7.194 E0.13061 F382.8 ; V* 0.40, H* 14.81
G1 X102.300 Y121.660 Z7.194 E0.13061 F382.8 ; V* 0.40, H* 14.81
G1 X102.300 Y120.660 Z7.194 E0.13061 F382.8 ; V* 0.40, H* 14.81
G1 X102.300 Y119.660 Z7.194 E0.13061 F382.8 ; V* 0.40, H* 14.81
G1 X102.300 Y118.660 Z7.194 E0.13061 F382.8 ; V* 0.40, H* 14.81
G1 X102.300 Y117.660 Z7.194 E0.13061 F382.8 ; V* 0.40, H* 14.81
G1 X102.300 Y116.660 Z7.194 E0.13061 F382.8 ; V* 0.40, H* 14.81
G1 X102.300 Y115.660 Z7.194 E0.13061 F382.8 ; V* 0.40, H* 14.81
G1 X102.300 Y114.660 Z7.194 E0.13061 F382.8 ; V* 0.40, H* 14.81
G1 X102.300 Y113.660 Z7.194 E0.13061 F382.8 ; V* 0.40, H* 14.81
G1 X102.300 Y112.660 Z7.194 E0.13061 F382.8 ; V* 0.40, H* 14.81
G1 X102.300 Y111.660 Z7.194 E0.13061 F382.8 ; V* 0.40, H* 14.81
G1 X102.300 Y110.660 Z7.194 E0.13061 F382.8 ; V* 0.40, H* 14.81
G1 X102.300 Y109.660 Z7.194 E0.13061 F382.8 ; V* 0.40, H* 14.81
G1 X102.300 Y108.660 Z7.194 E0.13061 F382.8 ; V* 0.40, H* 14.81
G1 X102.300 Y107.660 Z7.194 E0.13061 F382.8 ; V* 0.40, H* 14.81
G1 X102.300 Y106.660 Z7.194 E0.13061 F382.8 ; V* 0.40, H* 14.81
G1 X102.300 Y105.660 Z7.194 E0.13061 F382.8 ; V* 0.40, H* 14.81
G1 X102.300 Y104.660 Z7.194 E0.13061 F382.8 ; V* 0.40, H* 14.81
G1 X102.300 Y103.660 Z7.194 E0.13061 F382.8 ; V* 0.40, H* 14.81
G1 X102.300 Y102.660 Z7.194 E0.13061 F382.8 ; V* 0.40, H* 14.81
G1 X102.300 Y101.660 Z7.194 E0.13061 F382.8 ; V* 0.40, H* 14.81
G1 X102.300 Y100.660 Z7.194 E0.13061 F382.8 ; V* 0.40, H* 14.81
G1 X102.300 Y99.660 Z7.194 E0.13061 F382.8 ; V* 0.40, H* 14.81
G1 X102.300 Y98.660 Z7.194 E0.13061 F382.8 ; V* 0.40, H* 14.81
G1 X102.300 Y97.660 Z7.194 E0.13061 F382.8 ; V* 0.40, H* 14.81
G1 X102.300 Y96.660 Z7.194 E0.13061 F382.8 ; V* 0.40, H* 14.81
G1 X102.300 Y95.660 Z7.194 E0.13061 F382.8 ; V* 0.40, H* 14.81
G1 X102.300 Y94.660 Z7.194 E0.13061 F382.8 ; V* 0.40, H* 14.81
G1 X102.300 Y93.660 Z7.194 E0.13061 F382.8 ; V* 0.40, H* 14.81
G1 X102.300 Y92.660 Z7.194 E0.13061 F382.8 ; V* 0.40, H* 14.81
G1 X102.300 Y91.660 Z7.194 E0.13061 F382.8 ; V* 0.40, H* 14.81
G1 X102.300 Y90.660 Z7.194 E0.13061 F382.8 ; V* 0.40, H* 14.81
G1 X102.300 Y89.660 Z7.194 E0.13061 F382.8 ; V* 0.40, H* 14.81
G1 X102.300 Y88.660 Z7.194 E0.13061 F382.8 ; V* 0.40, H* 14.81
G1 X102.300 Y87.660 Z7.194 E0.13061 F382.8 ; V* 0.40, H* 14.81
G1 X102.300 Y86.660 Z7.194 E0.13061 F382.8 ; V* 0.40, H* 14.81
G1 X102.300 Y85.660 Z7.194 E0.13061 F382.8 ; V* 0.40, H* 14.81
G0 X102.300 Y84.660 Z4.042 F3000.0 ; Parameter change travel move: V* 0.40->0.15, H* 14.81-> 6.93
G1 X102.300 Y83.660 Z4.042 E0.34830 F143.6 ; V* 0.15, H* 6.93
G1 X102.300 Y82.660 Z4.042 E0.34830 F143.6 ; V* 0.15, H* 6.93
G1 X102.300 Y81.660 Z4.042 E0.34830 F143.6 ; V* 0.15, H* 6.93
G1 X102.300 Y80.660 Z4.042 E0.34830 F143.6 ; V* 0.15, H* 6.93
G1 X102.300 Y79.660 Z4.042 E0.34830 F143.6 ; V* 0.15, H* 6.93
G1 X102.300 Y78.660 Z4.042 E0.34830 F143.6 ; V* 0.15, H* 6.93
G1 X102.300 Y77.660 Z4.042 E0.34830 F143.6 ; V* 0.15, H* 6.93
G1 X102.300 Y76.660 Z4.042 E0.34830 F143.6 ; V* 0.15, H* 6.93
G1 X102.300 Y75.660 Z4.042 E0.34830 F143.6 ; V* 0.15, H* 6.93
G1 X102.300 Y74.660 Z4.042 E0.34830 F143.6 ; V* 0.15, H* 6.93
G0 X102.300 Y73.660 Z7.194 F3000.0 ; Parameter change travel move: V* 0.15->0.40, H* 6.93-> 14.81
G1 X102.300 Y72.660 Z7.194 E0.13061 F382.8 ; V* 0.40, H* 14.81
G1 X102.300 Y72.340 Z7.194 E0.04168 F382.8 ; V* 0.40, H* 14.81
G1 X101.300 Y72.340 Z7.194 E0.13061 F382.8 ; V* 0.40, H* 14.81
G1 X101.100 Y72.340 Z7.194 E0.02612 F382.8 ; V* 0.40, H* 14.81
G1 X101.100 Y73.340 Z7.194 E0.13061 F382.8 ; V* 0.40, H* 14.81
G1 X101.100 Y74.340 Z7.194 E0.13061 F382.8 ; V* 0.40, H* 14.81
G0 X101.100 Y75.340 Z4.042 F3000.0 ; Parameter change travel move: V* 0.40->0.15, H* 14.81-> 6.93
G1 X101.100 Y76.340 Z4.042 E0.34830 F143.6 ; V* 0.15, H* 6.93
G1 X101.100 Y77.340 Z4.042 E0.34830 F143.6 ; V* 0.15, H* 6.93
G1 X101.100 Y78.340 Z4.042 E0.34830 F143.6 ; V* 0.15, H* 6.93
G1 X101.100 Y79.340 Z4.042 E0.34830 F143.6 ; V* 0.15, H* 6.93
G1 X101.100 Y80.340 Z4.042 E0.34830 F143.6 ; V* 0.15, H* 6.93
G1 X101.100 Y81.340 Z4.042 E0.34830 F143.6 ; V* 0.15, H* 6.93
G1 X101.100 Y82.340 Z4.042 E0.34830 F143.6 ; V* 0.15, H* 6.93
G1 X101.100 Y83.340 Z4.042 E0.34830 F143.6 ; V* 0.15, H* 6.93
G0 X101.100 Y84.340 Z7.194 F3000.0 ; Parameter change travel move: V* 0.15->0.40, H* 6.93-> 14.81
G1 X101.100 Y85.340 Z7.194 E0.13061 F382.8 ; V* 0.40, H* 14.81
G1 X101.100 Y86.340 Z7.194 E0.13061 F382.8 ; V* 0.40, H* 14.81
G1 X101.100 Y87.340 Z7.194 E0.13061 F382.8 ; V* 0.40, H* 14.81
G1 X101.100 Y88.340 Z7.194 E0.13061 F382.8 ; V* 0.40, H* 14.81
G1 X101.100 Y89.340 Z7.194 E0.13061 F382.8 ; V* 0.40, H* 14.81
G1 X101.100 Y90.340 Z7.194 E0.13061 F382.8 ; V* 0.40, H* 14.81
G1 X101.100 Y91.340 Z7.194 E0.13061 F382.8 ; V* 0.40, H* 14.81
G1 X101.100 Y92.340 Z7.194 E0.13061 F382.8 ; V* 0.40, H* 14.81
G1 X101.100 Y93.340 Z7.194 E0.13061 F382.8 ; V* 0.40, H* 14.81
G1 X101.100 Y94.340 Z7.194 E0.13061 F382.8 ; V* 0.40, H* 14.81
G1 X101.100 Y95.340 Z7.194 E0.13061 F382.8 ; V* 0.40, H* 14.81
G1 X101.100 Y96.340 Z7.194 E0.13061 F382.8 ; V* 0.40, H* 14.81
G1 X101.100 Y97.340 Z7.194 E0.13061 F382.8 ; V* 0.40, H* 14.81
G1 X101.100 Y98.340 Z7.194 E0.13061 F382.8 ; V* 0.40, H* 14.81
G1 X101.100 Y99.340 Z7.194 E0.13061 F382.8 ; V* 0.40, H* 14.81
G1 X101.100 Y100.340 Z7.194 E0.13061 F382.8 ; V* 0.40, H* 14.81
G1 X101.100 Y101.340 Z7.194 E0.13061 F382.8 ; V* 0.40, H* 14.81
G1 X101.100 Y102.340 Z7.194 E0.13061 F382.8 ; V* 0.40, H* 14.81
G1 X101.100 Y103.340 Z7.194 E0.13061 F382.8 ; V* 0.40, H* 14.81
G1 X101.100 Y104.340 Z7.194 E0.13061 F382.8 ; V* 0.40, H* 14.81
G1 X101.100 Y105.340 Z7.194 E0.13061 F382.8 ; V* 0.40, H* 14.81
G1 X101.100 Y106.340 Z7.194 E0.13061 F382.8 ; V* 0.40, H* 14.81
G1 X101.100 Y107.340 Z7.194 E0.13061 F382.8 ; V* 0.40, H* 14.81
G1 X101.100 Y108.340 Z7.194 E0.13061 F382.8 ; V* 0.40, H* 14.81
G1 X101.100 Y109.340 Z7.194 E0.13061 F382.8 ; V* 0.40, H* 14.81
G1 X101.100 Y110.340 Z7.194 E0.13061 F382.8 ; V* 0.40, H* 14.81
G1 X101.100 Y111.340 Z7.194 E0.13061 F382.8 ; V* 0.40, H* 14.81
G1 X101.100 Y112.340 Z7.194 E0.13061 F382.8 ; V* 0.40, H* 14.81
G1 X101.100 Y113.340 Z7.194 E0.13061 F382.8 ; V* 0.40, H* 14.81
G1 X101.100 Y114.340 Z7.194 E0.13061 F382.8 ; V* 0.40, H* 14.81
G1 X101.100 Y115.340 Z7.194 E0.13061 F382.8 ; V* 0.40, H* 14.81
G1 X101.100 Y116.340 Z7.194 E0.13061 F382.8 ; V* 0.40, H* 14.81
G1 X101.100 Y117.340 Z7.194 E0.13061 F382.8 ; V* 0.40, H* 14.81
G1 X101.100 Y118.340 Z7.194 E0.13061 F382.8 ; V* 0.40, H* 14.81
G1 X101.100 Y119.340 Z7.194 E0.13061 F382.8 ; V* 0.40, H* 14.81
G1 X101.100 Y120.340 Z7.194 E0.13061 F382.8 ; V* 0.40, H* 14.81
G1 X101.100 Y121.340 Z7.194 E0.13061 F382.8 ; V* 0.40, H* 14.81
G1 X101.100 Y122.340 Z7.194 E0.13061 F382.8 ; V* 0.40, H* 14.81
G1 X101.100 Y123.340 Z7.194 E0.13061 F382.8 ; V* 0.40, H* 14.81
G1 X101.100 Y124.340 Z7.194 E0.13061 F382.8 ; V* 0.40, H* 14.81
G1 X101.100 Y125.340 Z7.194 E0.13061 F382.8 ; V* 0.40, H* 14.81
G1 X101.100 Y126.340 Z7.194 E0.13061 F382.8 ; V* 0.40, H* 14.81
G1 X101.100 Y127.340 Z7.194 E0.13061 F382.8 ; V* 0.40, H* 14.81
G1 X101.100 Y128.340 Z7.194 E0.13061 F382.8 ; V* 0.40, H* 14.81
G1 X101.100 Y129.340 Z7.194 E0.13061 F382.8 ; V* 0.40, H* 14.81
G1 X101.100 Y130.340 Z7.194 E0.13061 F382.8 ; V* 0.40, H* 14.81
G1 X101.100 Y131.340 Z7.194 E0.13061 F382.8 ; V* 0.40, H* 14.81
G1 X101.100 Y132.340 Z7.194 E0.13061 F382.8 ; V* 0.40, H* 14.81
G1 X101.100 Y133.340 Z7.194 E0.13061 F382.8 ; V* 0.40, H* 14.81
G1 X101.100 Y134.340 Z7.194 E0.13061 F382.8 ; V* 0.40, H* 14.81
G1 X101.100 Y135.340 Z7.194 E0.13061 F382.8 ; V* 0.40, H* 14.81
G1 X101.100 Y136.340 Z7.194 E0.13061 F382.8 ; V* 0.40, H* 14.81
G1 X101.100 Y137.340 Z7.194 E0.13061 F382.8 ; V* 0.40, H* 14.81
G1 X101.100 Y137.660 Z7.194 E0.04168 F382.8 ; V* 0.40, H* 14.81
G1 X100.100 Y137.660 Z7.194 E0.13061 F382.8 ; V* 0.40, H* 14.81
G1 X99.900 Y137.660 Z7.194 E0.02612 F382.8 ; V* 0.40, H* 14.81
G1 X99.900 Y136.660 Z7.194 E0.13061 F382.8 ; V* 0.40, H* 14.81
G1 X99.900 Y135.660 Z7.194 E0.13061 F382.8 ; V* 0.40, H* 14.81
G1 X99.900 Y134.660 Z7.194 E0.13061 F382.8 ; V* 0.40, H* 14.81
G1 X99.900 Y133.660 Z7.194 E0.13061 F382.8 ; V* 0.40, H* 14.81
G1 X99.900 Y132.660 Z7.194 E0.13061 F382.8 ; V* 0.40, H* 14.81
G1 X99.900 Y131.660 Z7.194 E0.13061 F382.8 ; V* 0.40, H* 14.81
G1 X99.900 Y130.660 Z7.194 E0.13061 F382.8 ; V* 0.40, H* 14.81
G1 X99.900 Y129.660 Z7.194 E0.13061 F382.8 ; V* 0.40, H* 14.81
G1 X99.900 Y128.660 Z7.194 E0.13061 F382.8 ; V* 0.40, H* 14.81
G1 X99.900 Y127.660 Z7.194 E0.13061 F382.8 ; V* 0.40, H* 14.81
G1 X99.900 Y126.660 Z7.194 E0.13061 F382.8 ; V* 0.40, H* 14.81
G1 X99.900 Y125.660 Z7.194 E0.13061 F382.8 ; V* 0.40, H* 14.81
G1 X99.900 Y124.660 Z7.194 E0.13061 F382.8 ; V* 0.40, H* 14.81
G1 X99.900 Y123.660 Z7.194 E0.13061 F382.8 ; V* 0.40, H* 14.81
G1 X99.900 Y122.660 Z7.194 E0.13061 F382.8 ; V* 0.40, H* 14.81
G1 X99.900 Y121.660 Z7.194 E0.13061 F382.8 ; V* 0.40, H* 14.81
G1 X99.900 Y120.660 Z7.194 E0.13061 F382.8 ; V* 0.40, H* 14.81
G1 X99.900 Y119.660 Z7.194 E0.13061 F382.8 ; V* 0.40, H* 14.81
G1 X99.900 Y118.660 Z7.194 E0.13061 F382.8 ; V* 0.40, H* 14.81
G1 X99.900 Y117.660 Z7.194 E0.13061 F382.8 ; V* 0.40, H* 14.81
G1 X99.900 Y116.660 Z7.194 E0.13061 F382.8 ; V* 0.40, H* 14.81
G1 X99.900 Y115.660 Z7.194 E0.13061 F382.8 ; V* 0.40, H* 14.81
G1 X99.900 Y114.660 Z7.194 E0.13061 F382.8 ; V* 0.40, H* 14.81
G1 X99.900 Y113.660 Z7.194 E0.13061 F382.8 ; V* 0.40, H* 14.81
G1 X99.900 Y112.660 Z7.194 E0.13061 F382.8 ; V* 0.40, H* 14.81
G1 X99.900 Y111.660 Z7.194 E0.13061 F382.8 ; V* 0.40, H* 14.81
G1 X99.900 Y110.660 Z7.194 E0.13061 F382.8 ; V* 0.40, H* 14.81
G1 X99.900 Y109.660 Z7.194 E0.13061 F382.8 ; V* 0.40, H* 14.81
G1 X99.900 Y108.660 Z7.194 E0.13061 F382.8 ; V* 0.40, H* 14.81
G1 X99.900 Y107.660 Z7.194 E0.13061 F382.8 ; V* 0.40, H* 14.81
G1 X99.900 Y106.660 Z7.194 E0.13061 F382.8 ; V* 0.40, H* 14.81
G1 X99.900 Y105.660 Z7.194 E0.13061 F382.8 ; V* 0.40, H* 14.81
G1 X99.900 Y104.660 Z7.194 E0.13061 F382.8 ; V* 0.40, H* 14.81
G1 X99.900 Y103.660 Z7.194 E0.13061 F382.8 ; V* 0.40, H* 14.81
G1 X99.900 Y102.660 Z7.194 E0.13061 F382.8 ; V* 0.40, H* 14.81
G1 X99.900 Y101.660 Z7.194 E0.13061 F382.8 ; V* 0.40, H* 14.81
G1 X99.900 Y100.660 Z7.194 E0.13061 F382.8 ; V* 0.40, H* 14.81
G1 X99.900 Y99.660 Z7.194 E0.13061 F382.8 ; V* 0.40, H* 14.81
G1 X99.900 Y98.660 Z7.194 E0.13061 F382.8 ; V* 0.40, H* 14.81
G1 X99.900 Y97.660 Z7.194 E0.13061 F382.8 ; V* 0.40, H* 14.81
G1 X99.900 Y96.660 Z7.194 E0.13061 F382.8 ; V* 0.40, H* 14.81
G1 X99.900 Y95.660 Z7.194 E0.13061 F382.8 ; V* 0.40, H* 14.81
G1 X99.900 Y94.660 Z7.194 E0.13061 F382.8 ; V* 0.40, H* 14.81
G1 X99.900 Y93.660 Z7.194 E0.13061 F382.8 ; V* 0.40, H* 14.81
G1 X99.900 Y92.660 Z7.194 E0.13061 F382.8 ; V* 0.40, H* 14.81
G1 X99.900 Y91.660 Z7.194 E0.13061 F382.8 ; V* 0.40, H* 14.81
G1 X99.900 Y90.660 Z7.194 E0.13061 F382.8 ; V* 0.40, H* 14.81
G1 X99.900 Y89.660 Z7.194 E0.13061 F382.8 ; V* 0.40, H* 14.81
G1 X99.900 Y88.660 Z7.194 E0.13061 F382.8 ; V* 0.40, H* 14.81
G1 X99.900 Y87.660 Z7.194 E0.13061 F382.8 ; V* 0.40, H* 14.81
G1 X99.900 Y86.660 Z7.194 E0.13061 F382.8 ; V* 0.40, H* 14.81
G1 X99.900 Y85.660 Z7.194 E0.13061 F382.8 ; V* 0.40, H* 14.81
G1 X99.900 Y84.660 Z7.194 E0.13061 F382.8 ; V* 0.40, H* 14.81
G1 X99.900 Y83.660 Z7.194 E0.13061 F382.8 ; V* 0.40, H* 14.81
G1 X99.900 Y82.660 Z7.194 E0.13061 F382.8 ; V* 0.40, H* 14.81
G0 X99.900 Y81.660 Z4.042 F3000.0 ; Parameter change travel move: V* 0.40->0.15, H* 14.81-> 6.93
G1 X99.900 Y80.660 Z4.042 E0.34830 F143.6 ; V* 0.15, H* 6.93
G1 X99.900 Y79.660 Z4.042 E0.34830 F143.6 ; V* 0.15, H* 6.93
G1 X99.900 Y78.660 Z4.042 E0.34830 F143.6 ; V* 0.15, H* 6.93
G1 X99.900 Y77.660 Z4.042 E0.34830 F143.6 ; V* 0.15, H* 6.93
G1 X99.900 Y76.660 Z4.042 E0.34830 F143.6 ; V* 0.15, H* 6.93
G1 X99.900 Y75.660 Z4.042 E0.34830 F143.6 ; V* 0.15, H* 6.93
G0 X99.900 Y74.660 Z7.194 F3000.0 ; Parameter change travel move: V* 0.15->0.40, H* 6.93-> 14.81
G1 X99.900 Y73.660 Z7.194 E0.13061 F382.8 ; V* 0.40, H* 14.81
G1 X99.900 Y72.660 Z7.194 E0.13061 F382.8 ; V* 0.40, H* 14.81
G1 X99.900 Y72.340 Z7.194 E0.04168 F382.8 ; V* 0.40, H* 14.81
G1 X98.900 Y72.340 Z7.194 E0.13061 F382.8 ; V* 0.40, H* 14.81
G1 X98.700 Y72.340 Z7.194 E0.02612 F382.8 ; V* 0.40, H* 14.81
G1 X98.700 Y73.340 Z7.194 E0.13061 F382.8 ; V* 0.40, H* 14.81
G1 X98.700 Y74.340 Z7.194 E0.13061 F382.8 ; V* 0.40, H* 14.81
G1 X98.700 Y75.340 Z7.194 E0.13061 F382.8 ; V* 0.40, H* 14.81
G0 X98.700 Y76.340 Z4.042 F3000.0 ; Parameter change travel move: V* 0.40->0.15, H* 14.81-> 6.93
G1 X98.700 Y77.340 Z4.042 E0.34830 F143.6 ; V* 0.15, H* 6.93
G1 X98.700 Y78.340 Z4.042 E0.34830 F143.6 ; V* 0.15, H* 6.93
G1 X98.700 Y79.340 Z4.042 E0.34830 F143.6 ; V* 0.15, H* 6.93
G1 X98.700 Y80.340 Z4.042 E0.34830 F143.6 ; V* 0.15, H* 6.93
G0 X98.700 Y81.340 Z7.194 F3000.0 ; Parameter change travel move: V* 0.15->0.40, H* 6.93-> 14.81
G1 X98.700 Y82.340 Z7.194 E0.13061 F382.8 ; V* 0.40, H* 14.81
G1 X98.700 Y83.340 Z7.194 E0.13061 F382.8 ; V* 0.40, H* 14.81
G1 X98.700 Y84.340 Z7.194 E0.13061 F382.8 ; V* 0.40, H* 14.81
G1 X98.700 Y85.340 Z7.194 E0.13061 F382.8 ; V* 0.40, H* 14.81
G1 X98.700 Y86.340 Z7.194 E0.13061 F382.8 ; V* 0.40, H* 14.81
G1 X98.700 Y87.340 Z7.194 E0.13061 F382.8 ; V* 0.40, H* 14.81
G1 X98.700 Y88.340 Z7.194 E0.13061 F382.8 ; V* 0.40, H* 14.81
G1 X98.700 Y89.340 Z7.194 E0.13061 F382.8 ; V* 0.40, H* 14.81
G1 X98.700 Y90.340 Z7.194 E0.13061 F382.8 ; V* 0.40, H* 14.81
G1 X98.700 Y91.340 Z7.194 E0.13061 F382.8 ; V* 0.40, H* 14.81
G1 X98.700 Y92.340 Z7.194 E0.13061 F382.8 ; V* 0.40, H* 14.81
G1 X98.700 Y93.340 Z7.194 E0.13061 F382.8 ; V* 0.40, H* 14.81
G1 X98.700 Y94.340 Z7.194 E0.13061 F382.8 ; V* 0.40, H* 14.81
G1 X98.700 Y95.340 Z7.194 E0.13061 F382.8 ; V* 0.40, H* 14.81
G1 X98.700 Y96.340 Z7.194 E0.13061 F382.8 ; V* 0.40, H* 14.81
G1 X98.700 Y97.340 Z7.194 E0.13061 F382.8 ; V* 0.40, H* 14.81
G1 X98.700 Y98.340 Z7.194 E0.13061 F382.8 ; V* 0.40, H* 14.81
G1 X98.700 Y99.340 Z7.194 E0.13061 F382.8 ; V* 0.40, H* 14.81
G1 X98.700 Y100.340 Z7.194 E0.13061 F382.8 ; V* 0.40, H* 14.81
G1 X98.700 Y101.340 Z7.194 E0.13061 F382.8 ; V* 0.40, H* 14.81
G1 X98.700 Y102.340 Z7.194 E0.13061 F382.8 ; V* 0.40, H* 14.81
G1 X98.700 Y103.340 Z7.194 E0.13061 F382.8 ; V* 0.40, H* 14.81
G1 X98.700 Y104.340 Z7.194 E0.13061 F382.8 ; V* 0.40, H* 14.81
G1 X98.700 Y105.340 Z7.194 E0.13061 F382.8 ; V* 0.40, H* 14.81
G1 X98.700 Y106.340 Z7.194 E0.13061 F382.8 ; V* 0.40, H* 14.81
G1 X98.700 Y107.340 Z7.194 E0.13061 F382.8 ; V* 0.40, H* 14.81
G1 X98.700 Y108.340 Z7.194 E0.13061 F382.8 ; V* 0.40, H* 14.81
G1 X98.700 Y109.340 Z7.194 E0.13061 F382.8 ; V* 0.40, H* 14.81
G1 X98.700 Y110.340 Z7.194 E0.13061 F382.8 ; V* 0.40, H* 14.81
G1 X98.700 Y111.340 Z7.194 E0.13061 F382.8 ; V* 0.40, H* 14.81
G1 X98.700 Y112.340 Z7.194 E0.13061 F382.8 ; V* 0.40, H* 14.81
G1 X98.700 Y113.340 Z7.194 E0.13061 F382.8 ; V* 0.40, H* 14.81
G1 X98.700 Y114.340 Z7.194 E0.13061 F382.8 ; V* 0.40, H* 14.81
G1 X98.700 Y115.340 Z7.194 E0.13061 F382.8 ; V* 0.40, H* 14.81
G1 X98.700 Y116.340 Z7.194 E0.13061 F382.8 ; V* 0.40, H* 14.81
G1 X98.700 Y117.340 Z7.194 E0.13061 F382.8 ; V* 0.40, H* 14.81
G1 X98.700 Y118.340 Z7.194 E0.13061 F382.8 ; V* 0.40, H* 14.81
G1 X98.700 Y119.340 Z7.194 E0.13061 F382.8 ; V* 0.40, H* 14.81
G1 X98.700 Y120.340 Z7.194 E0.13061 F382.8 ; V* 0.40, H* 14.81
G1 X98.700 Y121.340 Z7.194 E0.13061 F382.8 ; V* 0.40, H* 14.81
G1 X98.700 Y122.340 Z7.194 E0.13061 F382.8 ; V* 0.40, H* 14.81
G1 X98.700 Y123.340 Z7.194 E0.13061 F382.8 ; V* 0.40, H* 14.81
G1 X98.700 Y124.340 Z7.194 E0.13061 F382.8 ; V* 0.40, H* 14.81
G1 X98.700 Y125.340 Z7.194 E0.13061 F382.8 ; V* 0.40, H* 14.81
G1 X98.700 Y126.340 Z7.194 E0.13061 F382.8 ; V* 0.40, H* 14.81
G1 X98.700 Y127.340 Z7.194 E0.13061 F382.8 ; V* 0.40, H* 14.81
G1 X98.700 Y128.340 Z7.194 E0.13061 F382.8 ; V* 0.40, H* 14.81
G1 X98.700 Y129.340 Z7.194 E0.13061 F382.8 ; V* 0.40, H* 14.81
G1 X98.700 Y130.340 Z7.194 E0.13061 F382.8 ; V* 0.40, H* 14.81
G1 X98.700 Y131.340 Z7.194 E0.13061 F382.8 ; V* 0.40, H* 14.81
G1 X98.700 Y132.340 Z7.194 E0.13061 F382.8 ; V* 0.40, H* 14.81
G1 X98.700 Y133.340 Z7.194 E0.13061 F382.8 ; V* 0.40, H* 14.81
G1 X98.700 Y134.340 Z7.194 E0.13061 F382.8 ; V* 0.40, H* 14.81
G1 X98.700 Y135.340 Z7.194 E0.13061 F382.8 ; V* 0.40, H* 14.81
G1 X98.700 Y136.340 Z7.194 E0.13061 F382.8 ; V* 0.40, H* 14.81
G1 X98.700 Y137.340 Z7.194 E0.13061 F382.8 ; V* 0.40, H* 14.81
G1 X98.700 Y137.660 Z7.194 E0.04168 F382.8 ; V* 0.40, H* 14.81
G1 X97.700 Y137.660 Z7.194 E0.13061 F382.8 ; V* 0.40, H* 14.81
G1 X97.500 Y137.660 Z7.194 E0.02612 F382.8 ; V* 0.40, H* 14.81
G1 X97.500 Y136.660 Z7.194 E0.13061 F382.8 ; V* 0.40, H* 14.81
G1 X97.500 Y135.660 Z7.194 E0.13061 F382.8 ; V* 0.40, H* 14.81
G1 X97.500 Y134.660 Z7.194 E0.13061 F382.8 ; V* 0.40, H* 14.81
G1 X97.500 Y133.660 Z7.194 E0.13061 F382.8 ; V* 0.40, H* 14.81
G1 X97.500 Y132.660 Z7.194 E0.13061 F382.8 ; V* 0.40, H* 14.81
G1 X97.500 Y131.660 Z7.194 E0.13061 F382.8 ; V* 0.40, H* 14.81
G1 X97.500 Y130.660 Z7.194 E0.13061 F382.8 ; V* 0.40, H* 14.81
G1 X97.500 Y129.660 Z7.194 E0.13061 F382.8 ; V* 0.40, H* 14.81
G1 X97.500 Y128.660 Z7.194 E0.13061 F382.8 ; V* 0.40, H* 14.81
G1 X97.500 Y127.660 Z7.194 E0.13061 F382.8 ; V* 0.40, H* 14.81
G1 X97.500 Y126.660 Z7.194 E0.13061 F382.8 ; V* 0.40, H* 14.81
G1 X97.500 Y125.660 Z7.194 E0.13061 F382.8 ; V* 0.40, H* 14.81
G1 X97.500 Y124.660 Z7.194 E0.13061 F382.8 ; V* 0.40, H* 14.81
G1 X97.500 Y123.660 Z7.194 E0.13061 F382.8 ; V* 0.40, H* 14.81
G1 X97.500 Y122.660 Z7.194 E0.13061 F382.8 ; V* 0.40, H* 14.81
G1 X97.500 Y121.660 Z7.194 E0.13061 F382.8 ; V* 0.40, H* 14.81
G1 X97.500 Y120.660 Z7.194 E0.13061 F382.8 ; V* 0.40, H* 14.81
G1 X97.500 Y119.660 Z7.194 E0.13061 F382.8 ; V* 0.40, H* 14.81
G1 X97.500 Y118.660 Z7.194 E0.13061 F382.8 ; V* 0.40, H* 14.81
G1 X97.500 Y117.660 Z7.194 E0.13061 F382.8 ; V* 0.40, H* 14.81
G1 X97.500 Y116.660 Z7.194 E0.13061 F382.8 ; V* 0.40, H* 14.81
G1 X97.500 Y115.660 Z7.194 E0.13061 F382.8 ; V* 0.40, H* 14.81
G1 X97.500 Y114.660 Z7.194 E0.13061 F382.8 ; V* 0.40, H* 14.81
G1 X97.500 Y113.660 Z7.194 E0.13061 F382.8 ; V* 0.40, H* 14.81
G1 X97.500 Y112.660 Z7.194 E0.13061 F382.8 ; V* 0.40, H* 14.81
G1 X97.500 Y111.660 Z7.194 E0.13061 F382.8 ; V* 0.40, H* 14.81
G1 X97.500 Y110.660 Z7.194 E0.13061 F382.8 ; V* 0.40, H* 14.81
G1 X97.500 Y109.660 Z7.194 E0.13061 F382.8 ; V* 0.40, H* 14.81
G1 X97.500 Y108.660 Z7.194 E0.13061 F382.8 ; V* 0.40, H* 14.81
G1 X97.500 Y107.660 Z7.194 E0.13061 F382.8 ; V* 0.40, H* 14.81
G1 X97.500 Y106.660 Z7.194 E0.13061 F382.8 ; V* 0.40, H* 14.81
G1 X97.500 Y105.660 Z7.194 E0.13061 F382.8 ; V* 0.40, H* 14.81
G1 X97.500 Y104.660 Z7.194 E0.13061 F382.8 ; V* 0.40, H* 14.81
G1 X97.500 Y103.660 Z7.194 E0.13061 F382.8 ; V* 0.40, H* 14.81
G1 X97.500 Y102.660 Z7.194 E0.13061 F382.8 ; V* 0.40, H* 14.81
G1 X97.500 Y101.660 Z7.194 E0.13061 F382.8 ; V* 0.40, H* 14.81
G1 X97.500 Y100.660 Z7.194 E0.13061 F382.8 ; V* 0.40, H* 14.81
G1 X97.500 Y99.660 Z7.194 E0.13061 F382.8 ; V* 0.40, H* 14.81
G1 X97.500 Y98.660 Z7.194 E0.13061 F382.8 ; V* 0.40, H* 14.81
G1 X97.500 Y97.660 Z7.194 E0.13061 F382.8 ; V* 0.40, H* 14.81
G1 X97.500 Y96.660 Z7.194 E0.13061 F382.8 ; V* 0.40, H* 14.81
G1 X97.500 Y95.660 Z7.194 E0.13061 F382.8 ; V* 0.40, H* 14.81
G1 X97.500 Y94.660 Z7.194 E0.13061 F382.8 ; V* 0.40, H* 14.81
G1 X97.500 Y93.660 Z7.194 E0.13061 F382.8 ; V* 0.40, H* 14.81
G1 X97.500 Y92.660 Z7.194 E0.13061 F382.8 ; V* 0.40, H* 14.81
G1 X97.500 Y91.660 Z7.194 E0.13061 F382.8 ; V* 0.40, H* 14.81
G1 X97.500 Y90.660 Z7.194 E0.13061 F382.8 ; V* 0.40, H* 14.81
G1 X97.500 Y89.660 Z7.194 E0.13061 F382.8 ; V* 0.40, H* 14.81
G1 X97.500 Y88.660 Z7.194 E0.13061 F382.8 ; V* 0.40, H* 14.81
G1 X97.500 Y87.660 Z7.194 E0.13061 F382.8 ; V* 0.40, H* 14.81
G1 X97.500 Y86.660 Z7.194 E0.13061 F382.8 ; V* 0.40, H* 14.81
G1 X97.500 Y85.660 Z7.194 E0.13061 F382.8 ; V* 0.40, H* 14.81
G1 X97.500 Y84.660 Z7.194 E0.13061 F382.8 ; V* 0.40, H* 14.81
G1 X97.500 Y83.660 Z7.194 E0.13061 F382.8 ; V* 0.40, H* 14.81
G1 X97.500 Y82.660 Z7.194 E0.13061 F382.8 ; V* 0.40, H* 14.81
G1 X97.500 Y81.660 Z7.194 E0.13061 F382.8 ; V* 0.40, H* 14.81
G1 X97.500 Y80.660 Z7.194 E0.13061 F382.8 ; V* 0.40, H* 14.81
G1 X97.500 Y79.660 Z7.194 E0.13061 F382.8 ; V* 0.40, H* 14.81
G1 X97.500 Y78.660 Z7.194 E0.13061 F382.8 ; V* 0.40, H* 14.81
G1 X97.500 Y77.660 Z7.194 E0.13061 F382.8 ; V* 0.40, H* 14.81
G1 X97.500 Y76.660 Z7.194 E0.13061 F382.8 ; V* 0.40, H* 14.81
G1 X97.500 Y75.660 Z7.194 E0.13061 F382.8 ; V* 0.40, H* 14.81
G1 X97.500 Y74.660 Z7.194 E0.13061 F382.8 ; V* 0.40, H* 14.81
G1 X97.500 Y73.660 Z7.194 E0.13061 F382.8 ; V* 0.40, H* 14.81
G1 X97.500 Y72.660 Z7.194 E0.13061 F382.8 ; V* 0.40, H* 14.81
G1 X97.500 Y72.340 Z7.194 E0.04168 F382.8 ; V* 0.40, H* 14.81
G0 Z7.540 F300.0 ; Final Z hop
; --- End Gcode Starts ---
; ###SIMULATION END###